S02B000073696C6162735F6566723332626732325F626C655F736F635F6C6364313630325F6932635F636F6E9B
S214012000C00A00205D330100F9B30200F9B30200F3
S214012010FFC30200F9B30200F9B30200F9B30200EC
S214012020F9B30200F9B30200F9B30200F9B30200F2
S214012030F9B3020018420300E9B10200F9B3020045
S214012040F9B30200F9B30200F9B30200F9B30200D2
S214012050F9B30200F9B30200F9B30200F9B30200C2
S214012060F9B30200F9B30200F9B30200F9B30200B2
S2140120704D7E0100F9B30200F9B30200AD2D010057
S214012080A7B20200F9B30200F9B30200F9B30200E5
S214012090F9B30200813B0100F9B30200F9B3020073
S2140120A0F9B30200793D0100553D0100F9B3020084
S2140120B0F9B30200F98C0200F9B30200419702005D
S2140120C00D2E0300092E0300318F0200192E030086
S2140120D0112E030019970200152E030081970200A6
S2140120E00D710200D1720200F1970200F9B30200ED
S2140120F0F9B30200F9B30200F9B30200F9B3020022
S214012100F9B30200F9B30200F9B30200F9B3020011
S214012110F9B30200F9B30200F9B30200F9B3020001
S214012120F9B30200F9B30200F9B30200F9B30200F1
S214012130F9B30200F9B30200F9B30200F9B30200E1
S214012140002370B5404C05468AB0E36318B1008899
S21401215023600AF0A5FD3D4820F0B7F93C4E3D4B03
S214012160304633603C4B73601DF004FB0021304663
S21401217010F050FF32A3D3E90023A062C4E906237E
S2140121801DF003FBD4E9062319431043C4E90601F5
S214012190CDE900014FF0FF334FF0FF32A06A20F087
S2140121A00FFA02224FF0FF31A06A20F00EFA01204A
S2140121B00AF0F0FA4FF4007300222849A06A20F0D2
S2140121C057FAB0F5007F38D100239422CDE90733C2
S2140121D009933C23CDE9033205939623A06A03A90C
S2140121E0069311F035F835B3287C0AF0D9FE05467A
S2140121F0F0B9A06A20F01DFB0AF080FE0AF0ACFAE6
S21401220020B14FF48070002108F01EFB0AF0B4FAEA
S21401221020B14FF40060002108F016FB1DF07FFB93
S214012220012010F04BFF0E4A0E49A06A1DF0A0FADD
S21401223028460AB070BDFF20D7E70725F8E700BF9C
S2140122400DD5015520000000680F0020690345ECFC
S214012250A022002019C60100B0220020A0200020E4
S21401226019F7020059F702000348044B834202D0D3
S214012270034B03B118477047F40E0020F40E0020FC
S21401228000000000064B0749C91A891048BF0131F2
S214012290491003D0044B0BB101481847704700BFE3
S2140122A0F40E0020F40E00200000000010B5064CCD
S2140122B0237843B9FFF7D8FF044B13B10448AFF3B3
S2140122C000800123237010BD242A00200000000096
S2140122D0E08A030008B5054B1BB105490548AFF375
S2140122E00080BDE80840FFF7CDBF00BF000000003A
S2140122F0C8110020E08A0300A3F5803A704700BFAA
S214012300174B002B08BF134B9D46FFF7F5FF002127
S2140123108B460F461348144A121A20F03FFE0E4B06
S214012320002B00D098470D4B002B00D0984700207B
S214012330002104000D000D48002802D00C48AFF320
S214012340008017F07BFC2000290018F041FF17F0F1
S21401235063FC00BF00000800000000000000000051
S214012360C00A0020F40E0020342B002000000000DC
S21401237000000000154B37B5186819F05DF808B174
S214012380012820D18DF80700012200211D200DF122
S21401239007030DF095F8044690B9032000F036FEC9
S2140123A070B10B4D0B49286819F071FE18F0C6FF85
S2140123B018F0C5FF9DF807200749286819F067FE41
S2140123C0204603B030BD0124FAE700BFCC0A002046
S2140123D098120020003D0300053D030030B585B08E
S2140123E00DF10B05012200211D20009503AB0DF018
S2140123F035F8044668B92A4601211D200DF08EF8ED
S214012400044630B9044B9DF80B200449186819F0AE
S2140124103EFE204605B030BD981200201F3D030049
S214012420014B186819F011B8CC0A002038B5154BC5
S2140124301A782AB300221A70FFF79CFF044618B9CF
S214012440FFF7CCFF0446D8B1012000F0DFFDB8B19C
S2140124500D4D0E49286819F01AFE18F06FFF18F096
S2140124606EFF23460A490B4A286819F010FE2046DB
S21401247000F012FE28680849BDE8384019F007BE8A
S21401248038BD00BF252A0020981200203B3D0300DE
S214012490433D0300403D03000C3E03007FB5036847
S2140124A0AC4A23F47F4323F00703934200F0A38151
S2140124B00AD8A2F5102293422AD002F5A02293420E
S2140124C000F0FA8004B070BDA34A934200F0068182
S2140124D002F101729342F5D1B0F805301D2BF1D10E
S2140124E003890320DB0740F1F98100F08FFD002806
S2140124F000F0BD80994C9A49206819F0C8FD18F083
S2140125001DFF18F01CFF9749206819F0C0FDAEE0CA
S214012510954E30460CF02EFF054610B38F4C93496E
S214012520206819F0B4FD9249206819F0B0FD18F042
S21401253005FF18F004FF8F4B8F4A00938F496B23DA
S214012540206819F0A4FD8E492B468E4A206819F0A2
S2140125509EFD284600F0A0FD8B49206819F097FDE6
S214012560FEE7022130780CF03FFF044610B37B4DA6
S2140125707E49286819F08BFD7D49286819F087FD8A
S21401258018F0DCFE18F0DBFE7A4B7B4A00937B49A1
S2140125907023286819F07BFD79492346794A286813
S2140125A019F075FD204600F077FD7749286819F087
S2140125B06EFDFEE7A02200900346114630780CF02F
S2140125C0F1FE054610B3654C6849206819F05FFDB9
S2140125D06749206819F05BFD18F0B0FE18F0AFFEF1
S2140125E0644B654A009365497923206819F04FFDCD
S2140125F063492B46634A206819F049FD284600F0D6
S2140126004BFD6149206819F042FDFEE70221307852
S2140126100CF0FEFE054610B3504C5449206819F0E4
S21401262036FD5349206819F032FD18F087FE18F080
S21401263086FE504B504A009350497E23206819F07D
S21401264026FD4F492B464F4A206819F020FD2846A3
S21401265000F022FD4C49206819F019FDFEE74B4BAE
S214012660186818F0EEFEFFF785FE044628B9FFF756
S214012670B5FE044600283FF425AF012000F0C6FC55
S21401268000283FF41FAF354D4149286819F0FFFC7B
S21401269018F054FE18F053FE39492346394A286883
S2140126A019F0F5FC204600F0F7FC3A49286804B01A
S2140126B0BDE8704019F0EBBC032000F0A7FC002831
S2140126C03FF400AF254C2649206819F0E0FC18F0CD
S2140126D035FE18F034FE30492068E8E7032000F0A4
S2140126E095FC60B11D4C1E49206819F0D0FC18F00D
S2140126F025FE18F024FE2949206819F0C8FC1A4C5A
S214012700022120780CF070FE0546002848D0134CB4
S2140127101649206819F0BBFC1549206819F0B7FC6A
S21401272018F00CFE18F00BFE124B134A00931349D7
S2140127309C23206819F0ABFC11492B46114A2068EE
S21401274019F0A5FC284600F0A7FC0F49206819F0EF
S2140127509EFCFEE7A0000A00A000060198120020D9
S214012760003D0300DF3D0300F20C00200B3E03009A
S214012770583D03000D3E03005D3D0300663D03002A
S214012780433D0300403D0300723D0300CC0A002098
S2140127903B3D03000C3E0300833D0300973D0300D1
S2140127A0022120780CF034FE054600283FF48AAE5C
S2140127B0524C5349206819F06AFC5249206819F0B6
S2140127C066FC18F0BBFD18F0BAFD4F4B4F4A00935C
S2140127D04F49A123206819F05AFC4E492B464E4A10
S2140127E0206819F054FC284600F056FC4B49206836
S2140127F019F04DFCFEE7B0F805001B287FF462AE29
S2140128000DF10B0300930122002103AB0CF026FE11
S2140128100446C8B99DF80B30002B32D1404B1868DE
S21401282018F0A2FE032000F0F1FB00283FF44AAEA8
S214012830324C3C49206819F02AFC18F07FFD18F04C
S2140128407EFD3949206819E0012000F0DFFB0028F1
S2140128503FF438AE294D3549286819F018FC18F0B0
S2140128606DFD18F06CFD2B4923462B4A286819F09C
S2140128700EFC204600F010FC2D49286819F007FCD4
S21401288020E6012B14D1264B186818F06AFE0320A7
S21401289000F0BCFB00283FF415AE184C2149206817
S2140128A019F0F5FB18F04AFD18F049FD2149C9E772
S2140128B0012000F0ABFB00283FF404AE0F4C1B498F
S2140128C0206819F0E4FB18F039FD18F038FD9DF882
S2140128D00B201949206819F0DAFBF3E500F096FBA6
S2140128E000283FF4EFAD054C0E49206819F0CFFBE8
S2140128F018F024FD18F023FD1049EDE6981200208B
S2140129000B3E0300583D03000D3E03005D3D0300F2
S214012910663D0300433D0300403D0300723D030056
S214012920D00A0020003D0300AB3D03003B3D030001
S2140129300C3E0300B53D0300BE3D0300F53D03001C
S214012940034B1B68834202BF0122024B1A70704779
S214012950CC0A0020252A002030B503687C4A23F4DF
S2140129607F4323F00703934289B040F0EE800822AC
S21401297000211220774B0CF0A3FD044610B3764DD0
S2140129807649286819F083FB7549286819F07FFB9A
S21401299018F0D4FC18F0D3FC724B734A00937349B9
S2140129A03D23286819F073FB71492346714A28684C
S2140129B019F06DFB204600F06FFB6F49286819F08F
S2140129C066FBFEE70146032214206C4B0CF078FDF3
S2140129D0044610B3604D6149286819F058FB6049F8
S2140129E0286819F054FB18F0A9FC18F0A8FC5D4BF8
S2140129F05D4A00935D494B23286819F048FB5C4902
S214012A0023465C4A286819F042FB204600F044FB46
S214012A105949286819F03BFBFEE7014605221620B6
S214012A20574B0CF04DFD054610B34B4C4B492068F7
S214012A3019F02DFB4A49206819F029FB18F07EFC95
S214012A4018F07DFC474B484A0093484959232068B3
S214012A5019F01DFB46492B46464A206819F017FB1C
S214012A60284600F019FB4449206819F010FBFEE7E0
S214012A700DF10F0104A80CF067FD044610B3364DA6
S214012A803649286819F003FB3549286819F0FFFA1A
S214012A9018F054FC18F053FC324B334A0093334978
S214012AA06423286819F0F3FA31492346314A286825
S214012AB019F0EDFA204600F0EFFA2F49286819F0D0
S214012AC0E6FAFEE7BDF8143001465BBAADF81830F9
S214012AD09DF8133008228DF81A30FF238DF81B302D
S214012AE0FE238DF81C309DF8123018208DF81D300D
S214012AF0BDF810305BBAADF81E3006AB0CF0E0FC4A
S214012B00054610B3144C1549206819F0C0FA14494B
S214012B10206819F0BCFA18F011FC18F010FC114BE3
S214012B20114A009311497423206819F0B0FA10492C
S214012B302B46104A206819F0AAFA284600F0ACFA8B
S214012B400D49206819F0A3FAFEE709B030BD00BFB1
S214012B50A00001001C3E0300981200200B3E03005B
S214012B60583D0300573E0300253E0300663D030023
S214012B70433D0300403D0300723D03004D3E03000C
S214012B80513E030010B5234C01F0D8FB01F0F8FDCF
S214012B90236F23F0070343F00303236718F03AFE7D
S214012BA01D4B00209B6A9B075EBF01221B4B9A624E
S214012BB0D4F8203123F0030343F00203C4F8203194
S214012BC0D4F8243123F0070343F00203C4F8243178
S214012BD0D4F8403123F0030343F00203C4F8403134
S214012BE0D4F8603123F0030343F00203C4F86031E4
S214012BF0D4F8403223F0030343F00203C4F8403212
S214012C00D4F8003223F0070343F00203C4F800327D
S214012C1010BD00BF0080005000C0005000E0005012
S214012C2008B502F0F5F901280ED1144B04205A6EAE
S214012C304FF480231249520358BF124A4B6601F5DE
S214012C401041086258BF536603F010FD18F085FB6B
S214012C5003F09CFC03F0F4FC03F0BAFC19F0C6F98F
S214012C60FFF790FF03F0A2FC18F06EFB00F030FCBB
S214012C7001F094F8BDE8084004F064B90080005003
S214012C800090005000A0005030B5224D95B00DAC1C
S214012C900FCD0FC495E80700032384E807008DF8DD
S214012CA04D3029231C4A1D49CDE902231C4B0E2217
S214012CB0CDE904134FF4807300210DF1260006932D
S214012CC020F06CF94FF4A020164B07A9CDE90703B5
S214012CD00F238DF8243010238DF82530124B0DAAC2
S214012CE00A9320230B9301238DF831300F4B1048A4
S214012CF0009302AB03F0E8FE04469DF832304FF431
S214012D00E130002B0CBF0321002118F066FB2046A2
S214012D1015B030BD44410300000006500005000612
S214012D200008000724000650262A0020E011002093
S214012D3034120020831E012B10B512D8012922D887
S214012D40114B04221B6905210020C3F3401301F037
S214012D5063FF0E4B1B681868A8B1BDE81040436AB4
S214012D6018478B1E012B0CD801280CD8BDE8104043
S214012D700022054B05211B691046C3F3401301F0E1
S214012D804BBF0129E5D910BD00C00350C00A002081
S214012D9008B50449044804F09BF9BDE80840FFF76C
S214012DA073BF00BFC40A002058120020014819F062
S214012DB0DCBA00BF34120020014B1A6A18681047AB
S214012DC034120020014818F032BB00BF60410300F6
S214012DD0014818F0C3BB00BF78410300184B37B554
S214012DE083422AD1174B1B783BB3C8B20CF024FBA5
S214012DF0054610B3144C1549206819F048F91449D2
S214012E00206819F044F918F099FA18F098FA114B5D
S214012E10114A009311498523206819F038F91049A1
S214012E202B46104A206819F032F9284600F034F98A
S214012E300D49206819F02BF9FEE703B030BD00BF3D
S214012E4060120020462A0020981200200B3E030044
S214012E50583D0300E241030090410300663D030034
S214012E60433D0300403D0300723D030030B500259D
S214012E700368584A23F47F4323F0070385B093423F
S214012E8004460295ADF80C507ED002F5802293429E
S214012E900ED0A2F18272934240F09A804E4B1B787C
S214012EA0002B00F0958005B0BDE8304019F090BBCE
S214012EB0B0F80530212B40F08B80FF2304A91A4679
S214012EC011E9030018F033FA012814BF41F2FC158A
S214012ED0414B05F0FC0208BF1870212120790CF047
S214012EE005FB054610B33D4C3D49206819F0CFF867
S214012EF03C49206819F0CBF818F020FA18F01FFAB0
S214012F00394B3A4A00933A495923206819F0BFF8D9
S214012F1038492B46384A206819F0B9F8284600F097
S214012F20BBF83649206819F0B2F8FEE7344900903C
S214012F302379344A0968344800F008F90546002820
S214012F4046D0264C2649206819F0A1F82549206864
S214012F5019F09DF818F0F2F918F0F1F9224B234A0E
S214012F60009323496223206819F091F821492B46E2
S214012F70214A206819F08BF8284600F08DF81F4981
S214012F80206819F084F8FEE7B0F80530B7EE047A49
S214012F9007EE903AF8EE677AB0F8073067EE877A70
S214012FA0013307EE103AB8EEC77A67EE877AB1EECC
S214012FB0047A67EE877AFAFE677AFCEEE77A17EE0E
S214012FC0903AB3F57A7F38BF4FF47A730C4A1360A0
S214012FD005B030BDA0000602462A00209812002047
S214012FE00B3E0300583D0300F141030090410300EE
S214012FF0663D0300433D0300403D0300723D030070
S214013000D40A0020DD2D0100601200200B4B024681
S2140130101B7883B10A4B1B78834234BF0020012002
S214013020084B1B7833B1084B1B78134113F0010F83
S21401303008BF002070470120F2E700BFF80C00200F
S214013040F70C0020472A0020F60C0020012208B5C4
S214013050074B1A700022074B1A700422064B1A708F
S2140130601F22064B1A7003F02BFB054B186008BD98
S214013070F80C0020472A0020F70C0020F60C002050
S21401308098120020024B0349186819F000B800BFD7
S214013090981200201142030070B50C4C0C490646EC
S2140130A0206818F0F4FF03F00BFB0546206803F0D8
S2140130B0FBFA3046FFF7E6FF284603F0F5FA2068EC
S2140130C00449BDE8704018F0E2BF00BF9812002026
S2140130D0134203001542030038B5054618F0B6FB47
S2140130E000230B4A14685CB1AC4206D1A96A6BB1E5
S2140130F0996218F0B1FB012007E02346A46AF2E7C3
S214013100002DF3D018F0A8FB204638BD1160F0E77B
S2140131109C12002010B5044698B104F043FC2046EA
S214013120FFF7DAFF10B194F82C300BB9002010BD70
S21401313018F08CFB044A1368013B136018F08CFBF3
S214013140F4E72220F3E700BFA01200202DE9F043A8
S21401315085B00546914698460E469DF8307009B9E9
S214013160002F5CD12846FFF7D5FF0446002836D14C
S21401317085F82C00686304F007FD864233D904F015
S214013180A3FC2146844640F2E7304FF47A720023CE
S214013190E6FB0C0116F0B0FB4FF0FF32002316F0F1
S2140131A0ABFB2B46E88611462846CDE900441D4A6E
S2140131B019F09BF9044690B9C5E9089885F82D7071
S2140131C02E6318F043FB184A136833B31A469B6AFA
S2140131D0002BFBD195620023AB6218F03DFB204625
S2140131E005B0BDE8F08347B12B4631462846CDE908
S2140131F000440C4A04F08CFCDCE7304603A904F0DA
S21401320069FC04460028EAD12B462846CDE900771A
S214013210044A039919F045F9CCE71560DBE7212448
S214013220DDE700BF2D3201009C12002091F82C3002
S21401323013B50C4683B98B8ECA8E93420ED243B910
S214013240CDE9003320460B46104A4FF0FF3119F006
S2140132500CF9A38E0133A38602B010BD52B191F8CA
S2140132602D307BB101230093D1E908232046096B59
S214013270FFF76CFF0123064A84F82C3013680133EC
S2140132801360E9E7084604F08DFBF3E72D320100F1
S214013290A01200202DE9F041144E336823B34FF0FD
S2140132A00008134F18F0D2FA05463C6824B92846A0
S2140132B0BDE8F04118F0D0BA94F82C3093B13368D9
S2140132C084F82C80013B336094F82D3013B92046E6
S2140132D0FFF702FF284618F0BFFAD4E90831204666
S2140132E09847DFE7A46AE1E7BDE8F081A012002075
S2140132F09C120020034B1B68002B14BF04200120E6
S214013300704700BFA0120020024B1868B0FA80F088
S21401331040097047A012002007B5082018F007F9E9
S21401332002238DF80030054B6846019318F019F812
S214013330082003B05DF804EB18F004B9006A181011
S2140133400348044A0449121A921018F056B800BFEE
S214013350288F0300288F0300342B002008B500F0C7
S2140133602FF8FFF7EDFF124B12498B4212D30020C4
S214013370114B12498B4218D3FEF7C2FF186850F85A
S2140133802240586840F82240013298688242F5D3BC
S2140133900C33EAE70022F8E71C6844F82200013201
S2140133A05C68A242F8D30833E4E70022F8E700BFDE
S2140133B0E88A0300F48A0300F48A0300F48A03000F
S2140133C04FF400414FF0FF30124B134A10B59A608C
S2140133D0D3F8882042F47002C3F888200F4A916619
S2140133E001F1884101F5005210664FF6DF70506614
S2140133F00220C3F8D000BFF34F8FBFF36F8F0824AE
S2140134004FF440330648C0F88041D36004600B6136
S21401341010BD00BF00ED00E000200100009000504C
S21401342000E100E0014B1868704700BFDC0A00208D
S214013430084B1B6F03F00703022B04D0032B05D0A8
S214013440012B05D0FEE7044B18687047034BFBE7DA
S2140134500348704700800050DC0A0020E40A002080
S214013460002D310108B5FFF7E3FF054B1B6FC3F3D2
S21401347003330133B0FBF3F0024B186008BD00BF05
S21401348000800050D80A00200048704700B4C404E9
S214013490014B1868704700BFE40A0020054B18600E
S2140134A0054B1B6F03F00703032B01D1FFF7DABFB0
S2140134B0704700BFE40A00200080005000487047B3
S2140134C0002D3101014B1868704700BFE00A00204B
S2140134D000239B6A10B5B3F5903F11D219680A4ACA
S2140134E091420DD1094C227812F0FD0F01D0002037
S2140134F010BDDB6998470028FAD101232370F6E74F
S2140135004FF48170F4E700BF07B0CD5E482A002073
S2140135104FF00053074A1A60BFF34F8F0649074B17
S214013520CA6802F4E0621343CB60BFF34F8F00BF5B
S214013530FDE700BF02020FF000ED00E00400FA050F
S2140135400346054A0549106803448B428CBF4FF079
S214013550FF301360704700BFE80A0020008000209B
S214013560F7B50468012105463A2000F00DFE002358
S21401357001226179207901F04FFB14233021227951
S21401358011FB023101F1A04101F57031096863793F
S214013590D940C943A37901F00101022B217017D14B
S2140135A000F044FB164A2B466179207900F068FB4F
S2140135B0FF28024660790ED12A46114900F098FB91
S2140135C00123024661792079CDE9003301F0CAFA78
S2140135D0002003B0F0BD012627790023014600969E
S2140135E0384601F081FB2A460549607900F080FBE8
S2140135F00023617902462079009301963346E5E778
S21401360053B4020008B501213A2000F0BDFD0321A4
S21401361001230422002001F0FFFA002018F037F9F8
S2140136200122214B4FF46070C3F8442418F029F8A6
S2140136301E4B00F5D520D3F8F02000F2FC4042F0F6
S2140136400102C3F8F020D3F8FC2042F08072C3F8E0
S214013650FC20174AA3F55D431A60164B0222B0FB05
S214013660F3F0154B01381861C3F8F0204FF480725F
S214013670C3F804234FF06043104A0020C3F8B02F6C
S2140136800F4AC3F8802ED3F8002E42F48072C3F896
S214013690002EFF2283F82020D3F8002E22F4807219
S2140136A0C3F8002E08BD00BF00D0035000ED00E0B7
S2140136B0FF030040F8590D00000004E055CEACC5EC
S2140136C0090001004FF06043D3F8802E30B5D207D1
S2140136D015D501240B4D8440D5F8FC2042F08072AC
S2140136E0C5F8FC20D3F8002E2243C3F8002E53F869
S2140136F02020002AF0D003F82010002030BD112031
S214013700FCE700BF00ED00E010B501224378017828
S214013710847830209A40054B00FB01331CB942F2F5
S21401372010015A5010BD41F21001FAE700C00350D3
S21401373010B5012243780178847830209A40054BF1
S21401374000FB01331CB941F210015A5010BD42F280
S2140137501001FAE700C003502DE9F04F9A46564B88
S21401376085B01B7806460F461546DDF83C909DF859
S21401377044B0DDF85080002B00F09780072A00F255
S21401378096800E9B002B00F09280B9F1000F00F09E
S2140137908E80129BB3F5006F00F38980012803D158
S2140137A0109B002B00F08380444B03EB05131B7B1F
S2140137B0002B7ED0424C1022002168461FF0EEFB03
S2140137C004EB45141022A7BB394620461FF0E6FB42
S2140137D043F210036380BBF1000F03D1E37843F09B
S2140137E00303E370364A0E9B02EB451CCCE90193BA
S2140137F0129B6901581E9DF84C30C0F30A0003F075
S21401380003039B0643EA001E53582E48012E00EA86
S21401381003004EEA0003CDF800A0535017D0B8F1CC
S214013820000F2ED19CF8023068F304138CF8023096
S21401383027E0002120461FF0B1FB4FF4447363805C
S214013840BBF1000FCED1E37843F03003C9E7132371
S2140138500CF1100ECCF80C309CE80F008EE80F002F
S2140138606FF00301DCF81C20109B61F39F02012F0F
S214013870CCF81C20CCF8143003D1CCF81890CCF836
S214013880043000270D4A290102EB051342F8018096
S214013890159A28465A60694622469F605E7301F073
S2140138A09FFA384605B0BDE8F08F0748FAE70748A3
S2140138B0F8E70748F6E700BF492A0020A4130020CE
S2140138C0A41200200F80FFF3028000F0018000F0B8
S2140138D0078000F038B5124B05461B78DBB1E0B126
S2140138E017F0B4FF0F4A00231146147B54B92B601E
S2140138F001251A0101EB03131D738C5017F0ACFF61
S214013900204638BD0133082B02F11002EDD117F025
S214013910A3FF0548F5E70548F3E70548F1E700BFCB
S214013920492A0020A4130020048000F0028000F041
S214013930018000F038B517F089FF002305460B4AD1
S214013940147B6CB90133082B02F11002F8D101F097
S214013950E9F9074B28461C7017F07EFF204603E066
S214013960284617F079FF034838BD00BFA41300208E
S214013970492A0020058000F00D4B10B51B7804463F
S21401398093B1072812D817F061FF0A4B03EB041313
S2140139901A7B2AB100241C7317F05EFF204610BD67
S2140139A017F05AFF0448FAE70448F8E70448F6E730
S2140139B0492A0020A4130020068000F0028000F0AF
S2140139C0018000F0154B13B51868002301908DF89F
S2140139D0043017F03BFF124B1C7824B117F03CFF64
S2140139E0104802B010BD01221A7017F035FF0E4BB9
S2140139F001A81C731C7783F82C4083F83C4083F89D
S214013A004C4083F85C4083F86C4083F87C40082384
S214013A108DF8073001F0B2F92046E2E7684203006C
S214013A20492A0020038000F0A41300200A4A08B5A2
S214013A3012785AB107280BD8084A02EB00131B7BF1
S214013A4043B1002101F08CF9002008BD0448FCE7D1
S214013A500448FAE70448F8E7492A0020A41300209E
S214013A60028000F0018000F0078000F00A4A08B5E5
S214013A7012785AB107280BD8084A02EB00131B7BB1
S214013A8043B1012101F06CF9002008BD0448FCE7B0
S214013A900448FAE70448F8E7492A0020A41300205E
S214013AA0028000F0018000F0078000F00A4A08B5A5
S214013AB0127852B107280AD8084A02EB00131B7B7A
S214013AC03BB101F0D9F9002008BD0548FCE70548DF
S214013AD0FAE70548F8E700BF492A0020A4130020AA
S214013AE0028000F0018000F0078000F00D4B1B788B
S214013AF093B1072812D889B10B4B03EB00131B7B3C
S214013B0073B10A4B1A6D01238340134214BF01237C
S214013B10002300200B707047054870470548704722
S214013B2005487047492A0020A413002000000450CD
S214013B30028000F0018000F0078000F00B4A10B50B
S214013B4012780C4662B107280CD859B1084A02EB24
S214013B5000131B7B43B101F0A1F92070002010BDBA
S214013B600448FCE70448FAE70448F8E7492A002035
S214013B70A4130020028000F0018000F0078000F00E
S214013B80184B2DE9F0411F6D5B6D1F4000D5FEE718
S214013B9001260025144CDFF85880374218D02368D8
S214013BA0C8F85060A3B1A168284601316268A160D7
S214013BB09847637B012B0BD150B90C4B03EB451394
S214013BC01A7B60F341021A731A7F60F341021A7777
S214013BD00135082D4FEA460604F11004DDD1BDE893
S214013BE0F08100BF00000450A4130020A41200209E
S214013BF00020045070B5044601250B4E04B970BD73
S214013C0094FAA4F0B0FA80F005FA00F306EB00127D
S214013C1024EA03045368002BF0D0117B11B191689C
S214013C209847EBE79847E9E72414002008B51920E0
S214013C3000F0D2FD28B14FF00072074BC3F8802187
S214013C401A601A2000F0C8FD28B14FF08062024BBE
S214013C50C3F880211A6008BD00E100E038B50546CA
S214013C600C4617F0F3FD0022044B03EB05135C60D2
S214013C701A73BDE8384017F0EFBD00BF24140020CA
S214013C80F8B504460D4617461E4617F0DFFD1CB96B
S214013C90052D18D0FF241FE0012C05D1012D1FD0C2
S214013CA0032DF7D104240EE0022C07D1052D19D0DF
S214013CB0072D19D0002DEDD1062404E0032CE9D1FF
S214013CC0022DE7D10924094904F1100301EB031180
S214013CD00123C1E901760B7317F0BEFD2046F8BD3E
S214013CE00324F0E70724EEE70824ECE72414002079
S214013CF0F8B505460E46174617F0A8FD134B2C4699
S214013D00D3F8242405F0FC0122FA05F3DB0712D5CB
S214013D1000230133DBB2042B04D1FF2417F09CFDF2
S214013D202046F8BDEC1804F003040C4422FA04FC07
S214013D301CF0010FEDD1FF2CF0D00122044B03EB58
S214013D400413C3E901671A73E8E700BF00C0035014
S214013D5024140020074BD3F82404D3F8202403F5B9
S214013D600053104000F0553020F05020C3F82004D6
S214013D70FFF740BF00C00350074BD3F82404D3F825
S214013D80202403F50053104000F0AA3020F0A020B4
S214013D90C3F82004FFF72EBF00C00350024B19687A
S214013DA0024B18680EF048BDEC0A00200C0B0020F0
S214013DB070B59400224605460E461FF07DFF431C53
S214013DC00AD058B92246314628461FF0BDF80028C9
S214013DD0034808BF002070BD0248FCE70248FAE726
S214013DE010E000F021E000F024E000F010B50446F9
S214013DF01FF066FF431C10D088B901F011F9234665
S214013E0020F003002044984201D1002010BD53F851
S214013E10042B0132F7D00348F8E70348F6E70348D6
S214013E20F4E700BF0EE000F021E000F024E000F02F
S214013E3008B517F004FD014B186008BD141D0020DD
S214013E40014B186817F0FFBC141D0020044BD3F873
S214013E508420D206FBD4D3F88400C0F381107047C7
S214013E600040005038B5104B0546D3F820310C46BB
S214013E7003F00303022B0BD0032B0DD0012B0FD124
S214013E80FFF7D0FA052305B1286004B1236038BDD9
S214013E90FFF7FEFA0323F6E7FFF710FB0223F2E72C
S214013EA001230020EFE700BF0080005073B50D46E8
S214013EB000210E4B0191D3F88041064604F003041D
S214013EC0012C09D0022C0CD00C460EB1019B33609C
S214013ED005B12C6002B070BD01A8FFF7C3FF0F2427
S214013EE0F3E7FFF7EBFA0190EFE700BF0080005021
S214013EF038B5184B0546D3F824010C4600F00700E8
S214013F00062823D8DFE800F0040A121A1E0E16004F
S214013F10012305B1286004B1236038BDFFF782FA9A
S214013F200523F6E7FFF77EFA0623F2E7FFF7B0FA76
S214013F300323EEE7FFF7ACFA0423EAE7FFF7BEFA3E
S214013F400223E6E717F064FA0723E2E700231846A0
S214013F50DFE700BF0080005038B5104B0546D3F8A8
S214013F6040310C4603F00303022B0BD0032B0DD07C
S214013F70012B0FD117F04EFA092305B1286004B1C1
S214013F80236038BDFFF79EFA0823F6E717F045FAD7
S214013F900B23F2E701230020EFE700BF008000506B
S214013FA038B5144B0546D3F800020C4600F007005E
S214013FB004281BD8DFE800F003090D1115000123C2
S214013FC005B1286004B1236038BD17F023FA092330
S214013FD0F6E7FFF777FA0823F2E717F01EFA0B2346
S214013FE0EEE7FFF73FFA0E23800AE9E700231846BB
S214013FF0E6E700BF0080005038B5104B0546D3F801
S21401400040320C4603F00303022B0BD0032B0DD0DA
S214014010012B0FD117F0FEF9092305B1286004B171
S214014020236038BDFFF74EFA0823F6E717F0F5F9D7
S2140140300B23F2E700231846EFE700BF008000508D
S21401404038B5104B0546D3F860310C4603F0030330
S214014050022B0BD0032B0DD0012B0FD117F0DAF961
S214014060092305B1286004B1236038BDFFF72AFA99
S2140140700823F6E717F0D1F90B23F2E70123002016
S214014080EFE700BF0080005010B40D4C0B46D4F88B
S214014090204204F00304012C0AD0022C0CD008B1F3
S2140140A0002101600BB100221A605DF8044B7047D5
S2140140B05DF8044BFFF7D6BE5DF8044BFFF74CBF27
S2140140C00080005038B50C46054617F0B8FB054B86
S2140140D09A6A54402C4054409C62BDE8384017F020
S2140140E0B2BB00BF00C00050B0F5207F1FD009D87A
S2140140F0B0F5007F15D003D868B1B0F5C07F0AD0FF
S21401410000200CE0B0F5607FFAD10B4BD3F88000AD
S214014110C0F3011003E0084B186FC0F30330013001
S2140141207047054BD3F89000C0F30460F7E7024BE5
S214014130186FC0F38020F2E7008000504FF4003281
S2140141400E4B014610B500209A66FFF7CDFF484397
S21401415041F671320A490B4B884294BF0020012078
S214014160DC69DA639A6822F4401242EA00529A60E5
S214014170E20344BF0022DA6310BD00BF0090005086
S214014180005A620200000350420910B50FD0012AFE
S2140141900FD00A4B0A4C022A18BF234600F01F0014
S2140141A049B103F58053012282401A6010BD1346BF
S2140141B0F4E7044BF2E703F50053F4E76880005098
S2140141C0608200506480005008B5802017F059FACC
S2140141D0034B98429EBF4FF48032024B1A6708BDCC
S2140141E0005A620200A000501FB50023B0F5807F80
S2140141F0019377D028D8382800F094800BD824383B
S214014200092810D809280ED8DFE800F06767676725
S2140142100D0D620D377D52285FD008D83D283BD062
S2140142203E2800F08480019805B05DF804FB8028E4
S214014230F9D1414B1B6F03F00703013B032BF2D867
S214014240DFE803F044413F6CB0F5D06F5BD019D87E
S214014250B0F5A06F66D00AD8B0F5806F3DD0B0F546
S214014260906FE0D1002001A9FFF742FEDBE7B0F531
S214014270B06F2DD0B0F5C06FD5D1002001A9FFF7E2
S2140142806BFED0E7B0F5006FECD00AD8B0F5E06F62
S2140142904DD0B0F5F06FC6D1002001A9FFF7D0FED2
S2140142A0C1E7B0F5086FBED1234BD3F8003103F058
S2140142B00303022B2CD0032B2ED0012B30D1FFF77A
S2140142C0E7F8032300E005230193ACE70223FBE7AD
S2140142D0002001A9FFF7EAFDA5E7002001A9FFF7E5
S2140142E0C1FDA0E702934FF0E0231B695B0705D5EC
S2140142F0FFF7B8F80C230393039BE5E703A902A88D
S214014300FFF72AFEF8E7002001A9FFF749FE8AE732
S214014310FFF7D8F80823D7E717F07AF80723D3E78B
S2140143200123D1E7002001A9FFF7AEFE7BE70020BD
S21401433001A9FFF761FE76E7008000504FF40022E6
S214014340034B5A66012203F580439A62704700BF09
S2140143500090005008B5FFF747FF082811D009382C
S214014360012802D94FF6FF7008BD4FF40012064B24
S2140143705A6603F5D8335B6ADB07F3D54FF4FA7058
S214014380F2E7024B1888EFE700900050E00C00209F
S214014390F8B504468020FFF727FF032800F0878042
S2140143A04FF40022424B02215A6645F60E03414A5B
S2140143B0C2F88030404B9962012103F5805399621F
S2140143C0936DD903FCD4D4E900131B0543EA0163BA
S2140143D0E17B94F820500B43217BE77E43EA0143BF
S2140143E0617B6D0143EA0133A17B43EA81131361CB
S2140143F09169D4E904031B0643EA806301F0004196
S2140144000B43A17E94F823000B43217E43EA01432C
S214014410617E43EA01239361136AE66923F00D0383
S21401442094F8221043EA8703002E2DD11362966A70
S21401443094F8213045EA031326F033052B4343F065
S214014440010393621D4D1B4B9A6D35EA0202FBD1A7
S2140144500222194DAA621A659A6D5200FCD41A6995
S214014460A56822F4700242EA05521A614FF0004232
S214014470114B9A6119B9022203F580539A6278B9F1
S21401448001220F4B9A620BE0334343F00803136299
S214014490936A23F0330303432B4343EA41039362B6
S2140144A094F824301BB1034B064AC3F88020F8BDAC
S2140144B00090005000C0005000D0005003000140A2
S2140144C000E00050F1A7FFFF1E4BFF2870B59E6A63
S2140144D035D89A6D12F4803F18BF01211A4A18BFC9
S2140144E09162022191629B6DDC0303D5154A936D9F
S2140144F09907FCD50222144B124D1A65AC6D14F0C7
S2140145008044FBD1114AAB6992F9002023F47F0362
S214014510024423F47F4382F3080243EA002343EA7A
S2140145200243AB6131460220FFF7CCFDAB6DDB03E6
S21401453003D531460120FFF7C5FD204670BD212475
S214014540FBE700BF00C0005000D000504A2A002000
S214014550014B93F9000070474A2A002001221548B2
S214014560154B816A9A62826D02F00302032AFAD120
S21401457002229A621A650F4A936D5B00FCD40F48BB
S214014580936D30EA0303FBD101220B4B1A65A3F5A9
S21401459080539A6D9007FCD49A6D9207FCD502223F
S2140145A0054B1A65034A936D9B07FCD50320FFF75D
S2140145B089BD00BF00C0005000D0005003000100BC
S2140145C0F0B5D0E901434FF480061A4A41780578E0
S2140145D056664FF4D156022702F5B8325662164E89
S2140145E04F2977604FF0010728BF4F2106F5805607
S2140145F077601669F603FCD441EA052151611B0177
S214014600417B43EA04230B43017B43EA4103936066
S214014610C37B817B1B0143EA4113417C0B43017C35
S21401462043EA41035360837C13B16FF4D153536261
S214014630F0BD00BF0090005000100250014B1880E2
S214014640704700BFE00C0020014B1880704700BF88
S214014650DE0C00204FF4001208B5184B5A660223F0
S214014660174A5360936813F48033FBD1012822D193
S214014670FEF70EFF134B984215D003F5122303F5F0
S214014680F863984213D0104B00EB8002400AB3FB4C
S214014690F0F3520A0A49CA620B6301234B620022F5
S2140146A0074B5A6008BD45F67A13084AF2E745F605
S2140146B01A03074AEEE75362F1E700BF0090005085
S2140146C00040025000F0490264666666D8B80500EC
S2140146D0BBCF0500B0F5207F10B50C4642D008D8F8
S2140146E0B0F5007F33D003D888B1B0F5C07F0ED0C7
S2140146F010BDB0F5607FFBD11F4A4C1ED2F880304A
S21401470023F0300343EA0413C2F88030F0E716F0D2
S214014710B0FF17F07AF84FF48031184B164A196734
S214014720136F013C23F4704343EA04331367FEF727
S21401473099FE0446FFF78AFBC0F10201204617F0F6
S2140147405EF800F02DF8BDE81040FFF73DBD0A4ABF
S2140147504C1ED2F8903023F0F85343EA0463C2F8B3
S2140147609030C5E7044A4C1E136F23F4806343EA76
S21401477084231367BCE700BF008000500090005000
S21401478008B50121022000F0F5F816F072FF17F0C7
S2140147903CF84FF48032014B1A6708BD0090005078
S2140147A008B54FF4C07016F06CFFBDE80840044928
S2140147B0884294BF012102214FF42070FFF78ABF7F
S2140147C080F0FA02034B5868C0F30800003818BF9F
S2140147D00120704700ED00E0054B420953F82230F6
S2140147E000F01F0023FA00F0C04300F001007047FC
S2140147F000E100E010B5224B70B94FF40031214AB8
S2140148001860516602F598325268012A03D11E4A91
S214014810D2F800211A6010BD1B68002BFBD01B4A82
S2140148205268012AF7D0184A8020C2F80031FFF7F3
S214014830DBFC05281FD14FF4C070FFF755FC01289B
S214014840044604D102214FF4C070FFF743FF07224C
S2140148500F4B1A610122A3F580535A600B4A136964
S214014860DB07FCD5012CD6D12146BDE810404FF41C
S214014870C070FFF72FBF0122064B5A60CBE700BF7F
S214014880181D0020009000500080005000C001500C
S21401489000E0015000D00150044A4178536F23F4E0
S2140148A0407343EA01235367704700BF004000503E
S2140148B010B5044610B10020FFF79CFF104A13699B
S2140148C043F00403136102F03FFE16F0C8FF0D4BE0
S2140148D00D4AC3F8202416F0B2FF1FF0F5F916F0C2
S2140148E0B2FF16F0BDFF02F057FE1CB9BDE810403E
S2140148F0FEF7B8BD0120BDE81040FFF77BBF00BF43
S21401490000ED00E000E003500000FF0F10B5044684
S21401491010B10020FFF76EFF0E4A136943F004033F
S21401492013610D4B0D4AC3F8202402F00DFE16F05C
S21401493086FF1FF0C9F916F086FF02F02DFE1CB99E
S214014940BDE81040FEF78EBD0120BDE81040FFF720
S21401495051BF00BF00ED00E000E003500000FF0F74
S214014960034A0179D36E23F030030B43D3667047B5
S21401497000400050F8B504461C4BD3F88420D106FD
S214014980FBD4D3F88430C3F381139C422CD0FEF7BA
S2140149904FFD012C064602D1214616F030FF16F0D7
S2140149A04EFF4FF00072124B07465A66204616F02D
S2140149B05EFF4FF480630D4D621E93402B676B6E56
S2140149C09A0103D4D5F884309B060AD5384616F0EA
S2140149D03AFF022C08D13046BDE8F840002116F017
S2140149E00EBFD5F88430EAE7F8BD00BF004000509E
S2140149F00060005010B50C4608B9FEF719FD074BCC
S214014A0021461B783BB1064B984204D80120BDE8ED
S214014A101040FFF7AFBF0220F9E700BF4B2A002086
S214014A20005A62020278034B012100201A70FFF738
S214014A30E1BF00BF4B2A00204FF0004238B5264B9D
S214014A4026495A6601224A604AF6CD3103F50B2300
S214014A505D6C1964154030BB9968C9070BD40024F6
S214014A6001221F4B5A6015B11E4B1F4A1A641DF0D6
S214014A70BFFD204638BD1A498A601C4AD96ACC0750
S214014A8005D4904201D10724EAE70130F6E79042C7
S214014A90E5D1F8E70132DC6A14F0080406D08A4250
S214014AA0F8D10724DFE700221049F4E78A42F8D05C
S214014AB020220B4B0B495A620122A3F580539A60C0
S214014AC023460A4A486A800603D49342E9D0013352
S214014AD0F8E79342C7D1E4E7009000500050095030
S214014AE000600950004009503254FFFF40420F0059
S214014AF04FF0004238B5174B174C5A66012203F5A2
S214014B000C235A604AF6CD33656C23644378934090
S214014B101343124AD363C3788178A2689B0043EAA1
S214014B20011322F074021343A3600279837943EAE6
S214014B30022323614279C37943EA02236361007841
S214014B40FFF77AFFEB0744BF054B23641DF050FDCA
S214014B50012038BD00900050004009500040005030
S214014B603254FFFF072A2DE9F041154698464FF0CB
S214014B70030401F003072DD89600B44000FA06F2AC
S214014B8021461C4816F074FE21461B4807FA06F219
S214014B9016F06EFE194B1A499DF81800B8F1000F71
S214014BA018BF1946012303FA05F50D60154B164982
S214014BB0002818BF0B461D60144B9DF81C00C3F857
S214014BC02054103103F22443002818BF0B461D6001
S214014BD0BDE8F081A2F10806B600B44000FA06F27C
S214014BE021460B4816F044FE21460A4807FA06F20B
S214014BF0CEE700BF00C4035008C4035010D40350CE
S214014C0010E4035014E4035014D4035000E003509E
S214014C1004C403500CC40350F8B504460D461F46A1
S214014C2016464AB101238B403021184A01FB002267
S214014C30F7B141F21001535004EB4403072D4FF036
S214014C400F014FEA031316D8A80006FA00F28140B6
S214014C500F48184416F00CFE4EB9012330210B4ABA
S214014C60AB4001FB042277B141F210015350F8BD6D
S214014C7042F21001DFE7A5F10800800006FA00F213
S214014C8081400448E5E742F21001EFE700C0035017
S214014C9004C003500CC00350104B0140D3F830241D
S214014CA022EA0002C3F83024D3F830241143C3F8B3
S214014CB03014D3F82C240243C3F82C24084AD36EAC
S214014CC003F03003202B1FBFD36E23F0300343F0D5
S214014CD01003D366034BC3F82004704700C003508B
S214014CE00040005000E0035038B514461D4603222C
S214014CF083F00103FFF790FF012004F110018840C3
S214014D0005FA01F1FFF7C8FF9DF81010034B044A9E
S214014D10002918BF1346186038BD00BF24E40350AD
S214014D2024D403504FF400120B4B10B5C3F8802067
S214014D30BFF34F8FBFF36F8F0024FF22074B21462F
S214014D405C6520209A625C60FFF71EFA2146BDE88A
S214014D5010402120FFF718BA00E100E000000450DF
S214014D60044A054B002908BF1346012282401A60F7
S214014D70704700BF401004504020045010B5012178
S214014D8004462020FFF700FA01212120FFF7FCF955
S214014D900122114B5A60227812069A606178A27835
S214014DA042EA01429A61FF229A6200229A631A64D9
S214014DB04FF000425A654FF0FF324FF4001103F5F1
S214014DC000531A65054AC2F88011E3781B01DBB26D
S214014DD082F81533116010BD0000045000E100E0B8
S214014DE0F8B50125C3B2DFF888C0D1F800E09D40D0
S214014DF08F7ACB7A0C46097BCCF850500CF5005CC8
S214014E004CF820E04FF0300E184E1B050EFB0060EC
S214014E1094F80DC043EA074343EA415322F00302E4
S214014E20C0F860C0C365026716F010FD736D2B43B2
S214014E307365237A13B1336C2B433364637A13B1EE
S214014E40B36B2B43B3632279A37943EA0243084A3F
S214014E5093616179E37943EA014306498B61034B28
S214014E6055639D64BDE8F84016F0F6BC000004509A
S214014E70002004500010045010B50124C0B2844034
S214014E8016F0E4FC044B5A6D22EA04025A659C6251
S214014E90BDE8104016F0E0BC0000045010B5012437
S214014EA0C0B2844016F0D2FC074BDA6A224208D11F
S214014EB05B6B9C430CBF0124002416F0CDFC2046FE
S214014EC010BD0024F9E700BF000004504FF4003283
S214014ED0054B9A6641F6713203F51C33DA630122FB
S214014EE003F50053DA6070470090005041F67132C6
S214014EF00121064BDA6303F50052D1600022DA6322
S214014F004FF40032A3F518339A6670470000035039
S214014F10CB784A7810B55B010C7843EA82030A79AC
S214014F20234343EA02130C22424302F1B0421363C5
S214014F30012C02BF8A78024B43F8202010BD00BF27
S214014F40E880035008B54FF0B0435A686AB958B1C3
S214014F505B680BB116F09CFC01210D4B596016F0F5
S214014F6097FC4FF0B043D96008BD5B680BB116F0F3
S214014F708FFC0028F0D116F08BFC4FF0B0430222D4
S214014F80DA6016F085FC0122024B5A60ECE700BF9E
S214014F9000100058002000584FF0B0414B6810B583
S214014FA00BB116F075FC01220B4BC4785A6083785E
S214014FB0934043EA840344782343047943EA041381
S214014FC0447943EAC4038B60044B5A600378C3F107
S214014FD00203CB6010BD00BF00200058001000582F
S214014FE04FF48032064B5A6603F5E6235B69C3F33A
S214014FF08512827003F03F021B0B427003707047EC
S21401500000900050014B986CD96C70470080E00FFF
S214015010024B1868C0F30740704700BF0080E00FDE
S2140150200120034B9B680A3303F01F039840704727
S2140150300080E00F70B5054616461C4621B94FF4B0
S214015040207016F01EFB0146402C1BD003D8DCB1A5
S214015050202C1BD070BD602CFCD1042303FB06F270
S214015060530803EB4113B3FBF2F3094A203B02EA70
S214015070C303AA6822F06002AA60AA681443AC605F
S214015080EB61E7E70623E9E71023E7E70823E5E70F
S214015090F8FF7F00012200F580535A6040F6AA63AC
S2140150A041F20502436100230B498360C365C26078
S2140150B000F500520361C361C364916407498365C7
S2140150C0884203D103650023436502E00449884210
S2140150D0F8D0012353607047FFFF010000C0055060
S2140150E00000065070B50D46FFF7D4FF012300F50A
S2140150F080567360AB7C04461BB1836843F08043E3
S2140151008360EB7C5BB1354A2B7D944245D1A2F599
S2140151101032C2F88C31E36D43F08003E3652A8ACE
S2140151206B7B20461343EA891343E3602B7BD5E967
S2140151300112FFF77FFF6B7D1BB1A36843F4803339
S214015140A360AB7D1BB1A36843F40043A360EB7D72
S2140151502A7E1B07120502F4E00203F0E043134324
S214015160A365697E1D4A8B1E012B1D4B1FD89442D9
S2140151701BD002F5804294420CBF01224FF0FF3251
S21401518003EB4213022041F21C620329985020D1FE
S2140151900423F3652B78636170BD124A944204BF01
S2140151A0A2F52032C2F89C31B5E70022E8E7944226
S2140151B00DD00C4A94420CBF01224FF0FF3203EB94
S2140151C04213022042F21C6201299850DFE70022B6
S2140151D0F5E7042204F50053DA65DBE700C0055065
S2140151E000C003500000065038B50446054D1DF0BA
S2140151F023FA0FCC0FC594E8030085E803000020CE
S21401520038BD00BF1C1D002047F6FF739A42F0B55B
S2140152106FD002296FD8394B5B5C012B6BD8384DA8
S214015220DF0005EBC30415F83330A178012B13D149
S2140152300025E078401AA84202D80844C0B2F0BD62
S214015240431B6668A0EB530336F913609642D4BF3E
S2140152501D4603F1FF30EEE760680028EFD0B0F995
S2140152600040944204DBB0F902409442B8BF1446B1
S21401527083883D44FF2B19BFC8224FF0280CB0F994
S2140152800620B0F908C0A2EB04030CBF01260026D5
S21401529093FBFCF333446E781BB29E4201DD002B78
S2140152A001DA731E1BB24FF47A7C01339BB2071DE1
S2140152B05D1E2DB24FEAC50E00EBC505EA88AD6846
S2140152C09E4214FB025222EAE27202F15C02B2FB37
S2140152D0FCF204DD37F8335001339542E8D200EB97
S2140152E00E039888904228BF1046884238BF084669
S2140152F0A4E7FF20A3E70020A1E700BF8D4203003B
S2140153001C1D00200229F0B555D82C4B585C0128ED
S21401531051D82B4C04EBC00114F830004B6801281F
S2140153200FD1C8788C78904294BFC4EB0001C4EBCF
S2140153300201001BCAB28242C8BF002233F9120022
S214015340F0BD002B37D08878904202D3B3F9020023
S214015350F6E7CC78B3F900009442F1D94C789988F5
S214015360013CA1F1FF06714203F10405E4B271416B
S21401537003F10C07CEB2B44216D805EBC1014FF4C7
S2140153807A756A43B1F902404968521A04EBD4713E
S21401539002EB610292FBF4F29042D1DBB3F9020018
S2140153A09042CDDC10B2CBE737F831C04E1C9445A5
S2140153B0E3D33146DEE70348C2E700BF8D42030070
S2140153C01C1D00200080FFFF08B50448FFF70CFFF6
S2140153D0BDE8084001201DF033B900BF904203002C
S2140153E000487047E20C00207FB50222084B0949AD
S2140153F0CDE901234FF00073CDE90313052301A97D
S2140154004FF0FF3005931DF050F907B05DF804FB2F
S214015410006A1800000204001B0603F0706300F027
S2140154200F000902034301F47061120402F47022B2
S2140154300B431343014A1360704700BF0020025C10
S21401544060B5054619B10139B1F5806F0FD2094E25
S214015450F06810F48030FBD143EA012312072B4396
S21401546002F08052134343F00043736060BD012095
S214015470FCE700BF0020025C0122054B9A60DA6857
S214015480D203FCD4D86820F00F000004000C70474B
S2140154900020025C014B1868704700BF0040025CA8
S2140154A0014B5868704700BF0010025C014B186B37
S2140154B0704700BF0010025C014B1868704700BFC0
S2140154C00010025C014B9860704700BF0010025C40
S2140154D0014B1864704700BF0010025C014B586412
S2140154E0704700BF0010025C014B5863704700BF55
S2140154F00010025C0022014B1A6070470010025C2B
S214015500024A136843F00103136070470010025CFF
S214015510024A136823F00103136070470010025C0F
S21401552043F20402014B1A60704700BF0010025C90
S214015530024A136843F03003136070470010025CA0
S214015540044B1A6842F480721A601A6822F4807258
S2140155501A6070470010025C024A136843F48063C5
S214015560136070470010025C034A136823F470232B
S21401557043EA0043136070470010025C044B1A694B
S21401558002605A6942609A698260DB69C36070474B
S2140155900010025C0268044B1A6142685A61826814
S2140155A09A61C268DA6170470010025C024B1A6B9E
S2140155B0D207FCD4186270470010025C0322024B2B
S2140155C0186019615A6370470000025C82B01FB50B
S2140155D007930A9B04AC8B4228BF0B4604E90700DD
S2140155E01048D100079948BF03330160099948BFA5
S2140155F023F0030323F0704301F0E041194341F027
S21401560000518160002102F0E042019C1A4342F001
S2140156100052C16004618261416304B0BDE810407C
S21401562002B070470000025C3F22034B1A6310224F
S214015630DA6103229A6370470000025C024AD36B68
S2140156409B07FCD4704700BF0000025C044B9B6ABA
S21401565013F0240F14BF012000208000704700BF04
S2140156600000025C08B5FFF7F1FF064BDB6B23F485
S2140156707F4323F0EF0303431EBF0122024BC3F80F
S214015680FC2F08BD0000025C00F0FF3F4368182BAA
S2140156900AD0202B1DD0102B2BD1174BD3F8043456
S2140156A0DB010AD401207047134BD3F804349A0166
S2140156B0F8D50B6843F008030B6003680F4A934262
S2140156C010D10B6843F040030B60002343600020B9
S2140156D07047094BD3F804345B01E3D50B6843F0FC
S2140156E00403E9E7064A9342F1D10B6843F08003CD
S2140156F0EAE70720704700BF0000025C4D2A002041
S2140157004C2A002013B5084CD4F80444E40508D507
S214015710009313460A460146002000F01BF802B02B
S21401572010BD0120FBE700BF0000025C13B5084C6A
S214015730D4F80444E40508D5009313460A46014606
S214015740002000F02BF802B010BD0120FBE700BFDF
S2140157500000025CF0B516465A688DB0102A0D4658
S214015760129F15D17A68102A12D10A4A09AC07CAC3
S21401577084E8070022462946CDE90547CDE90344DA
S214015780CDE901440448009616F096F90DB0F0BD37
S2140157900720FBE71443030030000100F0B516466E
S2140157A05A688DB0102A0D46129F15D17A68102AB4
S2140157B012D10A4A09AC07CA84E8070022462946DC
S2140157C0CDE90574CDE90344CDE9014404480096CA
S2140157D016F072F90DB0F0BD0720FBE71443030085
S2140157E01000010070B598B0002843D02C4C08ADCD
S2140157F00FCC0FC50FCC0FC50FCC0FC594E80F000B
S21401580085E80F006D4604AE04F1100320340FCB7B
S21401581085E80F0094E80F0086E80F00FFF790FE7A
S2140158200420FFF7A1FEFFF77BFE3046FFF7B2FE2E
S214015830002408AE56F8040B0134FFF7B7FE102C0F
S214015840F8D1FFF72DFE0328FBD90024FFF752FEFF
S2140158502646FFF71FFE55F8043B01365840042E36
S21401586044EA0004F5D12CB1012206200D4B1A7032
S21401587018B070BDFFF764FE0820FFF723FE002076
S214015880FFF726FE0720FFF729FE4FF40070FFF70B
S2140158902BFE0820FFF768FEFFF732FE0020E7E741
S2140158A0F44303004F2A002008B5FFF749FE012202
S2140158B0014B1A7008BD00BF4E2A00201FB516F016
S2140158C058FA044630B1012206240D4B1A702046C0
S2140158D004B010BDFFF7DEFD0090FFF7DBFD019081
S2140158E0FFF7D8FD0290FFF7D5FD03906846FFF756
S2140158F051FEFFF7D9FFFFF71BFEFFF72DFEE6E788
S2140159004F2A002006289ABF014B185C00207047DA
S2140159105444030030B5154B87B00293144B0390E3
S214015920049346F611030D46059300F077F9142803
S214015930044616D1684616F0C6FA4FF0A84303226D
S21401594002A95A6319601D619A63DA6B9207FCD14A
S214015950142C02D1684616F0C4FA00F093F90446F6
S21401596001E00028E9D0204607B030BD341D0020F4
S214015970040000202DE9F04FB1B005468C469E4646
S214015980E8466F4EDDF8EC90409C06F1100A47465B
S21401599030687168083603C75645B846F7D13E9B4E
S2140159A003EB0208C8F1000A0AF00F0AB9F1000F6A
S2140159B000F09D80C9F1000707F00F070121DDF80F
S2140159C0FCB044F00050C4F11006CDF810B00591BB
S2140159D00690300200F4F85040F021000790B9F12B
S2140159E0000F40F08680CDF820D047F00050002D03
S2140159F000F08480099121210A9041EA07210B9148
S214015A0042F00050CDF830C03D9B08A94FEA0A2C61
S214015A100D910E904CF041000F901093002A75D115
S214015A203E9B119143F0005312933C9B13901493A9
S214015A3010AB1593434B444A169340F61103179344
S214015A40424B0021002D08BF1346189314AB19933F
S214015A503F4B10221A9311231B931CAB18461DF0C3
S214015A609DFA01221D92002246F0804603461E96AC
S214015A70239205B9EB46102CCDF880B024AE4BD15D
S214015A800123224600213046219322941DF086FAF6
S214015A9020AB002125938F4218BF334647F0804242
S214015AA026923A9A2CA828922993B2FA82F35B0995
S214015AB049EA837310222B912A931DF06FFAB9F1EC
S214015AC0000F00D028AED04448F080432CA918A877
S214015AD02D962E93FFF71EFF30B92DB90346A3422C
S214015AE025D1002818BF2C2031B0BDE8F08F102733
S214015AF064E7CDF820E049F0005078E7002C3FF449
S214015B0079AF04A9099101210A9076E73E9B0CAA78
S214015B1011924120129388E71022002130462193EA
S214015B2022941DF03BFA002CB2D10123B1E703F118
S214015B30C0026A4412F8C02C01331043CFE700BFFD
S214015B405B4403001000002070440300744403000B
S214015B5004000020F0B5C0299FB0DDE9244557D0E8
S214015B60B1F5807F04D0802948D029201FB0F0BD30
S214015B7001265CB140F23447029410240396049443
S214015B80212401970594069502AC0AE040F21447D9
S214015B900294102403960494212405940124019769
S214015BA00695079401251024089409950A92212246
S214015BB00B950C940D92174A0AAD0E92164A0F9544
S214015BC0109242F6110211921293139514941592A3
S214015BD001AA1692D3B112AB17930423189311237B
S214015BE0199316AB1A901B9340F61103C9081C9122
S214015BF01AA806A91D93FFF78DFEB7E7012614B96B
S214015C004FF48267C4E74FF48667B5E70EABE3E768
S214015C100F20ABE76C4403001000001038B5164B9C
S214015C205A6E42F004025A66D3F8802242F001020C
S214015C30C3F88022114B5B68C3F3080343B14FF0EE
S214015C40A842D36B13F0430FFBD11424204638BD72
S214015C504FF0A843DC6B14F04304FBD1084D2B68CE
S214015C601BB90421284602F037FB2B68013343F0A9
S214015C7000432B60EAE700BF0080005000ED00E023
S214015C80341D0020014B00205B68704700ED00E0EA
S214015C904FF40052034B00209A660322C3F8602299
S214015CA0704700BF009000504FF40052034B002095
S214015CB09A660322C3F86022704700BF00A0005016
S214015CC0012300F01F02A0F506200949A0F5506047
S214015CD04009934051F820201A4341F820200549F5
S214015CE051F8202022EA030241F82020704700BF25
S214015CF04C1D0020381D00200121A0F506230E4A68
S214015D00A3F550635B0900F01F00814052F82300A1
S214015D10014342F823100949D1E900300344886859
S214015D200344C868096903445B1802BFC2E900332B
S214015D30C2E9023313617047381D00204C1D002054
S214015D402DE9F04FA9B003921D4604460822339E62
S214015D50CDE90401414021FA02F34B40980702F1D4
S214015D60080218BF9B00202A1C44F4D18123B4FBEF
S214015D70F3F303EBC313E41A734B04F506241B7801
S214015D8004F55064002B3ED1FEF708F8074620B113
S214015D906FF0910029B0BDE8F08F0146402208A8B7
S214015DA01DF0FCF84022394618A81DF0F7F8DFF878
S214015DB0B481DFF8B491C3460BF10F0ACDF800A009
S214015DC0102208A95B46D9F800001CF0C4F900228D
S214015DD0014608F1100808AF914246D1CDF800A05F
S214015DE05B461022D9F8000018A91CF0BDF94FF047
S214015DF0000A834618AFD34541D1544B9845DAD1B2
S214015E000122514B1A704FF0810A4FF00008DFF85B
S214015E105CB1A4F50627A7F550635B095BF8232060
S214015E2004F01F01CA40D2073DD4494A52F8233034
S214015E30CB40DB072AD5B8F1000F08BFA046812367
S214015E40A7F6FF47B7FBF3F303EBC313FF1A07F5F8
S214015E500624BAF1010A04F55064DAD1039BBBB1FA
S214015E60B8F1000F14D0444619E057F8040BCDE9F9
S214015E700612FFF725FF079A06990132ACE757F895
S214015E80040BFFF739FF0AF1010AB4E7039B13B9C4
S214015E906FF08B007EE7B8F1000F18BF4446349BC5
S214015EA000201C6076E7329B13B10023329A136000
S214015EB00EB1002333601023DFF8AC9000932A461E
S214015EC000232146D9F800000CF028FE60BB329969
S214015ED02A68204BC9B99A4206D02146D9F8000053
S214015EE00CF0B4FE0028D3D1D5E90223DDE9041075
S214015EF0834208BF8A42A2D1039B002BCFD06B6896
S214015F00012BCCD16FF0840044E7102032999A42DD
S214015F100860E2D1002EE7D033462146D9F80000CA
S214015F2018AA0CF04FFE48B10B4B9842D5D00B4B3C
S214015F309842D2D00A4B9842D6D029E7329A336893
S214015F4012689B1A3360CFE7502A002000710800C0
S214015F50381D0020105D175EFFDF00F011E000F035
S214015F60FEDF00F0006D08000C0B00204C1D002029
S214015F702DE9F04F87B08246894698461646DDF8E9
S214015F8040B02AB1002B4FD040F26C739A424ED8E3
S214015F90BBF1010F4ED8002406F110073946012047
S214015FA0059416F02EFB0546002846D021463A46B3
S214015FB01CF0F4FF05ABCDE9014300942B4601220A
S214015FC050464946FFF7BCFE044680B110F18C0FDF
S214015FD008BF6FF08D043A46002128461CF0DEFF0C
S214015FE0284616F01EFB204607B0BDE8F08F144B7E
S214015FF0C5E902A92B60C5F804B02EB13246414668
S21401600005F110001CF01EFF059E0E483B462A4671
S214016010314600680CF0EAFC18B93046FFF750FE2E
S214016020D9E76FF09104D6E76FF08604DBE76FF0EF
S2140160309104D8E76FF08504D5E76FF08C04D2E7BA
S214016040105D175E0C0B00202DE9F0438DB08146E4
S214016050DDE914780E4615461C469BB1B8F1000FD3
S21401606005D16FF0860630460DB0BDE8F083002FEF
S214016070F7D0B7F1005FF4D3C3F1005303F5004343
S2140160809F42EED81022002108A81CF087FF0022AC
S21401609007AB029305AB019306AB31460093484626
S2140160A008ABCDE90522FFF74BFE06460028DAD1FC
S2140160B0059BA4B1AB4215D853EA0504D1D1069B82
S2140160C00B48C8F8004000943A46079900682B44EC
S2140160D00CF024FD002818BF6FF09106C3E7AB4211
S2140160E0EDD2BEE75B1B9C4228BF1C46E7E700BF1C
S2140160F00C0B002030B58DB00C4605461022002151
S21401610008A81CF04BFF002207AB029305AB0193D6
S21401611006AB21460093284608ABCDE90522FFF7DA
S2140161200FFE0446D8B9099B012B1BD0079D104BC7
S214016130294618680CF08AFDB8B90122A5F5062390
S2140161400C49A3F550635B0905F01F00824051F826
S21401615023004240284641F82320FFF7CDFD204684
S2140161600DB030BD6FF08404F9E76FF09104F6E7E7
S2140161700C0B00204C1D00202DE9F04F89B007467E
S2140161800E46FFF799F9C00709D40424012015F03B
S214016190FDFD80B3013CF9D16FF0920028E010229A
S2140161A000210DEB02001CF0F9FE04A8FFF7E6F94A
S2140161B0049B002BE9D0059B002BE6D0069B002B09
S2140161C0E3D0079B002BE0D00025DFF8808008F1A4
S2140161D00409B54219D34FF48A74FFF767F900F042
S2140161E00E03062B2DD1C30501D5FFF791F900202B
S2140161F009B0BDE8F08FFFF759F910F00E03FAD099
S214016200022BF8D04105DFD5C4E7FFF749F9A6EB25
S214016210050A8400544528BF544699E80300002324
S2140162208DE80300CDE9054307EB050BCDF810B06B
S214016230029404AAD8F8003007CA15F013FD2544C5
S214016240C7E724FA03F3DA07A6D5C6E778440300BE
S2140162502DE9F04389B00E4615461F46DDF8488005
S21401626020B96FF0860009B0BDE8F0830029F8D0A8
S214016270002AF6D0B8F1000FF3D0038803F44F429A
S214016280B2F5824F02D06FF08500ECE7DAB2122A3F
S21401629001D0172AF7D123F0FF03B3F5E24F41D11E
S2140162A04488C8F8004044B9EB00B3F5807FC8F8CD
S2140162B00030E8D1122A0DD108E0E31DB5EBD30F6B
S2140162C0CFD1B4F5807FDED1122A29D1354B1C6897
S2140162D01B691C440023194670192C4414F801CD7F
S2140162E010F8012D1143B2EB0C020CBF4FF0FF3C2E
S2140162F04FF0000C86420CEA030343EA0203EDD199
S2140163000029AED0002BACDA109B9D4246D82A4617
S214016310314638461CF096FD119B00201D60A2E711
S2140163200024D7E73378042B9BD16B1EDB005B0878
S214016330B3F5807FC8F80030A5D1122A06F1010313
S21401634018BF4FF000094FF0400205934FF00003CD
S2140163500ABF144C4C46D4F80C90CDE90623FFF73F
S21401636097FC00287FF47FAFCDF80C90D8F800306A
S2140163700733DB08029308AB13E903008DE803003B
S214016380059B94E8070015F0BEFC0446FFF78CFC5D
S21401639000287FF468AF002CB6D062E76FF0890062
S2140163A061E700BF204303000388B3F5105F0ED1F9
S2140163B04388DB08103B102B0CD8084A22FA03F35B
S2140163C013F0010F14BF00206FF0860070476FF0C6
S2140163D0850070476FF08600704700BF010101001D
S2140163E02DE9F041069F0C461646054610B309B343
S2140163F002B9FBB96288B3EBD20F4FEAD20819D3C0
S2140164004C22002128461CF0C9FD0D4B27F47E12B4
S2140164109A4212D12046FFF7C7FF044638B94246D2
S2140164203146281D1CF00EFDC5F824802F6020463D
S214016430BDE8F0816FF08604F9E76FF08504F6E7B2
S2140164400002C0032DE9F0410E4614460546002819
S21401645040D000293ED092B10368214823F47E1330
S21401646083423AD1AF6BF7B1C7F1100807F12800A4
S2140164704245284406D227441CF0E4FCAF630020C2
S214016480BDE8F08142461CF0DDFC1022103C3C19B0
S214016490AA63F4D0284605F1280115F06AFD002804
S2140164A0EED14644A863102C0CD9671E27F00F07BF
S2140164B03A463146284615F05CFD0028E0D1E41B3B
S2140164C0DDD03E442246314605F128001CF0BAFCD8
S2140164D0AC63D4E76FF08600D2E76FF08800CFE7B1
S2140164E00002C0032DE9F04388461F4605468BB0DF
S2140164F070B169B163B10368234923F47E10884201
S2140165003ED113F47C1FC3F3054604D0102E03D9E5
S2140165106FF086042AE0102696422BD8FFF7B8FBC8
S214016520044618BBAB6B05F12802CDE901236B6A63
S2140165302A1DCDE904231023CDE9083007AB1A46FE
S2140165400390069005F13C0901A904A8CDF81C901A
S214016550FFF7ECF80546FFF7A7FB04466DB928B927
S2140165603246494640461CF06DFC3E6020460BB064
S214016570BDE8F0836FF08904F8E76FF09204F5E761
S2140165806FF08504F2E700BF0002C00307B56B4653
S214016590054A1068516803C36846FEF7A9FA002049
S2140165A003B05DF804FB00BF8444030013B5002468
S2140165B0064A6846536F43F00103536700948DF80B
S2140165C00440FEF7CDF9204602B010BD0040005051
S2140165D030B58BB06C46174D0FCD0FC40FCD0FC421
S2140165E095E8030084E80300134BD3F84C2112030B
S2140165F01CD5A3F5FE431C884FF6FF739C4208BFCB
S21401660079248DF81940FDF7A3FF204480F3080094
S2140166108DF818000948FCF741FF6846FDF7B8FEFB
S2140166203220FEF711F800200BB030BDD3F85041F0
S214016630E4B2E6E78C4403000080E00F00F0490274
S21401664030B5094D87B001AC0FCD0FC42B6801A83A
S21401665023602A238DF80530FDF7B2FF3220FDF7BF
S214016660EDFF002007B030BDB44403006FF0040313
S214016670502110B50A480B4C13F0800F03F10102AC
S21401668007D12344402A83F800131346F4D100208F
S21401669010BD03F00F03043B034419761346EBE7E2
S2140166A000ED00E000E100E010B5044615F0C7F883
S2140166B0024B1C6015F0C7F8002010BD601D0020BD
S2140166C010B515F0BCF8034B1C6815F0BCF8204655
S2140166D010BD00BF601D0020034B02221868002376
S2140166E08068194613F026BCFC0B002030B5144612
S2140166F0054687B0104615F014FD636902468342CD
S2140167003CBFD4E903315B181B1A7BB10F490494D3
S21401671003910021CDE90131012300932846D4E9F4
S214016720001314F057FF002007B030BD0122627637
S21401673094F82D20002AF6D084F835301321E36929
S214016740204698472046636A9847ECE7ED660100C5
S2140167502DE9F04788B004460F461646984615F0D0
S21401676075F88146002E7AD0237E03F0FF02002BB7
S21401677000F0A280204615F0D4FC6569A84205D138
S214016780637ED4E9033213445D1B01E0F9D9451B4E
S214016790B54228BF354615F059F894F82D30824693
S2140167A0002B6DD12A46384661691CF04BFB6369A4
S2140167B02E462B44636121E0037803F0FD01112985
S2140167C05BD1216B814205D1A3F111014B424B41B3
S2140167D084F83430013E6369216B01328B4203F148
S2140167E0010308BF2363636195426069E4D1D4E97C
S2140167F00323216B1344994200D122630025D4E977
S214016800032361691344994208BF6261207A657661
S214016810FDF70CF9204615F084FC6369834232D1FA
S214016820257694F82D30E568656103B12563204629
S214016830636A9847214B04940393002302932369C8
S2140168402A4601930123009363682168207A14F095
S214016850C1FE207AFDF70AF9504614F0FDFF4846BE
S214016860C8F8006014F0F8FFD8F80030002B0CBF11
S2140168701B20002008B0BDE8F08707F8013BAAE717
S2140168802E460022B0E70123207A23760DF11E0161
S214016890FDF754F99DF81E30002BDAD00DF11F01DB
S2140168A0207AFDF723F99DF81F100029D1D1224641
S2140168B0207AFFF71BFFCCE71646D0E7ED6601000E
S2140168C0002807DB01234109034A00F01F0083402B
S2140168D042F82130704700BF00E100E0002808DBE5
S2140168E001224309034900F01F008240603341F84A
S2140168F02320704700E100E070B504460568FFF705
S214016900DFFE844202D10020FFF7CEFE95F9366005
S2140169103046FFF7E3FF002E0CDB0122194973090D
S21401692006F01F06B240203341F82320BFF34F8FF5
S214016930BFF36F8F95F937603046FFF7CFFF002E14
S2140169400CDB01220F49730906F01F06B240203303
S21401695041F82320BFF34F8FBFF36F8F287AFDF7DF
S214016960A5F8287AFDF708F8FCF7E4FF0023284687
S214016970C4E90033C4E90433A360AB6ABDE87040E0
S214016980184700BF00E100E02DE9F0430C4615462C
S214016990064687B04022002120461F461CF0FEFA1C
S2140169A095E8030000232A692376EB6884E8030050
S2140169B0C4E904232A7DE36084F82C20AA7D23639E
S2140169C0012384F8343084F835300E9B84F82D206A
S2140169D023620F9BE7616362109BA3622B7A84F8A4
S2140169E036306B7A84F837302D4B346073602D4B1C
S2140169F0B3602D4B33612D4B73612D4BF360FCF768
S214016A00E1FF38B12B4B984204D01024204607B042
S214016A10BDE8F083002104F10800FCF75BFF0746A0
S214016A200028F2D14FF00108234B3362234B84F840
S214016A303C80B361224BF3619DF8483084F83900FD
S214016A4084F83B309DF84430204684F83A30697D1E
S214016A5084F8388015F075FB95F909904846FFF7DC
S214016A603DFF4846FFF72CFF164B0494CDE9027311
S214016A702369CDE900836368E2682168207A14F00F
S214016A80A9FD04460028C0D195F908502846FFF70D
S214016A9025FF2846FFF714FF3046FFF705FEB5E74A
S214016AA093C102005167010011C1020017C1020023
S214016AB0F9680100038000F0EBC0020043C1020048
S214016AC01DC10200ED6601002DE9F04101271C46BB
S214016AD0584B86B00293584B0C9D0193574B9046EA
S214016AE000930A46CDE903772946554BFFF74CFF3D
S214016AF00646002840F09680236839462B64636872
S214016B003A206B64637A85F84930237A85F84830F1
S214016B10E37A85F84B30A37A85F84A30637B85F8AB
S214016B204D30237B85F84C30E37B85F84F30A37BD3
S214016B3085F84E30FDF728FB3B460422617A207A21
S214016B40FEF76AF83B460222E17AA07AFEF764F87D
S214016B5039466068FDF718FB88F8006041462068F2
S214016B60FEF7C0FA1422637C5B0103F1A04303F530
S214016B707033C3F81C26617A227A42EA0142C3F8CE
S214016B803426E17AA27A42EA0142C3F82C2685F835
S214016B90506098F81930032B4AD8DFE803F03447E1
S214016BA0021C022385F8503000230422E17BA07BDF
S214016BB0FEF732F8022741F21C61627C214B03EB9F
S214016BC042104750E07BA17BB13241EA004103EB22
S214016BD04213996017E0012785F8503002220023FE
S214016BE0617B207BFEF718F8637B227B617C42EA9F
S214016BF00342154B49015A500422236803F580537A
S214016C00DA65002FD0D1237A2A6C85F84830637A6A
S214016C10052185F84930D36C206843F00403D3641A
S214016C2014F03EFE304606B0BDE8F0810027D3E7FB
S214016C302326F7E7C1C20200B5C202004DC3020017
S214016C4041C3020000C0035024D60350BFF35F8F38
S214016C50074B5A6A22F480325A62D3F8942022F003
S214016C600102C3F89420BFF34F8FBFF36F8F7047B5
S214016C7000ED00E070B52948294CFFF7E7FF844294
S214016C80284D294919D1D5F8C03023F0FF0343F028
S214016C90A003C5F8C0304FF080430A68214D234E4B
S214016CA0C5F8982043F0010301328442C5F89C6080
S214016CB0C5F8A0300A601ED00DE0D5F8C02020F03F
S214016CC01F03203B22F0FF0242F0A002B3F1005F57
S214016CD0C5F8C020E1D2164B0A68124823F01F03FC
S214016CE043F00303C0F89820C0F89C30114B0132E2
S214016CF0C0F8A0300A60BFF35F8F0522094BC3F8C6
S214016D0094205A6A42F480325A62BFF34F8FBFF31F
S214016D106F8FBFF34F8FBFF36F8F70BD140D0020C1
S214016D20EC0E002000ED00E0641D002003000020B2
S214016D300B0F0020E1FFFF3FF8B51446FFF786FF73
S214016D401F2C27D90027C2062A4D1CBF20F01F0082
S214016D5020302A68CB06284B18BF21F01F01FCB251
S214016D60A2422BD8D3F8C04020F01F0024F47F4461
S214016D7044F4807421F01F01C3F8C04040F00300C2
S214016D80C3F8982041F003010132C3F89C00C3F810
S214016D90A0102A600020BFF35F8F0522164BC3F8B0
S214016DA094205A6A42F480325A62BFF34F8FBFF37F
S214016DB06F8FBFF34F8FBFF36F8FF8BDC3F8984047
S214016DC0D3F89C40D3F8A06024F01F04A04226F01C
S214016DD01F0601D1B142DDD0B04201D8A14207D28F
S214016DE0D3F89840013724F0FF04C3F89840B6E77B
S214016DF02820D0E7641D002000ED00E0BFF34F8F90
S214016E000549064BCA6802F4E0621343CB60BFF340
S214016E104F8F00BFFDE700BF00ED00E00400FA055C
S214016E20054B1A782AB95B78002B0CBF0320022089
S214016E3070470120704700BF5B2A00200329F8B580
S214016E4098BF124B05460E468CBF00245C5C032897
S214016E5005D8DFE800F002080B0E44F002040C4BE4
S214016E601F684FB9F8BD44F00804F8E744F0200461
S214016E70F5E744F08004F2E77B681A68144203D011
S214016E80314628465B6898473F68EAE7C8440300EE
S214016E90941D002038B5104D2B78ABB10F4C2378DC
S214016EA01BB100F0B7FB00232370002015F0B7FAE2
S214016EB00B4C50B100F000FC0023012120782B7010
S214016EC0FFF7BCFF0123237038BD0122054B1A7062
S214016ED02278054B1A70F7E7562A0020542A00201C
S214016EE05D2A0020572A0020582A002010B514F0E9
S214016EF0A6FC064B04461B781BB1BDE8104014F0F7
S214016F00A2BCFFF7C7FF2046F7E700BF532A0020C1
S214016F10094A137830B101331370084B1B78012BE3
S214016F2003D87047013B13707047054B1B780BB9AC
S214016F30FFF7B0BF704700BF5B2A00205D2A002024
S214016F40572A002070B514F07AFC124E05463378A5
S214016F509BB900F0EDFC044620B1284614F073FC02
S214016F60204670BD0C4814F05BFA00F089FF0B4B0D
S214016F701C6000F0A9FD0A4B186000F02BFA15F012
S214016F8050FA084B0024186001232846337014F089
S214016F905AFCE5E75E2A0020941D0020681D0020AB
S214016FA0901D00206C1D00202DE9F843284A013869
S214016FB0135C39B1274F013339781354012904D8AA
S214016FC0BDE8F883013B1354FAE7FFF729FF0128D0
S214016FD0044635D814F033FCDFF88480054698F86B
S214016FE0003013B31C4E33781BB9012232701B4A92
S214016FF01370DFF8709099F8003023B100F00AFBA7
S214017000002389F80030284614F01DFC012015F0F5
S21401701006FA14F014FC337805461BB100F04CFB5D
S21401702000233370002388F80030284614F00BFC48
S2140170303878A042C4D02146FFF700FF3C70BFE776
S2140170400329F5D10228F3D115F0EFF9F0E700BFD7
S2140170505B2A00205D2A0020532A0020572A0020A0
S214017060562A0020542A002010B5044614F0E7FBE7
S214017070002C0CBFFF210121064A13780B44DBB21A
S2140170801370B3FA83F3BDE81040034A5B0913702B
S21401709014F0D9BB5A2A0020592A002038B514F01A
S2140170A0CEFB094B05461B78012B04D814F0CBFB0D
S2140170B00024204638BD054B1C6800F047FB0444FD
S2140170C0284614F0C0FBF4E75D2A0020681D002066
S2140170D038B54160044614F0B2FB05462146044823
S2140170E014F0A1F92846BDE8384014F0ACBB00BF47
S2140170F0941D0020054B1B685843054B00F5742072
S21401710000F23F20B0FBF3F0704700BF901D002057
S21401711040420F002DE9F04F85B0EFF3108772B6AD
S214017120AFF3008014F0C5F800286FD0804EDFF86A
S2140171302C82337823B10020FFF7EAFE0023337058
S214017140FFF76EFE0446002867D0841EE4B2012CC9
S2140171506AD9FFF765FE01280546764CDFF80092EE
S21401716000F28C802078854240F0C680207800F0BE
S214017170D7FA99F8003013B16F4B1B782370AFF331
S214017180008007B962B6EFF3108772B66B4B1A78B8
S21401719052B100221A70684B20781B78984203D1AE
S2140171A001212170FFF74AFE654800F0FBFB14F051
S2140171B08FF805460028BCD1624BDFF89481187021
S2140171C098F80030ABB189F80000DFF88C9199F897
S2140171D000301BB100F01EFA89F80050002015F0AF
S2140171E01EF9002800F09B8000F066FA002388F85C
S2140171F00030337823B10020FFF78AFE0023337076
S21401720000212078FFF71AFE00232370AFF30080D9
S21401721007B962B605B0BDE8F08F3378002B98D079
S214017220FFF776FE347094E7002003A900F008FC0F
S214017230044600288DD1D8F80030039A9A4205D822
S2140172400120FFF765FE0123337082E73E4B1D6880
S21401725000F07CFA039B05449D42F1D200F08EFAC1
S2140172608200039942F0020292B2CDE9004223461F
S214017270364A491B324815F0D9F86AE7344BDFF82D
S214017280C4A093F800B0BBF1000F25D100F046F979
S2140172902078854230D19AF800307BB92C4D2B7876
S2140172A0002B7FF463AF2B4B1B7823B900F0ACF9AE
S2140172B00122294B1A7001232B7057E7022DEDD1BD
S2140172C08AF800B015E02378022B25D100238AF82E
S2140172D000301BF0EDFA1FE0207885420CD19AF8B9
S2140172E00030002B3FF442AF022DD7D100238AF89D
S2140172F000301BF0DDFAD1E70023DFF848A08AF85A
S214017300003099F8003013B92946FFF797FD9AF82F
S21401731000302570002BD6D1012DBFD826E70120DD
S21401732000F0FEF907B962B6EFF3108772B655E7BB
S214017330552A00205D2A0020582A0020512A0020C4
S214017340701D0020592A0020681D0020ED6E0100E6
S214017350562A00205A2A0020542A00206C1D00209C
S214017360572A002010B514F06AFA0022044B1C7844
S2140173701A7014F068FA00F0C9FC2043C0B210BDC0
S214017380522A002073B5114E0446337883420FD03B
S2140173904FF400730E4DADF8043058B101A8FDF757
S2140173A07BFA4020FFF7A6FE2B68181A2860347077
S2140173B002B070BD8DF8050001A8FDF76DFA4020FA
S2140173C0FFF798FE2B681844F0E700BFF90C002081
S2140173D0CC1D002073B5002401A88DF80440FDF7EC
S2140173E021FB2046FFF7CEFF404A4149136F414833
S2140173F003F007030B60D2F800113F4D01F00301C3
S21401740001604FF400203D49032B48664FF40030DD
S214017410486601F598318969C1F3400129705DD04C
S214017420D2F8203103F00303981E43424341D2F8B9
S2140174302421334C02F00702022A08BF43F001035D
S2140174404FF4C8702370FFF755FE00222D4B2E49CE
S21401745018602E4E0B680132D2B20A2A46F8040B87
S214017460F9D1034400EBC00003440B602B78284D90
S21401747063B323781D4A3BB9D2F8003103F0030306
S214017480591E4B424B412370D2F8003103F00303DF
S214017490022B25D0032B26D0012B17D1FBF7F8FFA3
S2140174A0024698B11B4B1C4EDC6800231946C4F3F8
S2140174B00B04013404EB84040138E4FB060112F0EA
S2140174C01BFAFFF717FE2B6803442B601F20FFF7FC
S2140174D011FE2B6803442B6002B070BD0123A6E7A2
S2140174E0FBF7F0FFDCE713F093FFD9E700800050CD
S2140174F0D01D0020D41D0020622A002000900050DC
S214017500632A0020981D00209C1D0020A01D00203D
S214017510CC1D002000C0015040420F00074A084918
S214017520D2F8203103F003030B60D2F82431054A68
S21401753003F00703136014F094B900BF00800050F5
S214017540DC1D0020D81D002008B5104B1A78C2B1EA
S21401755000221A700E4B1A6F22F0070242F0010247
S2140175601A67D3F8202142F00302C3F82021D3F88A
S214017570242122F0070242F00302C3F82421FBF77C
S21401758071FF0122034B5A6708BD00BF612A002024
S2140175900080005000E000500122154B10B55A67DC
S2140175A0144B154C1B7813B3022014F0E4FFF0B112
S2140175B000F076FAD8B1A36DD90302D5E36D9A0728
S2140175C015D40D4B9B6DDB0711D401220B4B1A70A2
S2140175D014F0B0FFBDE81040094B0A4A1860136F5B
S2140175E023F0070343F003031367FBF73BBF10BD0C
S2140175F000D00050632A002000C00050602A0020FE
S214017600C81D0020008000500122014B1A707047EF
S214017610612A0020F8B51F4B1B78002B39D01E4C71
S2140176202378B3B91D4B9A6DD10302D5DA6D920753
S2140176302FD49B6DDB072CD414F07CFF184B194A12
S2140176401860136F23F0070343F003031367FBF778
S21401765009FF14F06FFF124B134D1B68134EC01A2F
S2140176602B78134F56F8232046F82300111A3A6850
S2140176701048521A0A213A600932B2FBF1F201337C
S214017680DBB20260B3FBF1F201FB12332B70002375
S2140176902370F8BD632A0020602A002000C0005035
S2140176A0C81D0020008000505F2A0020A01D002079
S2140176B09C1D0020981D002008B514F0D5F8124B2B
S2140176C012491A6F096822F007020A431A6710491D
S2140176D0D3F82021096822F003020A43C3F82021C7
S2140176E00C49D3F82421096822F007020A43C3F89B
S2140176F02421094B1B7813B10122084B9A62BDE87D
S2140177000840FBF7AFBE00BF00800050D01D002030
S214017710DC1D0020D81D0020632A002000E0005058
S21401772002280AD003280BD001280CD1064A136977
S21401773023F00403136130BF70470020FDF7B8B88B
S2140177400020FDF7E3B8704700ED00E0054B187820
S21401775018B1054B186800EBD000044B1B681844A1
S214017760704700BF632A0020981D0020CC1D002012
S2140177700122014B1A707047632A0020014B1878CA
S214017780704700BF632A002038B514F0E1FE0025DB
S214017790084B094C1A682368C31A2AB123B15169E8
S2140177A0994203D3C91A5161206038BD55615B1AED
S2140177B09268F2E7E81D0020E41D0020C38870B53A
S2140177C004460D463BB9FFF769FC8542064602D2E0
S2140177D014F019FE35460E4965610B688BB90C60CD
S2140177E0A3600DE0AD1A9A68184665616AB1134642
S2140177F05A69AA42F6D930B18460521BA3605A6115
S21401780070BD0020F4E70C60F7E79C60A260F7E724
S214017810E81D002038B5134D2B685B6993B1124AF9
S214017820022014681C4414F09AFE204600F0BCFAAC
S21401783000230E492A680B70D088800709D50123DA
S2140178400B7038BD022014F08AFE022000F0F6FA12
S214017850EEE79268002AF4D050690344012BEBD975
S214017860EFE700BFE81D0020E41D0020652A002088
S21401787070B516469DF81420C0E903360271049AC5
S214017880BDF818300260002204460D468260C380AF
S214017890EEB914F05DFE2844A0619DB12E4613F0AA
S2140178A0CEFF0546FFF770FF31462046FFF786FFFD
S2140178B0104B1B68A34201D1FFF7ACFF284613F01B
S2140178C0C2FF02E0E36865617BB9002070BD14F079
S2140178D03FFE3044A061002DE0D1E3686561002BD6
S2140178E0DDD0204621689847D9E720462168984789
S2140178F0EBE700BFE81D002000220C490B687BB1B6
S21401790083420AD183687AB1936083681BB15A694E
S21401791041690A445A61002070471A469B68EEE79F
S2140179200028EFD0022070470B60EEE7E81D00202C
S21401793070B513F08BFF144E05463478FCB9134B23
S2140179401C60134B1C60134B1C8000F0EBF90120EC
S21401795014F005FE14F01EFE0F4B0246186020B907
S214017960284613F079FF232070BD234640F2E73105
S2140179700A4811F0C1FF0A4B1860012333702846EC
S21401798013F06AFF0020EFE7662A0020E81D0020BA
S214017990E41D0020D0290020EC1D002018FCFFFF6C
S2140179A0E01D002070B5044640B313F048FF144EA6
S2140179B00546FFF7E9FE3068A04209D02046FFF7EA
S2140179C09BFF0446B0B1284613F03DFF204670BD2C
S2140179D0FFF792FF04460028F5D133683BB9022031
S2140179E000F014FA284613F02EFF0024EEE7FFF706
S2140179F011FFF7E73368002BF4D1F0E72224E5E71F
S214017A00E81D002038B50C460546A8B1A1B10023F3
S214017A100B7013F01BFF0121084B1B6833B913F0E1
S214017A201BFF002038BD9D4204D121702278002A18
S214017A30F9D0F4E79B68F1E72220F3E7E81D002080
S214017A40F8B506460F4613F001FF00250446124B13
S214017A501B6823B9204613F0FFFE1B2011E05A696C
S214017A601544DA88B2420DD114F072FD0B4E33681C
S214017A70C01AA8420AD3002320463B6013F0ECFE4E
S214017A800020F8BDFF2EEFD09B68E2E714F060FD02
S214017A9033682B441B1AEFE7E81D0020E41D002085
S214017AA008B5074B187848B114F044FD054B1B6820
S214017AB09B69C01A02288CBF0020012008BD00BFA8
S214017AC0652A0020E81D0020014B1868704700BF9A
S214017AD0EC1D0020F8B50C4B05461B680E4683428C
S214017AE00FD3002440F2E7302146084B4FF47A7258
S214017AF01F680023E5FB070111F0FEFE30602046FB
S214017B00F8BD2120FCE700BFE01D0020EC1D002091
S214017B10F0B51F46002387B00C46164605468DF87D
S214017B20133050B30DF11301FFF76CFF9DF81330BE
S214017B302BBB204605A9FFF7CDFFE0B9114BE88323
S214017B401B6828465C434FF47A73B4FBF3F203FBDD
S214017B501244191B89B2994208BF0021BDF834307E
S214017B60A983059A02939DF830301146CDE900733A
S214017B703346FFF77DFE07B0F0BD2220FBE702206B
S214017B80F9E700BFEC1D0020014B1868704700BFE5
S214017B90E01D00200F4B10B51A689AB14FF47A71A8
S214017BA0531E1342A0FB01010ED1B2FA82F2C2F1BA
S214017BB01F04531CD243E04001FA03F3184321FA91
S214017BC002F20243104610BD002311F095FE024654
S214017BD0F8E700BFEC1D0020C2072DE9F843044674
S214017BE00BD5474A138801339BB21380FFF7CCFDB0
S214017BF0444B1B680BB1FFF70DFEA3077DD513F0B1
S214017C0025FE4FF0000805464646FFF7BDFD3D4FF1
S214017C103C680CB163698BB100223B4B012E1A7094
S214017C2003D118F0020F18BF1E70002C61D0FFF7A9
S214017C30F1FD2846BDE8F84313F00EBE23465A6907
S214017C403AB91A792179914288BF1C469B68002B64
S214017C50F5D1284613F000FE2569DDB114F078FC55
S214017C60A269A0EB02084FEAE873A84573F1000386
S214017C7011DB23691344A361E368B4F80680013677
S214017C8013B120462168984713F0E0FD0546FFF73B
S214017C907BFDBDE7A84613F0D9FD81462046FFF7D8
S214017CA02BFE484613F0D8FD2369002BE4D0A38BA6
S214017CB0B5EB080533B1E28B13449BB2B3F57A7F7B
S214017CC00FD2E38313F0C2FD804629462046FFF714
S214017CD075FDA369226940461344A36113F0BCFDF8
S214017CE0CAE7A3F57A73E383A369013D013BA36168
S214017CF0E8E7022000F08AF89BE7BDE8F88300BFBA
S214017D00D0290020E81D0020642A002010B513F0B9
S214017D109DFD034B1C7813F09FFD204610BD00BF50
S214017D20642A00201FB500241C4B012118689A887C
S214017D300290D3F806009B7A00903E20ADF80C2006
S214017D408DF80430FCF720FA02A88DF808408DF86B
S214017D500C40FDF721F9694601208DF80040FDF73A
S214017D60D7F84FF0B04240F2FF31936923F47F73A6
S214017D7023F0030393610A4B5961936A13F00803D6
S214017D80FBD113620120FDF7DDF84FF48052054B5D
S214017D90C3F880211A6004B010BD00BFCC440300B4
S214017DA00020005800E100E010B5044613F047FD3E
S214017DB04FF0B042936A1907FCD4136A116C5269EA
S214017DC0520604D4CA1A032A01D899420ED1E21ADD
S214017DD0022A98BFDC1CB4F1FF3F38BF013C4FF0CC
S214017DE0B0431C649A6942F040029A6113F02BFD7D
S214017DF0054A13783BB14FF0B041CB6B43F0020319
S214017E00CB630023137010BDFA0C0020820700F02C
S214017E1001030AD50121084A43F0400311704FF0CF
S214017E20B041CA6B22F00302CA634FF0B0418A69BF
S214017E3022EA03038B617047FA0C0020830742BFD6
S214017E404022014B5A6170470010005810B513F0DC
S214017E50FDFC4FF0B04304465B695A06074A03F03F
S214017E60010003F0510348BF40F002005361FFF7E1
S214017E70B3FE2046BDE8104013F0EEBC00200058CB
S214017E800A4B10B5D3F8403203F00303013B012B34
S214017E900BD813F0D4FC044601210220FFF784F826
S214017EA02046BDE8104013F0CEBC10BD0080005047
S214017EB0024A0349034805F07DBB00BFD8440300CE
S214017EC0F04403001045030010B50A46044619B1F4
S214017ED0024B00211B68984710BD00BF100B002005
S214017EE00E4B0340B3F1607F06D1B1F5885F14BF36
S214017EF06FF0860000207047B3F1707F0BD101F45C
S214017F00E043B3F5005F06D111F4E06F0CBF6FF0EC
S214017F108600002070476FF0860070470000C07F23
S214017F208A42F8B506460C4600F0DB806F4922F41B
S214017F30FF7323F001038B420ED06D4B22F0FF013D
S214017F40994209D06B4822F47F7323F003038342DE
S214017F5002D0694B994228D1684B24F0FF0199421F
S214017F600FD114F0FF000BD0654B40F00070984223
S214017F7040F0B98082EA0400FF288CBF002001206F
S214017F80F8BD5B4B9942ECD0A3F588539942E8D0F3
S214017F9024F4FF7323F00103B3F1062FE1D0564812
S214017FA08142DED053498B42DBD004F0FE43B3F16D
S214017FB0A06F14D102F0FE43B3F1A06F40F093809E
S214017FC082EA040333F47E1340F08D8014F40040FB
S214017FD0D6D0C4F30540C2F305429042CDE7B3F1D3
S214017FE0407F6AD102F0FE43B3F1407F7BD182EA43
S214017FF0040535F47E1576D131462046FFF770FF2D
S214018000002870D13F4B12F47C1703EA02031BD001
S214018010B3F1607FC2F305473FD13B49D3B243F08A
S21401802000738B423DD003F17E43043B0F2B01D8F6
S2140180303649CD5C14F47C1FC4F3054333D1BD42ED
S21401804014BF002001209BE7B3F1607F0DD12E49BC
S214018050D3B243F000738B421DD003F17E43043B41
S2140180600F2BDAD82A49CF5CD7E7B3F1707FE1D17D
S21401807006F4E043B3F5005F03D10127C6F30223FC
S2140180809F4006F4E043B3F5005FD3D10125C6F364
S21401809002218D40CEE71027BFE7B3F1707FC9D12B
S2140180A0EFE71025C6E712F47C1F01D1AB4218D0CA
S2140180B022047FF565AFBB425FE7B3F1106F12D1C3
S2140180C024F01F6020F4702068B902F0FE43B3F17B
S2140180D0106F7FF455AF0F48104040F01060A0427B
S2140180E0AEE701204CE700204AE700BF0002000689
S2140180F0001300060004000600090006000300063F
S214018100FF0000020000C07F030000023E4503009E
S2140181103E4503000000FFF62DE9F843174600220E
S21401812088461C4600F0A6F9054688BBD8F80060CC
S214018130B6F8009009F4E043B3F5804FF36808BF42
S21401814027F0010737EA03031AD10CB3254B24F0B5
S214018150FF029A421FD114F0FF0304D0224A43F0D3
S2140181600073934232D0224648463169FFF7D8FE63
S214018170074668B9224648467169FFF7D1FE70BBCB
S2140181806FF0840500233046C8F8003014F097FDE0
S2140181902846BDE8F883154B9A42DCD0A3F58853F0
S2140181A09A42D8D024F4FF7323F00103B3F1062FCB
S2140181B0D1D00F498A42CED00E4A9342CBD004F09A
S2140181C0FE43B3F1407F04D12304CCD56FF086057E
S2140181D0D8E7B3F1A06FF7D0034B9C42C2E73D4608
S2140181E0D6E700BF00030006FF00000200130006EA
S2140181F0000900060004000638B500F0FE43B3F19E
S214018200407F04460D4602D06FF0860038BDFFF76A
S21401821067FE0028FAD114F47C1F12D0C4F305437C
S214018220032B137022D9284A2240B2F1607F3DD138
S214018230264AE4B244F0007494422BD1102BE5D9BF
S214018240E2E7214B2340B3F1607F15D11F49E3B22A
S21401825043F000738B4202D110231370D6E703F16B
S2140182607E43043B0F2B04D9002313706FF0850067
S214018270CCE71749CB5CD3E7B3F1707FF4D101F4B7
S214018280E043B3F5005FEFD10123C1F302218B4038
S214018290DBB2C5E704F17E44043C0F2CB4D80D4A8A
S2140182A0125D9342B0D8142BB0D9DFE7B2F1707FDC
S2140182B0AAD105F4E042B2F5005FA5D10122C5F3CB
S2140182C00225AA40EDE700BF0000C07F03000002C0
S2140182D03E4503003E45030037B50B4D0C462B7853
S2140182E07BB100230A460193014601AB281D13F01A
S2140182F071FE20B9019BA34218BF6FF0930003B033
S21401830030BD6FF08800FAE7F01D002008B500F0D8
S2140183105FF8064B5A7812B10022C3E90122BDE884
S21401832008400C210148FFF7CFBD00BFF01D00201B
S21401833070B50C4D2B7873B913F04AFE044668B934
S21401834002230126C5E90100AE706B7000F038F813
S214018350044618B92E700024204670BDFFF7D6FFDC
S214018360FAE700BFF01D002000F100420332022AA6
S21401837038B504460D4609D82C21104B01FB0233B3
S2140183809A68824211D06FF08B0010E0012114F040
S21401839048FC78B1094B9A68944206D05A6B9442CD
S2140183A006D01A6E9442EED1583300202B6038BDA9
S2140183B02C33FAE76FF08700F9E700BFFC1D0020B9
S2140183C00122024B002083F884207047FC1D002008
S2140183D070B5094C002526460421204614F032FCCF
S2140183E00135204614F06AFA032D04F12C04F3D16A
S2140183F0002386F8843070BDFC1D0020F8B51B4CA8
S214018400064694F884300F464BB30025234629468A
S21401841093F820001A46B8B125B91A7912B1022884
S21401842008BF1D460131032903F12C03F0D115B90C
S2140184306FF08C0015E00421284614F003FC68B99F
S214018440284614F03BFA2A460020094B141BA410B8
S2140184505C4304F10044033C34603A60F8BD6FF0BD
S214018460880000233B603360F8E700BFFC1D002056
S214018470A38B2EBA2DE9FF4100230B60394B8046B2
S21401848093F884300D461646002B68D0FFF76CFF34
S2140184900446A0B92EB9286804B0BDE8F04114F02E
S2140184A0FBBB012E04D00024204604B0BDE8F081B9
S2140184B00521286804B0BDE8F04114F0C3BB10F1F3
S2140184C08C0FF1D1294601A8FFF798FF0446002832
S2140184D0EAD101232F68CDE90200C7F808803846A3
S2140184E07B6003AA02A914F095FC044688B1DDE975
S2140184F0020114F08DFC2D680421284614F0A2FB1D
S214018500284614F0DBF914F18C0F08BF6FF08704CE
S214018510CAE7DDE90212384614F05BF90446DDE9E4
S214018520020114F075FC002CE5D10221384614F046
S21401853089FB04460028DED12868C368D90444BFF5
S21401854043F48063C360C3689A0444BF43F4006382
S214018550C360002EA0D0012EA5D10521AAE76FF099
S2140185608804A1E7FC1D002030B40D4D2C681C606A
S2140185706C685C6000249C605468DC6014881C8213
S21401858054885C82D4685C6114699C61526930BC11
S214018590DA6119620A46014603F124001AF052BC58
S2140185A04E4503002DE9F843232904460F4691461C
S2140185B09846089E04D86FF098052846BDE8F883CB
S2140185C0082219491AF0C0FC05460028F3D1A36811
S2140185D0002BF0D1216A243F8F42C8F80010EAD35D
S2140185E0B1F5005FE7D271B9C9F80000E3687360BE
S2140185F0238A3380638A73806369F360A369336176
S214018600E3697361D9E7012013F0FBFFC9F80000A5
S21401861030B1D8F8002004F124011AF013FCE5E784
S2140186206FF08C05C9E700BF4E450300F7B5054658
S2140186306B461646164A0C461068516803C395F8F1
S2140186402A3008336B4413F8087CAB8DDA0609D45C
S214018650334622463946284614F066FC00F5FA7081
S21401866003B0F0BD20461BF07AF8AB8D00F10A048A
S2140186709B074FEAC40405D030461BF070F804F59A
S2140186800C740444E823781E584304FB0700E5E70E
S214018690564503009022174B10B51C68002102FBBB
S2140186A0004420461AF07AFC134B04F108001B68BC
S2140186B00021DB78637615F000FD4FF40063E38458
S2140186C02385072384F82A301323FF22A385236AF0
S2140186D084F8242043F01303236284F85420074BC4
S2140186E0074A2046C4E91C32C4E92032BDE81040DE
S2140186F014F03EBC841E002058200020D6BE898E71
S21401870055555500F0B5104B02461E6893F804C047
S21401871035464FF0FF3400239C4508DC91B1631CBD
S21401872010D0902303FB046080F82420F0BD95F858
S214018730247028469742F9D0FF2F08BF1C46903573
S2140187400133E9E70020F1E7841E002070B50446F6
S214018750234D002842D0083001F014FD0026FF23E7
S21401876004F1400084F82430E6611AF073FF04F146
S21401877044001AF06FFF04F148001AF06BFF04F191
S2140187804C001AF067FF04F150001AF063FF2868E6
S214018790144B201A00115843C0B214F0BCFB01461A
S2140187A0304614F0B3FBE06E10B100F037FEE6661B
S2140187B0606E18B114F0C2FB00236366A06E14F05D
S2140187C0B9FB0023A36670BD286806FB0400FFF70B
S2140187D0BDFF01342B79A342F6DCF4E79026F9E7D6
S2140187E0841E0020398EE338F7B5044616F094FF50
S2140187F0C0F30F23542B3ED9AA2B34BF01230223E7
S214018800C0B27E288CBF0222012203218DF80430DB
S2140188101344B3FBF1F000EB40001B1A8DF8053052
S2140188201344B3FBF1F202EB42029B1A8DF80630B9
S214018830002318461D461A46104901AF4B7517F816
S214018840016B44FA06FC1CF0010F06D053009E4053
S214018850012330430132C0B2D2B20135EDB2032D4D
S214018860EDD103B148754B7D43EA82134B75FF2367
S2140188700B7503B0F0BD0023C2E700BF841E0020C5
S214018880064B1B68D97ADA78437E5B1A9342A8BFF7
S214018890DAB20021427614F0A7BB00BF58200020B0
S2140188A0B0F862302BB9836813F4601F08BFA0F8D4
S2140188B0623011B1012911D070474369417E23F01E
S2140188C010034361064B1A68D37A92780B4493429D
S2140188D0D8BFDAB20121427614F086BBFFF7D0BFCB
S2140188E0582000202DE9F0410025344E8AB0337916
S2140188F0AB4203DC01200AB0BDE8F0819023346866
S21401890003FB054494F82430FF2B0DD0236A98010D
S21401891006D504F1500840461AF019FF074628B953
S214018920226A12F0A06F1ED10135E0E7BB7908A9D3
S2140189300C333B44D8689A7A1B8AC2F38012ADF88E
S214018940243000238DF81F2008901A460DF11F00D1
S21401895014F0F8FA38469DF81F2094F8241008AB56
S21401896015F02AFCD7E7A38D1D2B18D13C23FF2138
S2140189700020CDE90431CDE902000121CDE9000056
S21401898004F12E03C2F3802215F061FE0028B2D056
S2140189904FF0A06104F1200014F096FAC4E712F03B
S2140189A0807F08BF3C214FF0000218BF432194F896
S2140189B0393094F8240015F05CFDE7E7841E0020AA
S2140189C02DE9F0411F46C36904460D4616468BB194
S2140189D069B912F03BFF06462946A06E14F0A6FAC6
S2140189E02046294614F0E9FA304612F035FF0020F9
S2140189F0BDE8F0810029FAD0036A03F01203022BC6
S214018A0000F0BA80236ADD0700F1BE8094F82430B6
S214018A10FE2B0CD104F1550001F07AFE01F070FE38
S214018A2028B14FF4800104F1200014F045FA256ABC
S214018A30614B2B40B3F5807F00F0B980A8052FD598
S214018A40C5F3802504F12E0800224146284614F07D
S214018A507DFA002184F8540014F087FA414600227A
S214018A60284614F078FAA18D20B194F95400002814
S214018A7080F296804FF4007104F1200014F024FA7D
S214018A80A28D02F00302012A0AD14146284614F0BB
S214018A9062FA28B14FF4006104F1200014F00CFAD8
S214018AA0236AD90600F18180D4E910122046FFF727
S214018AB0BDFD012F0ED040F27123E28C5A43904245
S214018AC008D9228D5A43904273D800F51C70B0FB2A
S214018AD0F3F0E084394BE361002384F83930236AEC
S214018AE0E168B4F8625023F4803284F83870226268
S214018AF021613DB913F0100F0CBFC8253C25257622
S214018B0005F2B3154EB140F27121238D42F4803245
S214018B10C3EB06134B432262E363236A43F4002349
S214018B202362274B1B68DB78637612F08FFE63693E
S214018B30074643F0100304F108002946636115F067
S214018B40BCFA012002F0E2FD28B963691A075CBF8E
S214018B5043F00403636126B116F01AFEE36B034487
S214018B60E363204602F0DCFD384612F075FE012173
S214018B70A06E14F0DBF93AE7406C1AF0F0FD00281D
S214018B807FF440AF0C2033E7E36E002B7FF43EAF5B
S214018B9000F0EEFBE06600287FF438AF092027E7F7
S214018BA001F0010114F0E1F96AE7064B93E71220A0
S214018BB01EE745201CE700BF00014000F1CE020081
S214018BC058200020FD8C010070B500249026094D28
S214018BD02B79A34200DC70BD286806FB040090F8E0
S214018BE02430FF2B04D000231A461946FFF7E8FE6F
S214018BF00134EDE7841E00202DE9F04F91F806B010
S214018C008DB00BF10C0B04460E46012201EB0B0551
S214018C100DF127000AA914F0A4F9824668B19DF85F
S214018C2027100AAF384600F021FC60B1304612F03A
S214018C3003F900200DB0BDE8F08FA97A05F10C0705
S214018C40C1F38011EEE7E36EE06695F807900793AF
S214018C50236A4846298956F80BB003F0100803F03A
S214018C602DFC8344B8F1000F39D1A9F10303012B80
S214018C7094BF0323022340F271225B0002FB03B27E
S214018C801D4B1B685B79637605F11803BAF1000F7B
S214018C9027D09DF8271094F824E0B8F1000F24D0CF
S214018CA04FF0010CA87AC0F3401095F90550CDE9B4
S214018CB002E0CDE90071CDE904C50121079800F075
S214018CC04BFCB8F1000F05D016F009FD0121204636
S214018CD014F073F9304612F0AFF80120AAE7012329
S214018CE0C9E7A97AC1F38011D5E794F88FC00120AE
S214018CF00CF00F0CD9E700BF58200020012810B552
S214018D000C461CD0022822D030BB084614F089FB42
S214018D1040F27121E38C228D94F82A00D21AE3687E
S214018D2003F59C53083301FB02332361FFF75CFD17
S214018D300A4B2046BDE81040996802F045BF02F094
S214018D4053FE844208D1BDE8104016F0C8BC084660
S214018D50BDE81040FFF794BD10BD00BF841E002083
S214018D6038B50A4D0020FFF7F1FCAB6813B10022BD
S214018D701A60DA8015F07EFA00242B79A34200DC13
S214018D8038BD2046FFF786FC0134F6E7841E002036
S214018D9070B52A4C0546A06818B112F04DF80023AC
S214018DA0A360FFF7DDFF002014F0B9F855B90320E2
S214018DB025712560E58211F08BFF207914F0AFF85C
S214018DC028B970BD02201AF0B2FDA06048B900258E
S214018DD0A0682571256060BB002014F0A0F807206C
S214018DE0EFE70026032025712660E68211F070FF6A
S214018DF0B542E2DD05EBC501090133460122032038
S214018E0089B211F017FF06460028E0D1032011F0C1
S214018E108FFF20600028DAD0902231466A431AF08C
S214018E20BDF82379B342C8DD3046FFF733FC01367F
S214018E30F7E712F001F8A560CEE700BF841E002018
S214018E4030B5174B826A1B681206597926D5028FF0
S214018E501C79436B1203B2FBF3F2631AB2FBF3F213
S214018E60B0F89C3003B1013BD0F8A05005B15B10BF
S214018E701B02B3FBF2F35B180CD090F895200F2A77
S214018E8008D91209B3EB820FB8BF00234FEA82015B
S214018E90A8BF5B1A9C42A8BF1C46E1B2417630BD12
S214018EA058200020084B9A7E82420AD94FF4A472B9
S214018EB01B6802FB0030836A13F0100F08BF002006
S214018EC070470020704700BF9C1E0020084A0949D1
S214018ED01368C31AD810002B01FB00F005DB937E44
S214018EE08342D8BF4FF0FF3070474FF0FF307047D6
S214018EF09C1E0020199C8FC170B504460E4612F0C8
S214018F00A5FC3146054604F1300014F0CEFA2046A1
S214018F10FFF7DCFF01218140054814F0C6FA4FF443
S214018F20807004F033FD2846BDE8704012F094BC12
S214018F30C01E0020F329F8B504460D46724E25D111
S214018F40338D63B9A36813F4601F00F0BA80238FD2
S214018F50626B1B01B3FBF2F3F32D9FB22DD12046BA
S214018F6014F044FBB4F89C70002F40F0B380A36A61
S214018F7013F0800F0CBF3E23082384F87730204679
S214018F80FFF75EFFF32D36D1012057E073695906CE
S214018F9040F18F80836A1A0740F18B80336900F1B4
S214018FA04001436015F02EFD338D002BCAD0238F70
S214018FB0626B1B01B3FBF2F39FB2618FB4F89C2086
S214018FC09BB25B1A9A427EDC736994F836019B0762
S214018FD04CBF0021022116F059FC40F202237269AF
S214018FE09343BCD12046A4F89C7014F000FB2046A5
S214018FF0FFF726FF0127A36A1807C5D5628F002A47
S214019000C2D013F4C05FBFD1726912F00C0FBBD18E
S21401901040F202239343B7D1D4F8A430002BB3D146
S2140190202046A18F15F09DFE002855DD638F013384
S214019030984251DC0128A7D0013880B2236BA4F8EE
S2140190407C00590409D54FF4804104F1300014F036
S21401905034FA00212046FFF74FFFB4F87C20A38F97
S21401906094F870101344A387B4F89C309B1AA4F8A4
S2140190709C3094F86F3002FB01332522B3FBF2F1EA
S21401908002FB113384F86F304FBBA36A1A0702D470
S2140190901E4B1B6898472046082115F01CFD2046EC
S2140190A00221FFF729FF2046BDE8F840012102F022
S2140190B085BB318D238F626B00293FF443AF1B01C3
S2140190C078E7338543E7737F002B86D0032194F836
S2140190D0360180E7012752E7608F0130ADE7204671
S2140190E013F00DFF2046A18F15F0C5FCA36A0546B7
S2140190F01B0702D4054B1B689847002DCBD0204692
S214019100BDE8F84014F014BB9C1E0020D01E0020C1
S2140191100022074B10B55A77202204465A6114F0F4
S21401912010FA84F83601204614F066FB10BD00BF25
S2140191309C1E0020012810B50C462AD0022830D0EB
S21401914000283DD191F8953060F3071381F89530EA
S2140191500846FFF7DDFFA36A20461B0716D502F077
S214019160C7FF042001F06AFB50B3164A937F3BB356
S214019170D37F0133DBB2D37792F821209A421FD8EE
S214019180BDE810404FF0806004F000BC03F084F9A5
S214019190E7E702F029FC844212D1BDE8104002F054
S2140191A09BBF91F895302046C3F30312013262F358
S2140191B0071381F89530BDE81040F321FFF7BABEDA
S2140191C010BD00BF9C1E002010B501F097FBFB22CE
S2140191D0114B10F0020F1A770CBF01220322410730
S2140191E0197E48BF42F0040262F3030119761A7E23
S2140191F0C2F3030161F307121A764FF4417100229C
S2140192001984DA76DA835A621A611A85034BBDE845
S21401921010401B68184700BF9C1E0020C81E002077
S2140192202DE9F8434B4C0546A06818B111F004FE31
S2140192300023A360022011F04BFD5FFA85F80020A1
S21401924013F06BFE404614F098F90646002868D1E4
S214019250404614F09DF90746002862D1002D75D0CE
S21401926005EB850105EBC101C90033460122022049
S21401927089B211F0DFFC002850D14FF4A479022006
S21401928084F81A8011F054FD09FB05F731463A4679
S214019290206019F083FE32462368681E03EB09013D
S2140192A0824233DB002DA7F5A4724FF00001D8BF30
S2140192B0002299502846636013F02FFE88BB404673
S2140192C014F04DF968BB404614F04FF9074640BB11
S2140192D0002D16DD02201AF02AFB0223A060C371BE
S2140192E083793946C3F102020C33D2B2184419F01D
S2140192F055FE0121A3689A7913441A7B61F3010292
S2140193001A73FFF761FF3046BDE8F88309FB02FCDC
S214019310013243F80C1001F5A471C1E7C4E90077E6
S214019320A7760025002014F028F9002014F030F963
S2140193302846C4E90055A57614F011F9284613F01D
S214019340ECFD022011F0C4FC0726DCE72B46A576CF
S2140193502560AFE79C1E0020014B987E704700BF3A
S2140193609C1E0020014BD87E704700BF9C1E00202B
S214019370F8B5284D12F06AFA6C681CB912F06CFA4E
S2140193802046F8BD4FF4A476012723686B60EB7E78
S2140193900133EB7612F060FA32460021204619F0CE
S2140193A0FDFD04F128004021676114F07EF82B8B47
S2140193B00722A4F8443194F83731002167F30303F8
S2140193C084F837314FF6FF73A4F87A302B7FA4F870
S2140193D0866084F8423144F29023A4F8403194F830
S2140193E0853004F1080062F3030384F885300A4BE4
S2140193F0C4F8883003F1CE5303F59813C4F88C30C3
S21401940041F61B33A4F890301B2384F8923014F0F5
S21401941054FEB5E79C1E00204801480170B504467D
S214019420002614F061F904F1080000F0ABFE0D4BC4
S21401943020461B689847C4E90A6612F007FA0546F3
S2140194404FF4A4723146204619F0A8FD064B284673
S2140194505A682260DA7E5C60013ADA76BDE87040CE
S21401946012F0FAB9CC1E00209C1E00202DE9F04116
S21401947006464FF480400F4601F0E0F9044630B945
S2140194800E4B1D6893F81A807135A04502D800204E
S214019490BDE8F08155F8493CDA0609D5C3F38003E7
S2140194A0BB4205D106222946304619F04DFD18B1BA
S2140194B0013405F5A475E8E70B20E9E79C1E0020BA
S2140194C008B5B0F894305A1C62F30B03A0F8943038
S2140194D0042001F0B3F970B1074A937F0133DBB280
S2140194E0937792F820209A4205D8BDE808404FF0BD
S2140194F0806004F04BBA08BD9C1E002038B58B79FD
S21401950005460B449B7D0C4603F00303032B09D150
S21401951001212C3013F0C9FF4FF4006105F128003A
S21401952013F0C3FF21460548A5601AF023F9BDE8EC
S21401953038404FF0005004F029BA00BFA81E0020A2
S214019540014B1877704700BF9C1E0020014B187F07
S214019550704700BF9C1E00202DE9F74F1D4616469A
S2140195602A4604469DF838309DF83C8080F89B30AA
S21401957052F8103B0F46C0F8283100F14401B8F10B
S214019580000018BF0120DDF830A09DF840909DF83E
S21401959034B003F015FF204615F096FA204613F076
S2140195A0F9FF16F079F949460246204613F0ECFF1A
S2140195B0C82320460DF10601ADF8063013F0D7FF9B
S2140195C047F6FF73A4F83031AB88A4F82C31AB7999
S2140195D084F82E31DAF80030C4F87130BAF8043065
S2140195E004F1280AA4F87530BBF1000F03D004215A
S2140195F0504613F05AFFB8F1000F04D04FF4005153
S214019600504613F052FF4FF4607001F017F9C0F3A3
S214019610C018C3054FEA881848BF48F0800881057E
S21401962048BF48F4807812F011F983464FF48261FE
S214019630504613F03AFF414604F12C0013F035FF73
S214019640584612F009F9BB1E012B7AD84FF40021B7
S214019650504613F02AFF01212046FFF74DFC042156
S214019660204615F038FA6B7D2046C3F3040384F8D0
S21401967070306A8907F0FD0752006263697B2A7BB6
S21401968042EA01226287E97BAA7B42EA012222871B
S2140196906A7D84F86F30C2F3421284F83E200022BD
S2140196A00523A2870122A4F89C30A4F87C209DF90A
S2140196B0441013F074FF01F01BF920F40060C4E9B4
S2140196C008012046FFF7BCFB3A4A3B4BB2F828801C
S2140196D0B8F1000F68D1002F38D140F2C718666084
S2140196E0E3612046166113F0F1FEB9F1010FE06067
S2140196F00AD094F83731204669F3030384F83731EA
S21401970009F00F0114F0F0F804F10800414614F0D6
S214019710D4FC012001F0FAFF28B963691A075CBF7F
S21401972043F00403636140F271216B892046013BDB
S214019730594313F0EAFE204601F0F2FF03B0BDE8FC
S214019740F08F012F87D140F2014185E74FF4D7789A
S214019750E36140F271272B8940F608015B0007FBA5
S21401976003665046666004F1400613F09EFE3146DD
S214019770204615F047F92B89314601335B00204618
S2140197807B4304F1340201F0C7F8EB7931465B0004
S214019790012220467B4315F03BF9236C20469E08A8
S2140197A013F094FE3044A0E76660E361002FD0D149
S2140197B097E700BF9C1E00203591010070B51D463D
S2140197C0C36A04461B07164613D408212C3025F419
S2140197D0105513F06AFE25F01005064B2D04334094
S2140197E02D0C2046C4E90835BDE870404021FFF73E
S2140197F083BB70BD2FCF87F72DE9F04F85B00446A8
S2140198000191084689B34B799A071FD419F0A7FF2F
S214019810019D70B96B79DB0705D54FF4803104F1F2
S214019820280013F042FE01A819F014FF05B0BDE8A8
S214019830F08FA36ADF0309D54FF4803104F12800C5
S21401984013F03BFE6B7943F001036B71019E11F03F
S214019850FDFF737931469E0705461ED504F1AC001F
S21401986019F097FF284611F0F7FFDFF8909111F0F5
S214019870EDFFA36A0746DD0514D5D4F8AC3043B135
S2140198809A7913441B7B392B03D829FA03F3D8079B
S21401989011D4384611F0E0FFC8E704F1A80019F02A
S2140198A069FFDFE794F94631022BF2DCD4E92A237B
S2140198B072B9002BEDD004F1AC0019F0E9FE0546B3
S2140198C0384611F0C9FF2946204614F0BBF9CEE709
S2140198D0002BF0D194F89280039304F1A80BD4F8EE
S2140198E0A86096F807A0B379AAEB030A5FFA8AFA8A
S2140198F0C24527DC584619F02AFF0546A8EB0A0898
S2140199006B7929466FF3C3036B7103A819F032FF15
S214019910D4F8A8302BB15B79990702D1B8F1000FC2
S214019920DDD1039B002BB4D09B79022B40D80020BD
S21401993019F0FDFF014670BB039904F1A80019F068
S21401994028FFA6E7002019F0F2FF054630B9039973
S21401995004F1A80019F01DFF03959AE78079B17903
S2140199600C300C3142463144284419F06BFAEB793D
S21401997053FA88F3EB71B379727953FA88F3B371BA
S2140199806B794FF0000862F300036B7173796FF324
S21401999000037371B4E7039B4A79587960F30002B8
S2140199A04A715A7903A86FF300025A7119F0ECFE56
S2140199B0E36A9A0512D50398034600680028FBD18E
S2140199C0DB79C3F14503DBB2032B07D819F0AFFFF0
S2140199D001460028B0D003A819F0CCFED4F8A83070
S2140199E013B15B79DB0704D5039A537943F0080377
S2140199F05371384611F030FF039965E77C2C02005D
S214019A0070B5036B0446990786B001D513F06CFE5A
S214019A10236BDA0733D5A66A330723D516F4002F4E
S214019A2014BF032501252046FFF750FA94F89B3012
S214019A30294605930023049394F83E30C6F380022A
S214019A400393238F80B20293638F0193636BC3F3F7
S214019A504F03009304F1710314F0F9FD30B90020AF
S214019A6006B070BDB50C05F00205DCE7012104F176
S214019A70300013F022FD4FF4005113F016FD236B56
S214019A80980410D52046FFF721FAA16AC0B2C1F3A7
S214019A90403114F0AAFB0028E1D04FF4005104F144
S214019AA0300013F00AFD236BD90409D500212046A6
S214019AB0FFF7A2FE4FF4805104F1300013F0FDFCD5
S214019AC0236B5A0512D52046FFF700FA002394F8B7
S214019AD09B50C2B21946284614F0CBFC0028BED0D3
S214019AE04FF4806104F1300013F0E7FC236B5B0751
S214019AF011D52046FFF7EAF9616B238F628FC1F318
S214019B004F0180B214F083FD0028A8D0042104F18F
S214019B10300013F0D2FC236B1E0709D5204615F042
S214019B200EFB00289BD0082104F1300013F0C5FC81
S214019B30236BDD0618D52046FFF7C8F9E16A80B227
S214019B4011F4805100F0C580002114F0F5FD0028C5
S214019B5085D04FF4805104F12C0013F0AEFC102197
S214019B6004F1300013F0A9FC236B580615D52046E6
S214019B70FFF7ACF994F8773080B20093D4E9082364
S214019B8014F0BDFD00283FF46AAF0023402184F89D
S214019B90773004F1300013F090FC236B190516D5CD
S214019BA02046FFF793F900230093B4F89830B4F8F1
S214019BB0962094F89A1080B214F0D7FA00283FF451
S214019BC04EAF4FF4006104F1300013F076FC236BC6
S214019BD013F4804532D19A0516D52046FFF776F95B
S214019BE094F8371194F8772001F00F0180B200F055
S214019BF0F9FC00283FF433AF4FF4007184F8775036
S214019C0004F1300013F059FC236B1B0616D52046D1
S214019C10FFF75CF9B4F88C3080B2009394F8913079
S214019C20B4F88A2094F8901014F0B8FD00283FF498
S214019C3016AF802104F1300013F03FFC236B9E0623
S214019C4012D52046FFF742F994F8771080B214F047
S214019C508AFD00283FF403AF0023202184F87730E3
S214019C6004F1300013F029FC236BDD0508D504F15F
S214019C7030004FF4807113F020FC204615F0F4F804
S214019C80236B180408D504F130004FF4004113F09B
S214019C9014FC204613F024FE236BD90308D504F1E7
S214019CA030004FF4803113F008FC204613F067FCB7
S214019CB0236B9A0308D504F130004FF4003113F0FA
S214019CC0FCFB204613F069FC236B9B0704D40120A0
S214019CD0C6E614F048FD3AE700222046114613F086
S214019CE05AFC204613F059FC2046FFF7EFF894F88B
S214019CF0771080B214F0EDFD00283FF4B0AE0221DB
S214019D0004F1300013F0D9FB2046FFF787FB024B26
S214019D101B689847DBE700BFC81E0020F8B5002384
S214019D20124A02F1240151E8004F41E80035002DA6
S214019D30F7D1012734B9BDB10D48294613F0B5FB5B
S214019D402046F8BD94FAA4F0B0FA80F007FA00F6BF
S214019D5024EA0604FFF7A6F80028EBD0FFF750FE2A
S214019D600028E7D13543E5E70120EAE79C1E0020FD
S214019D70C01E00202DE9F74F04460190002860D050
S214019D80C5794FF000080C35054411F05FFD4646D5
S214019D9000904FF4A47A40462B4FBA7E5FFA88F9BA
S214019DA04A4517D90AFB09FB3A685A44916ACB0619
S214019DB044D5B2F89420C2F30B02002A3ED0E279D1
S214019DC0C2F14502D2B2032A15D8022019F0AFFD1E
S214019DD0044640B900230098FB8311F03DFD304650
S214019DE003B0BDE8F08F014601A819F0C3FC0020BE
S214019DF0E5790C35254404220123002112FB0033AA
S214019E0005F82090E9543B6802FB005C5B44B3F81C
S214019E10943001368CF80230032312FB0032A95429
S214019E203B6801305B44B3F89420C0B261F30B0287
S214019E30A3F89420E379F6B20433E37108F101083C
S214019E40ABE70646CBE700BF9C1E0020F7B5684689
S214019E5003F0AAFA00254FF4A477124EB37EAB4264
S214019E6001DC03B0F0BD346807FB0544A36A03F0C8
S214019E701803102B13D10522694604F1450019F089
S214019E8063F860B10121204615F00FF838B90120BA
S214019E9019F04DFD014610B1204601F00DF90135CE
S214019EA0DCE700BF9C1E00202DE9F74F11F0CEFC29
S214019EB0424BDA6800920022DA6011F0CDFC009B7A
S214019EC013B903B0BDE8F08F684619F0E1FB82795B
S214019ED0876802F10C04044401460190A07A0A3214
S214019EE010F0200F14BF0320022002448A71FA6A80
S214019EF052050FD5E07AA27A42EA0022384614F0DB
S214019F008FF838B901A819F0A5FB3D21384613F0A2
S214019F1079FFD4E7BA6A94F80AB012F4007201998C
S214019F200BF0030013D003288A79EBD10A44127B85
S214019F30392AE7D8224B23FA02F2D307E2D54A7927
S214019F40384642F002024A7100F0BEFDB7E7032828
S214019F50F5D048790BF0030B62F3410048710846CF
S214019F6094F8069094F905A019F0F9FB019D0646B0
S214019F70AC793846063CE4B2AC71FEF7A7FF0C3468
S214019F80C0F3032305EB040843EA0B1388F80330F8
S214019F902B46F6B288F80200A8F8046005F804A07B
S214019FA088F801905A796FF341025A711B68002BA9
S214019FB0F8D1284614F030F981E700BF9C1E002036
S214019FC07C2C0200002370B50D46D1688AB009BA10
S214019FD00291C178C66861F30703817836BA61F3E6
S214019FE00F23417806AC61F317439168069609BAC8
S214019FF00391816809BA07915168126809BA12BAC1
S21401A000049105920178426861F31F6312BACDE9A3
S21401A010082323468022012002A9009411F0F6FEAF
S21401A0200028F6D1DDE90810DDE9063200BA09BAE2
S21401A03012BA1BBA28606960AA60EB600AB070BDEC
S21401A040F8B504460026084F0CB90748F8BDA179B3
S21401A050E579B8196D1AEDB20C3121442A4618F08B
S21401A060F1FE2E442468EFE7D81E0020F8B504461A
S21401A0700026084F04B9F8BDA079E579B9192D1A5B
S21401A080EDB20C3020442A4618F0DCFE2E4424683B
S21401A090F0E700BFD81E0020104B1A7842F0F002FD
S21401A0A01A701A7C42F0F0021A7493F8202042F0DB
S21401A0B0F00283F8202093F8302042F0F00283F873
S21401A0C0302093F8402042F0F00283F8402093F8C5
S21401A0D0502042F0F00283F850207047E81F00201D
S21401A0E00368054A23F07F6323F4002302EAC14292
S21401A0F013430360704700BF0000F80FF8B54488AB
S21401A100054604F00704072C1C4E28D111F09EFBCF
S21401A11000221101735C06EB02171B090F2B0AD0F4
S21401A1200132062AF5D1164A13880133138011F03D
S21401A13093FB1920F8BD2B6894B27B8011237354CE
S21401A14011F08AFB15F024FB06EB0413D8602B688C
S21401A150002023F4E02343EA04432B60EAE72301CB
S21401A160F15CC1F30312013202F00F02052A28BF87
S21401A170002262F30711F154E4E700BFE81F002054
S21401A180D229002038B54488054604F00704072C78
S21401A1900FD011F05BFB074A2401135D43F0F00377
S21401A1A013552B6843F4E0232B60BDE8384011F0CB
S21401A1B053BB38BDE81F00202DE9F0474588074608
S21401A1C005F00705072D894637D01D4C4FEA0518BF
S21401A1D014F8086015F0DCFA04EB051ADAF80C300E
S21401A1E0360906EBC506C01A04EB4606708014F85D
S21401A1F0083003F00F02042A9EBF013262F3030304
S21401A20004F80830B9F1030F14D114F8081004EB60
S21401A2100514A01C01F00F0115F0CFF9044611F04A
S21401A22015FB3A68074B134023433B60BDE8F047F4
S21401A23011F012BB4FF6FF74F1E7BDE8F08700BFDF
S21401A240E81F00200000FF7F064A08B59268824298
S21401A25007D0427922F0030242F00302427103F072
S21401A260FDFB08BD4820002010B5064C204619F01D
S21401A270F1F9201D19F0EEF904F10800BDE81040CF
S21401A28019F0E8B94820002010B5022019F04FFB5C
S21401A290034C6060022019F04AFBA06010BD00BFAD
S21401A2A04820002008B5FFF7DFFF0022024BDA60E6
S21401A2B0BDE80840FFF7E8BF48200020014B58687A
S21401A2C0704700BF48200020014B9868704700BFC8
S21401A2D04820002038B50C4CE3681BB1E36898476A
S21401A2E00023E36023686BB1074819F0D1F90546EE
S21401A2F040B123681BB14FF0004003F047FB2846EE
S21401A30014F000FB38BD00BF4820002010B5084CF3
S21401A310E0604FF0004003F039FB00BF00BF00BF14
S21401A32000BFE3681BB1E36898470023E36010BDF4
S21401A3304820002038B58379044603445B7B13F03C
S21401A340300F437923F0030308BF43F00103437141
S21401A35011F07CFA05462146054819F00BFA4FF034
S21401A360004003F013FB2846BDE8384011F074BAEC
S21401A3704820002010B5084C6068837918440F30D7
S21401A38000F08AF90023A0681A46BDE810404FF68F
S21401A390284113F0A0BE00BF48200020242816D86C
S21401A3A00F2805D802280CD8B0FA80F0400970476B
S21401A3B0084B103880B2C34003F0010383F001005C
S21401A3C070470538012894BF0020012070470120FE
S21401A3D0704700BF2D2011002DE9F04F95B0FFF713
S21401A3E06DFF42F23603867905460C3630F8068054
S21401A3F0841998450ED1FFF761FF022119F001F982
S21401A4007F22A3780233A370AA5500232022237744
S21401A410627063770121E078FEF774F9002306463F
S21401A420002800F0D780CDE91233237AE2888DF830
S21401A4304A30E37AADF848208DF84E30A388B4F858
S21401A440092013F01000ADF84C2003F0050306D0E8
S21401A45093B1E37D012B51D00025122614E07BB386
S21401A460E37D657E012B37D16B1EDBB2022B09D84B
S21401A47000F044FA012338E04FF48043DDE912127C
S21401A480914220D900251126FFF71EFF01233246EF
S21401A4904146ACB213F01FFE002DCCBF0534053C7F
S21401A4A024B2002E40F099800A2394FBF3F4E4B220
S21401A4B0FFF70AFFC3791844C47215B0BDE8F08FE0
S21401A4C04FF6FF73DAE71F29DCD99A42DAD8E37D23
S21401A4D0657E0028BED1C5E7032BD3D16B1EDBB248
S21401A4E0022BCFD800F00AFA04230342CAD0032D68
S21401A4F008BF04252840C0B20028C3D0E07812F077
S21401A50011FD20B1A088FFF749FF0028A4D0344AE6
S21401A510237F1278002A54D0042B9DD8637F042B06
S21401A5209AD8A388DB0653D415F0B6F90121C822C0
S21401A530084002F0AFFD94F91630B4F804E003EBDE
S21401A5408303B0EB430F4FEA4302637B677E0F93AF
S21401A550A37BE188109304F10F031193637F94F8B2
S21401A5600C9094F815A094F818B00546E07DC8BF85
S21401A57015B2B4F809200C93237F03280B93E37ECE
S21401A58008BF0420032F08BF0427003B18BF012380
S21401A5900A93A37E1FFA85FCCDE90873119BCDE9CA
S21401A5A0060B0293109BCDE904ACCDF80C900193F9
S21401A5B00F9B304600935FFA8EF312F068FD064655
S21401A5C062E7002B7FF45EAF637F002BA9D059E7CB
S21401A5D00020ABE70546072656E7002468E700BFDC
S21401A5E0672A0020F8B5074601200D46164619F0E1
S21401A5F09EF90446C0B106220C2113F07FFD691EA8
S21401A600C9B2032988BF0022A37998BF074A03F17C
S21401A6100C0398BF525C234420469F80DE70DA719B
S21401A6209A71FFF711FE0120F8BD00BF5E450300D9
S21401A630F8B5FFF743FE83791844B0F80F60B0B25F
S21401A640FEF730FC0446C0B113F0B6FA0138C0B2CA
S21401A650032814D800270B4B1C5CFFF735FE054674
S21401A66004233A4642F2300113F035FDAB790C3340
S21401A670E818C68004724472F8BD0227EDE700248C
S21401A6802746EAE75E450300024B1A6802609B888C
S21401A690838070476F2A002013B50D4C28B10368DC
S21401A6A023608388A38002B010BDFAF7ABFCCDE926
S21401A6B000019DF80230BDF80020A370BDF80530FA
S21401A6C02280A4F803309DF807306371EBE700BFE2
S21401A6D06F2A002010B5044611F0B8F82268064B20
S21401A6E01A60A2889A80054A137843F00103137012
S21401A6F011F0B2F8012010BD692A0020682A002056
S21401A700024B1878003818BF01207047682A0020CD
S21401A710024B1A6802609B8883807047692A002072
S21401A720024B186908B103F031B97047480F002091
S21401A730002310B53C4A02F1100151E8001F02F156
S21401A740100C4CE80034002CF5D140EA0104A102BB
S21401A75001D501F04FF8220101D502F05DFB002C76
S21401A76001DAFFF7B7FD630001D513F0B0FCA000D6
S21401A77001D5FFF799FBE10007D5FEF7B3F820B93D
S21401A7804FF08051294814F010F9620107D513F0F3
S21401A790DEFA20B94FF08061244814F006F9A301CF
S21401A7A005D515F072F8FFF751FB12F0C0FBE0017A
S21401A7B008D512F0D8FE072804D14FF080711B4847
S21401A7C014F0F3F8610201D512F0ABFB220201D5B9
S21401A7D012F09BFBE30207D512F0C3FE20B94FF43B
S21401A7E08011124814F0E1F8A00507D500F03AF9F7
S21401A7F020B94FF400710D4814F0D7F8E10507D5DC
S21401A800FFF78CFA20B94FF48071084814F0CDF8A0
S21401A810620503D513F05DFC13F05CFC230501D53E
S21401A82014F0CBF810BD00BF480F0020580F0020D1
S21401A8300146014814F0B9B8480F0020014B1B68C7
S21401A84018407047480F002010B5044BD3E9064264
S21401A85004430A43C3E9064210BD00BF480F002067
S21401A86070B51E4D04462B68002B03DAFFF71AFD60
S21401A870002031E04CF20C000021FFF7E5FF002339
S21401A880174E336024B163682B60A36803B133604D
S21401A8904FF00040FFF7CCFF33680BB9114B336024
S21401A8A0114B1248AB6000232B7310F001FBFFF72E
S21401A8B0F3FB2046F7F744FC70B92CB1B4F90E103F
S21401A8C0B4F90C0001F028FE14F0EAFF02F03EFD98
S21401A8D002F0C4FC0028C9D070BD00BF480F00209C
S21401A8E058200020FB0C002021A701004C0F00205F
S21401A8F0014BD3E906017047480F0020054B9B69C1
S21401A900DA054CBF032001201B0548BF40F00400B8
S21401A910704700BF480F0020F8B517461C460D4685
S21401A920064602F0B7F91C4BBA7A1C4953F82220A6
S21401A93053F820308C421A4424D9194B9C4214D91E
S21401A940184B013C93FBF2F3002BB8BF03339A106C
S21401A95004EBA304B4FBF2F371682A68A1EB93013C
S21401A96002EB430271602A60F8BD0F4B0F49A3FB4F
S21401A97004435B0902FB03F303F6C313A1FB0313B2
S21401A980DB0AE9E702FB04F3094A03F574338F3364
S21401A990A2FB03231B0CDFE7A04503004C6210005B
S21401A9A01366660640420F001F85EB515917B7D153
S21401A9B083DE1B43024B1A6802601860704700BFB3
S21401A9C0602000200022024B1A6000F0FBB900BF95
S21401A9D0602000202DE9F843064612F023FE0446C7
S21401A9E0002835D045784DB910F030FF23786370D4
S21401A9F01B4B1B682570636010F02EFF4FF001089B
S21401AA00677837B923781BB34FF4007002F0BEFFA6
S21401AA101EE097FAA7F5B5FA85F508FA05F55FFA87
S21401AA2085F9636833B90E4B27EA050565701B681F
S21401AA306360E5E79B681BB963681B686360F0E7C2
S21401AA40494630469847012805D163681B6863600C
S21401AA500120BDE8F8830228EED10020F9E700BF07
S21401AA606020002070B500250D4EFEF775FCA8424B
S21401AA7001D8012012E03068FEF714FA50B93468A4
S21401AA80FEF76AFC0134B4FBF0F303FB1044013516
S21401AA903460EAE7FFF79EFF0028F0D170BD00BFE3
S21401AAA05C20002010B50446837903441B7B392BB8
S21401AAB096BF044AFF21D15C18F0A3FDA0790C30A3
S21401AAC0204410BD624503002DE9F34105460C46BE
S21401AAD0019112F09AFD830605D501A818F0BAFD7A
S21401AAE002B0BDE8F081019FBE790C36BB5D392B03
S21401AAF018D8164A12F80380B8F1FF0F12D038465C
S21401AB0018F02DFE013840450CD1114B1E6896B940
S21401AB1021462846A37923441A7B02B0BDE8F041BA
S21401AB2014F03BB8019818F095FD2846BA5D0199D6
S21401AB3014F033F8D4E773680BB93668E7E72146B3
S21401AB40284698470028F8D0CAE700BF62450300A8
S21401AB506020002037B504460D46202112F057FD2F
S21401AB602946204612F0BDFD2146012014F0BCF80E
S21401AB702146002014F0B8F8012000232146034A9C
S21401AB80009014F042F803B030BD00BF73EA020033
S21401AB9073B50C461646054614F018FA80F0010007
S21401ABA02946C0B212F028FDC368012C9A7907D055
S21401ABB032462146284602B0BDE8704014F00CBA71
S21401ABC013441022DB8A294600920020024A14F020
S21401ABD01CF8204602B070BDD9EF020037B5044616
S21401ABE014F034FA0321204612F02CFD002503460A
S21401ABF021460120034A009514F007F8284603B0C1
S21401AC0030BD00BFBFEE02002DE9F3470746022024
S21401AC100E4618F08CFE0546002846D0B379002172
S21401AC200C333344B3F80480B3F806A0B3F80890A5
S21401AC3013F069FF2846FFF735FF02210446384620
S21401AC4012F000FDA4F804806081A4F806A0A4F820
S21401AC50089014F061FD08F10108B0FBF8F303FB5E
S21401AC601800022360806370AB79B371EA7903F14F
S21401AC700C00F271D21AD2B22918304418F0E2F858
S21401AC803946012012F0B8FC1022C66063893946A5
S21401AC9001200092064A13F0B8FF3846294613F001
S21401ACA030FF002002B0BDE8F0870720FAE700BFBA
S21401ACB0D9EF02002DE9F34104460D460146012075
S21401ACC012F09AFC01210746284613F01CFF28467D
S21401ACD0FFF7E8FE064600F10108404602F064FB75
S21401ACE0D6F801300221C7F8123073792046BB75B9
S21401ACF012F0A8FC29460746F080204613F001FF13
S21401AD0020232146009301203B46034A13F07DFF92
S21401AD10002002B0BDE8F081A5EF02007FB5044631
S21401AD200D460146012012F067FC50E8003F43F44F
S21401AD30806340E80036002EF7D1204614F046F92D
S21401AD40D8B3204612F066FC430715D53346324683
S21401AD5020460DF10F0112F016FF9DF80F30062B5D
S21401AD600AD8284610F068F8012200232046FEF78C
S21401AD7025FD002004B070BD0E21284613F0C3FE49
S21401AD802846FFF78FFE0646FFF7B2FDC6F8051008
S21401AD90FFF7AEFD2946C6F80100204613F0B1FEC6
S21401ADA00321204612F04EFC002203460092214663
S21401ADB00120034A13F029FFDBE70821DDE700BF86
S21401ADC0C3EE020010B5054C054A2046054914F0AD
S21401ADD067F82046BDE81040FFF7ECBD6420002070
S21401ADE08BF0020051AF0100F7B58B7904460C33A6
S21401ADF0CE18CB5C0D46023B0F2B00F2A080DFE89D
S21401AE0003F0089E9E9E9E739E829E9E2C689E9E2A
S21401AE109E4F10F01BFD71780746204612F061FC2C
S21401AE202021204612F0F3FB2146012013F05CFF9F
S21401AE302146002013F058FF0123009300232146EA
S21401AE401846404A13F0E1FE28460FF0F5FF384653
S21401AE5010F002FD012003B0F0BDB388728871784E
S21401AE6012F077FE204612F0D5FB830708D4294658
S21401AE70204614F0EBF80121204613F02CFEE9E7FA
S21401AE802146012012F0B8FB2F4B82689A4203D16B
S21401AE902146012013F0F8FE28460FF0CDFFEAE721
S21401AEA077780846B6780FF0C7FF162F05D13246D9
S21401AEB00321204614F082FACCE72146012012F045
S21401AEC09BFB8368002BC5D032460321204698475A
S21401AED0C0E70146012012F08FFB07462846767828
S21401AEE00FF0AAFFBB68EDE70146012012F084FBD4
S21401AEF00746284676780FF09FFFBB68002BA9D03F
S21401AF0032460421E2E70146012012F075FB0F4BA1
S21401AF1082689A4203D028460FF08EFF9AE7D6F849
S21401AF200120D6F805302046FEF748FC28460FF0EB
S21401AF3083FF2146012013F0A7FE02219CE7002093
S21401AF4089E700BF41F00200BFEE0200C3EE020037
S21401AF502DE9F3410C46054614F038F8A37900288C
S21401AF606BD00C3314F80380E618B8F1010F41D00A
S21401AF70B8F1080F39D0B8F1000F51D171892846C0
S21401AF8013F031FEB188738872788B4294BF0746FE
S21401AF90002709290B4638BF0923013B9BB29A4279
S21401AFA00FD8002A08BF00270846F388328913F015
S21401AFB039FD40B920460FF03FFF012002B0BDE841
S21401AFC0F0814746F0E7002FF4D02946002012F022
S21401AFD013FB1022C46073890092013B1B4A9BB28B
S21401AFE02946002013F011FEE7E72146284613F014
S21401AFF08BFFE2E72846F18813F0F5FD0746701C43
S21401B00014F05CFC0028D5D0002FD3D029460020B0
S21401B01012F0F2FA2023C4600093F3880C4ADFE7AB
S21401B0202146284614F0B7FA0028C6D121462846FC
S21401B03002B0BDE8F041FFF7D7BE23441B7B0E2BC1
S21401B040D3D02146284614F095FAEDE791AB0100DE
S21401B0505DEF020038B504460D4612F0DBFA4207F2
S21401B0600BD4204612F0D6FA830706D4294620468A
S21401B070BDE83840034A13F0A8BE28460FF0DCFEB0
S21401B080002038BDDDAB010038B505460C4612F090
S21401B090BCFA00F01800102806D121462846BDE863
S21401B0A03840044A13F091BE20460FF0C5FE0C202E
S21401B0B038BD00BF09AC0100014A13F086BE00BFCF
S21401B0C0B5AC010070B505460C460146012012F0EC
S21401B0D093FA0646284612F09DFA020704D5204642
S21401B0E00FF0AAFE002070BD33685B05F7D4284632
S21401B0F013F06CFF40B121462846FFF7ABFF18B9A5
S21401B10018F015FC044630B121462846BDE87040CB
S21401B110024A13F05ABE0720E5E700BF1DAD010045
S21401B12073B504460E4612F070FA00F0300010288F
S21401B1304FF0020031D118F0FAFB054678B3437997
S21401B140022143F00203437113F0DDFC2846FFF7AA
S21401B150A9FC29464670204613F0D3FC162120464A
S21401B16012F0BFFA2021204612F051FA21460120A2
S21401B17013F0BAFD2146002013F0B6FD204613F069
S21401B18059FE0121204612F05DFA034601202146B0
S21401B1900090044A13F039FD002002B070BD07206C
S21401B1A0FBE700BFEDEE0200F0B589B00D460446A0
S21401B1B013F086FFAB79002800F0A3800C33EA1861
S21401B1C0EB5C033B082B00F23881DFE813F0090043
S21401B1D03601360184003601360136015D007E00F7
S21401B1E0D2F80100D2F8051003ABB2F8097003C318
S21401B1F002F1130301210B32204612F059FE0421FD
S21401B200284613F080FC2846FFF74CFC06460C2126
S21401B21005A802F037F805AB03CB3346C6F80100A4
S21401B220C6F80510079A002143F8092F2046721C1C
S21401B23012F03EFE2146002012F0DEF9034603AA74
S21401B240478303CAC3F81200C3F816102046082124
S21401B250FDF752FE4FF40071204612F0D8F9204651
S21401B26012F042FE2946204613F04BFC03212046ED
S21401B27012F0E8F9034600202146714A009013F0C7
S21401B280C4FC012009B0F0BD0B21284613F03BFC9D
S21401B2902846FFF707FC2946204613F032FC10F03B
S21401B2A0D5FA05464FF44071204612F0B0F94FF436
S21401B2B08051204612F0B0F9284610F0CDFA4FF42E
S21401B2C08061204612F0ABF9DBE728460FF0B4FDAB
S21401B2D04FF40071F5E70621284613F014FC2846C2
S21401B2E0FFF7E0FB204612F05FFC2946204613F0EC
S21401B2F008FC204612F01EFE2146002013F0C4FC76
S21401B300BFE72B441B7B043B072BBBD801A252F89B
S21401B31023F000BF35B301005BB30100BDB30100EC
S21401B32085B2010085B2010085B2010085B2010037
S21401B330D3B3010020464FF4007112F068F9AA79E0
S21401B34020460C322A4402F109030021013212F090
S21401B350AFFD28460FF070FD93E74FF48060FFF7CE
S21401B3606DFAB0B100274FF40061204612F04FF994
S21401B3702046CDE90577FDF7A9FD0646204612F0E1
S21401B38042F939460346009505AAB0B213F049FAC8
S21401B39077E72146012012F02FF900F1120120462D
S21401B3A012F0DDFD0621284613F0ADFB2846FFF717
S21401B3B079FB2946204613F0A4FB62E728460FF0E6
S21401B3C03BFD2146012013F08FFC204612F0B2FD12
S21401B3D057E710F03BFA06464FF40071204612F08C
S21401B3E016F94FF48051204612F016F9304610F047
S21401B3F033FA4FF4C061204612F011F9294620466F
S21401B40013F07FFB2146012012F0F6F8C2680546CC
S21401B41082B1937901210C331A4402F113032046B9
S21401B4200B3212F045FD204612F05EFD2046E9681B
S21401B43013F067FB0023EB6023E7002022E700BF41
S21401B440CDF0020010B5074C07492046002213F044
S21401B45027FD2046FFF7AEFABDE810400120002187
S21401B460FFF7F2B970200020A9B1010038B50C46EB
S21401B4708B7905460C331944E35C142B03D0152B4A
S21401B4800FD0002038BD013113F09AFE1521284651
S21401B490224613F0DDFE2146284613F032FB01203A
S21401B4A0F0E70146012012F0A7F80B4B82689A429A
S21401B4B003D020460FF0C0FCF1E7A17928462144CD
S21401B4C00D3113F07DFE20460FF0B6FC2946012013
S21401B4D013F0DAFBE3E700BFA5F2020037B5044636
S21401B4E00D460A46142113F0B3FE2946204613F0F2
S21401B4F008FB0321204612F0A5F8302203460092ED
S21401B50021460120024A13F080FB002003B030BD23
S21401B510A5F2020010B5074C07492046074A13F06A
S21401B520BFFC2046FFF746FABDE810402020002168
S21401B530FFF78AB97C2000206DB40100A9F2020051
S21401B54073B51E46ADF800208DF80230009B044608
S21401B55001A801930D46114613F01CFE9DF8063016
S21401B560B34203D1BDF804308B4205D028460FF014
S21401B57063FC122002B070BD204612F0B3F99DF8AC
S21401B5800230827A9A4209D18288BDF800309A4206
S21401B59004D128460FF050FC0020EBE76946204610
S21401B5A012F05CFC29462046014A13F00EFCE1E746
S21401B5B0DDB401002DE9F04116461A4307460C4654
S21401B5C01D46BDF8188005D12046BDE8F04111465C
S21401B5D013F0BDBE4146204613F0F1FA78B121467C
S21401B5E0384612F009F840238674C574214606933E
S21401B5F038464346BDE8F041024A13F006BBBDE8B3
S21401B600F08100BF07F40200F7B505460E46014675
S21401B610012011F0F1FF036813F0F00F03D0294663
S21401B620012013F061FB284612F0C3FAB3790C33FC
S21401B63033445F789B781F400378C3F3030000EA26
S21401B6401310384013F05DFE044668B9284613F01F
S21401B65061FE384013F055FE044628B9284612F01C
S21401B660ABFA00F04FFF04462846002112F03CF9E1
S21401B6701721304613F047FA3046FFF713FA3146E2
S21401B68044708470284613F03CFA0321284611F0D2
S21401B690D9FF40220346009229460020024A13F0B1
S21401B6A0B4FA03B0F0BD00BFBDF3020010B5074CFD
S21401B6B02368DA0607D523F01003236018B90120A2
S21401B6C0A16811F016FC0023A36010BD882000209D
S21401B6D0014610B50446022011F00BFC054B1B6811
S21401B6E0D90305D463691A075CBF43F00403636199
S21401B6F010BD00BF88200020034B10B5DC6814F095
S21401B70047F8DC3C201A10BD88200020034B1B683C
S21401B71013EA004314BF0120002070478820002050
S21401B72038B5002303604369044658070DD5204603
S21401B73050F8081FC90C01F4FC7141F00501FEF731
S21401B740CFFC636923F0040363616369D90602D5FC
S21401B75014F01EF860601848024652F8043F8BB990
S21401B7602360146083684BB1617E5A7E914219D280
S21401B7706269D2060ED50020FFF798FFBDE8384073
S21401B78013F038B959686568491B0029E8DA1A4682
S21401B7901B68E4E75A681B69134462689B1A002B0E
S21401B7A0ECDBE8E71A895B68D31A62681344E2683F
S21401B7B0D342E3D5DFE700BF8820002038B5044632
S21401B7C00A4D0846AB68A34201D1FFF76FFF6B68CD
S21401B7D0074A1BB1A342196804D11160BDE838407D
S21401B7E013F008B91A460B46F3E700BF882000207D
S21401B7F08C2000202DE9F047754D2B685B0700F182
S21401B800AF80AB68002B40F0AB8055E8003F43F0BB
S21401B810040345E80032002AF7D16C689CB113F0A6
S21401B820B7FFD4E9043717F0100F0646A26819D0FF
S21401B83010FA82F262602068D4F8048038BBDC33E8
S21401B8404344C5E9024355E8003F23F0040345E8B5
S21401B8500037002FF7D1AC68002C74D1BDE8F04753
S21401B86001F02CB9606892B2811AFF07A1EB0601BC
S21401B87009D40029DFDAE768DF1BCF4205D432445A
S21401B8801844831AD6E70029D5DA20464FE04169E5
S21401B8900289CF06D0F804E048BF06EB020EAEEBF5
S21401B8A0020211F0010C11BF1146D0E90371C91B48
S21401B8B0891808EB03077F1A002F28DDBB4205D93C
S21401B8C0E768A1EB0801DC378F423AD9D4F814A017
S21401B8D01AF0010F1DD12169D0F80C902789414437
S21401B8E0A1EB0901C91BE768A1EB0E01DC37B942E0
S21401B8F00FDD971BBCF1000F03D10169A1EB090114
S21401B9000F44002F05DB4B46C0F804E004460068F0
S21401B91092E7477E617E8F42F9D2921BBCF1000FFF
S21401B92003D1D0E903135B1A1A44002A02DAFFF79F
S21401B930CFFE72E71AF0100FA7D0C368C0F804E074
S21401B940E4E70B46E3E7A36813F4601FC3F3C240C2
S21401B95008D121462B6843F010032B6011F0C9FA79
S21401B960BDE8F08704F108063046FEF7C7FB2B68F2
S21401B970214643F010032B60F8B911F0BAFAA36818
S21401B98013F4601F4FEAD341C3F3C24517D0013DFC
S21401B990EDB201F4FC7130462943FEF7A1FB032109
S21401B9A03046FEF709FC75B1A268237E1344120CDB
S21401B9B09BB212041343A360D2E73846CEE70321B5
S21401B9C03046FEF7F9FB3046FEF7DCFBECE700BF3E
S21401B9D08820002008B5034B996809B111F089FA4F
S21401B9E008BD00BF88200020014B9868704700BF43
S21401B9F0882000200A4B70B59C6884420FD12146EE
S21401BA00012011F076FA6668258913F0C1FEAD1B98
S21401BA10C54221464CBF0020022011F06AFA70BDD3
S21401BA2088200020054B1B681B6A13F0100003D00A
S21401BA3013F0030018BF0120704700BF98200020B4
S21401BA4006222DE9F341344B06469C688846A579C3
S21401BA500C35635D671903F04F036355838D7A7068
S21401BA60103B0D2B31D8DFE803F053304F07300C75
S21401BA70303030303030300C635D6FF30303635584
S21401BA8023E00123625D006A63F3030262550C2220
S21401BA9010F4006F7A7006F12E0107F108020CD03F
S21401BAA001924FF0FF32C0F3802000921A4611F047
S21401BAB050FA635D43F08003E1E7D6F82E30BB60B1
S21401BAC08B889380336A5B05F3D4B28D635D304611
S21401BAD062F345136355B91C13F0AEFE635D60F364
S21401BAE086136355A3797A7802331344E371B38DD1
S21401BAF003F01403142B04D0B8F1000FC4BF424462
S21401BB007A7002B0BDE8F081635D62F30303B6E7C5
S21401BB100222635DF9E700BF841E002038B529497B
S21401BB2004460B7D4A7D0133DBB2B3EB921F0B75E6
S21401BB3003D3032300200B7538BD016AC90234D52F
S21401BB40032390F87E20243A92FBF3F303EB43039E
S21401BB50D21A2532D2B2A18D94F87F3011F010019D
S21401BB60B4F9340084F87E2003F00F0323D113F0D8
S21401BB708EFE00F0E9FCB4F9782004F170058242EB
S21401BB8004D0A4F8780001F087F96881284600F00F
S21401BB90DFFF00221146104611F0ADF994F87E0041
S21401BBA0002113F073FE0120C6E75B001A4102F084
S21401BBB003022532CFE702461946002001F06AFA51
S21401BBC0D7E700BF841E00201F4B2DE9F041044635
S21401BBD01860006C17F0C3FD01462046FFF730FFE2
S21401BBE0A38D1A4E03F01403142B0CBF0022226CF3
S21401BBF0B36820461A60FFF791FFFFF713FF144B57
S21401BC00051E144808BF184601F040F963696768C5
S21401BC1003F0100813F0BCFD6D000346627EE8B227
S21401BC20B8F1000F03D1FF1AB7F59B7F07D5114670
S21401BC3000F0F6FFB068BDE8F04100F0C5BF6168EE
S21401BC4013F0ACFDF6E700BF98200020841E00200C
S21401BC50E5BC010031BF010070B50546FFF7E2FE05
S21401BC60104B041E104808BF184601F00FF928466D
S21401BC70FFF754FF0D4E054660B133686000597EEC
S21401BC8000F0FE0000F0CCFFBDE87040084B98685D
S21401BC9000F09ABF01F0FAF829463068BDE8704016
S21401BCA0FCF7FEBDE5BC010031BF01009820002075
S21401BCB0841E0020034610B5094C052B20680AD0C7
S21401BCC0062B0CD1002001F0E1F820680121BDE827
S21401BCD01040FCF7E5BDBDE81040FFF7BDBF10BD45
S21401BCE098200020032803D1024B1868FFF7B4BF41
S21401BCF0FFF7E0BF982000200C4B032810B51C6806
S21401BD000FD1206C17F02BFD01462046FFF798FE59
S21401BD10074B226C9B682046BDE810401A60FFF76F
S21401BD209BBFBDE81040FFF7C5BF00BF98200020AD
S21401BD30841E00202DE9F8438B7906460C33CC1877
S21401BD402379DA0703D44FF0FF30BDE8F883E77AAA
S21401BD50252FF8D83C4B9A6893790C33D118D35CCD
S21401BD60A27AC3F38013B3EBD21FECD1056A062285
S21401BD70EB064CBF0231043104F1120017F0E4F86F
S21401BD800028E0D194F80A9011F0E7F805F4C045D0
S21401BD9080F001032A1EC9F3801904F10C084146FC
S21401BDA018BF01224846DBB213F002FD014658B126
S21401BDB0A37A03F00F03032B16D1336A9807C2D573
S21401BDC00C2FC0D10320C0E711F0CDF80028BAD15E
S21401BDD0A37A03F00F03002DEDD0032B85F4C045A5
S21401BDE013D1A904AFD5E8E7052BACD1306AC20759
S21401BDF0A9D500F01403142B0CD004F1180013F08D
S21401BE0045FC00289FD005209FE7052B9BD16B049E
S21401BE10ECD498E706F12E052946C0F3802011F0F0
S21401BE2093F80028E9D1A27A336AC2F38012C3F3E9
S21401BE3080239A4287D106222946404617F084F885
S21401BE400028DAD07FE700BF841E00202DE9F74FD7
S21401BE5000244FF0FF31074601A8019400F0B4FC1E
S21401BE60019949B13846FFF765FF032806D0052832
S21401BE704BD001A817F0EEFB01203FE0DFF8A880C9
S21401BE80284801F003F8D8F800302046597E00F023
S21401BE90EBFED8F800B0DFF89490DBF84400D9F850
S21401BEA0086017F05CFCB47905460C34335D06EB8C
S21401BEB0040A03F0400343F0040333550AF1020178
S21401BEC0584613F0B9FC335D002D60F386133355E5
S21401BED0D8F80030D9F808005B6CA4BF06358AF89C
S21401BEE00150036000F070FED8F800301B6ADB04D6
S21401BEF007D53846019911F0CCFA002003B0BDE809
S21401BF00F08F01A817F0A6FBF7E7019800F012FDE5
S21401BF103846019911F066FA0028ADD0204600F0A7
S21401BF20B5FFEAE7F9BC010098200020841E002036
S21401BF300E4A032810B5146805D0042809D0BDE8B8
S21401BF401040FFF7B7BE617E0120BDE8104000F04B
S21401BF5023BE2046FFF77AFF30B100F029FF2046C6
S21401BF60BDE81040FFF778BE10BD00BF9820002046
S21401BF7038B50D460446002000F088FF00F018FF93
S21401BF8029462046FCF7D6FF0022014B1A6038BD31
S21401BF909C2000200123074A03FA00F002F1140353
S21401BFA053E8003F034302F1140C4CE8003100292A
S21401BFB0F4D170479C1E0020F8B5244F05467B69D6
S21401BFC00C4613F4C07F03D099063BD401200CE045
S21401BFD039B15A0705D4D5F8A43013B90820FFF7AC
S21401BFE0D9FF7B699B0601D50020F8BD7B7FAE6A31
S21401BFF0022B06F0080604D916B114B90220F4E79C
S21401C000E4B995F8921095F83701063100F00F0063
S21401C01000F054FA85B20EB904B16D00FFF76CFB5F
S21401C020A8420DDB7B6913F01C0FDDD11EB1002C7D
S21401C030DAD10520D9E7002CFBD1D5E70320D4E7D8
S21401C0400420D2E7002CCFD0C3E700BF9C1E0020FF
S21401C05038B50446114D4FF480616B69283043F4BE
S21401C06000736B6113F043FB0121204611F0D7FAF0
S21401C07000212046FFF7A0FF014620B12046BDE87B
S21401C0803840FFF775BF6869617E80F48070C0F341
S21401C0900020BDE8384000F07FBD00BF9C1E002098
S21401C0A038B504460B4B186000F5947000F050FD4F
S21401C0B02046FCF70BFFC4B2204610F028FF0546C9
S21401C0C0204610F026FF29460246022010F013FFF4
S21401C0D038BD00BF9C20002008B5002000F0D6FE29
S21401C0E000F066FE0022014B1A6008BD9C2000206D
S21401C0F010B50446FFF7D4FF064800F0C7FE616896
S21401C100226C637E1120BDE8104001EB920200F024
S21401C110F1BD00BFE1C301003F4B37B51C680023EA
S21401C120A26A01935005D4F8A03012D504F1A400F8
S21401C130019317F0ADFAC4F8A00050B194F8463157
S21401C1404FF48061013B84F8463104F1280013F076
S21401C150CEFAD4F8A0500DB9304B9D6894F946310B
S21401C160022B0DDCD4F8A83013B1A36AD90502D589
S21401C170D4F8AC3023B14FF480512046FCF7BCFE16
S21401C180D4F8A410A36A002914BF01210021AA79BA
S21401C1904FEA830302F10C0203F00C0343EA011396
S21401C1A0A95C21F01C0143EA0103AB540DD11B4AE3
S21401C1B002F1140353E8003F23F0080302F11400D0
S21401C1C040E800310029F3D102E00320FFF7E2FE48
S21401C1D0284600F0F9FC019B53B15B7903F00A0392
S21401C1E0082B02D12046FDF76BF901A817F032FAA9
S21401C1F06B799A070ED5A36A1B040BD50820FFF7A7
S21401C200C9FE4FF4004104F1280003B0BDE83040F8
S21401C21013F06DBA03B030BD9C2000209C1E002098
S21401C22000232DE9F04385B00446032103A80393B8
S21401C23000F0CAFA039D35B9F4212046FFF798FEAF
S21401C24005B0BDE8F083AB79644F0C331D442A7901
S21401C2507B69D6074ED4DD064CBF07200420FFF7C6
S21401C26099FE002601212046FFF7A6FE054650B995
S21401C2707869617E80F48070C0F30020400000F091
S21401C280F3FCFFF749FF039800F054FBDDF80C8040
S21401C2907A6998F80630510603F10C0308EB030996
S21401C2A015D458F8033006203B61FFF773FEA36AE6
S21401C2B01A060CD404F1280252E8003F43F080032A
S21401C2C042E800310029F7D10120FFF763FE494615
S21401C2D0204611F0AAF999F80430DB077BD5002E29
S21401C2E052D11DB129462046FFF742FE03A800F0B1
S21401C2F045F9A5E7012023F010037B61FFF74AFE0D
S21401C300AE7AF0062FD50220FFF744FEA36AAA7A7A
S21401C31083F00203C2F38002C3F340039A422FD193
S21401C3204FF4006104F1280013F0E1F950E8002F02
S21401C33042F4806240E80023002BF7D1A26A82F023
S21401C3400202A2627B77AA7AA36AC2F3C00203F052
S21401C35001018A4285D183F0010316F0030618BF56
S21401C3600126A3627EE707F1140353E8003F23F09A
S21401C370040307F1140141E80032002AF3D1C5E7AE
S21401C3807B7F0133DBB2DDE72046FCF79FFDC0B2C1
S21401C39010F0BDFD06462046FCF798FDCDF804805A
S21401C3A0A38F82B2009331460023022010F0ABFD2A
S21401C3B04FF0FF3103A800F007FA03998B790B447D
S21401C3C0DB7D002B8DD02046FDF798F8002D3FF43D
S21401C3D037AF294631E7002E83D0E9E79C1E0020BF
S21401C3E008B50346114A042B10680BD002D8032B5C
S21401C3F018D008BD053B012BFBD8BDE80840F1214C
S21401C400FFF7B6BDFFF70CFF094A02F1140353E824
S21401C410003F23F0200302F1140040E80031002918
S21401C420F3D1E6E7BDE80840FFF712BE9C200020E6
S21401C4309C1E0020164B033810B51C68032818D81C
S21401C440DFE800F00702181E2046BDE81040FFF79F
S21401C450E7BE2046FFF7FCFD0E4A02F1140353E83F
S21401C460003F23F0200302F1140040E800310029C8
S21401C470F3D110BDF1212046BDE81040FFF778BD8D
S21401C4804FF4806104F1280013F031F9F221F2E74C
S21401C4909C2000209C1E002010B50446FFF700FEDD
S21401C4A0054800F0F3FCFFF737FE627E6168022064
S21401C4B0BDE8104013F072B935C40100064B10B543
S21401C4C05B690C4610B101F039F8034618795B88B0
S21401C4D004FB003010BD00BF680F0020084B10B5EC
S21401C4E05B690C4610B101F029F803465A88A2424E
S21401C4F03DBF1B79A41AB4FBF3F0002010BD00BFAA
S21401C500680F00200138C0B203289ABF014B185C9F
S21401C510002070479C4503008BB200294FF00A01AA
S21401C520B4BF053B05331BB293FBF1F3014A108000
S21401C53093707047DA290020024B9B78C01A40B2EC
S21401C540704700BFDA290020024B1B88C01A00B2D0
S21401C550704700BFDA290020074B186840F20D1318
S21401C56038B9002BC1BF45224433B3FBF2F0C0B249
S21401C57070470068453BF3E7680F00202DE9F0415E
S21401C58006460FF063F90746FFF7E6FF3546044611
S21401C590286818B16CB9284617F05CF831680A4863
S21401C5A017F0E8F838460FF057F900233360BDE876
S21401C5B0F081D0F8008017F0AEF92B68013CC3F883
S21401C5C000802D68E4B2E3E7680F0020024BDB6BC6
S21401C5D003B11847FFF7FEB9680F0020C04310B536
S21401C5E0054A131D53E8003F0340141D44E800317B
S21401C5F00029F6D110BD00BF680F002010B5054A0E
S21401C600131D53E8003F0343141D44E8003100297D
S21401C610F6D110BD680F0020F8B516461C46074631
S21401C6201946104613F0A9F832462346384613F049
S21401C630A9F8434DD5E9062300EA020401EA0306F8
S21401C64054EA060313D0670104F0806010D56B68C6
S21401C650180623D43B4B234093BB3B4B06F02002EA
S21401C6602340134356D12046314613F082F8F8BDD5
S21401C670A4F1080333431CD1EB7A012B42D16B683A
S21401C680D90743D50323EB7204206B8C01336B84EB
S21401C690FFF79CFF012013F071F8E4E72B1D53E828
S21401C6A0003F23F08003291D41E80032002AF5D11E
S21401C6B0DDE7A4F10C03334317D113F05FF8DBE792
S21401C6C024F0011323F4A0433343C6D1EB7A012BA4
S21401C6D018D140F201436A680520934314BF002332
S21401C6E00323EB72FFF772FFBDE7231F334302D12B
S21401C6F013F045F8B7E704F17F433343AAD1EB7A49
S21401C700022B0FD0042013F01EF8ACE713F40063DD
S21401C710BAD1B8E70420FFF771FF4FF0006001F0CF
S21401C72035F9A0E76B689A0706D50423EB722B8CC4
S21401C730032001332B84ABE713F02003F7D1F5E791
S21401C740680F0020015001000DD50155014B986A74
S21401C750704700BF680F002010B5064CA06A16F09F
S21401C7602EF828B9A06A16F02CF800F0010010BDCA
S21401C7700120FAE7680F0020014B986A16F023B8EB
S21401C780680F0020024B5868C0F34020704700BF76
S21401C790680F002010B504464FF40070FFF71EFF27
S21401C7A0084B986A16F011F838B10CB9002010BD84
S21401C7B04FF40070FFF722FFF8E7002CF6D00C20AC
S21401C7C0F5E700BF680F00202DE9F04F0468064624
S21401C7D08846574D89B0002C48D02046A77916F0D8
S21401C7E0BEFF0C3727443C890A38B8F1FF3FA4EB5B
S21401C7F0000402D04445A8BF4446B5F83890B0EBD3
S21401C800090713D4002C0EDD6D6B36683D44FF2CF2
S21401C810224629463046A8BFFF2216F0FEFE241AFD
S21401C82036680544F3D109B0BDE8F08FA9EB0009DD
S21401C830A145A8BFA146296BC846D6F800A001EBC2
S21401C840000BB9F1000F0DD04246FF2A594650465B
S21401C850A8BFFF2216F0E1FEB8EB0008DAF800A048
S21401C8608344F1D1A4EB09044F44CBE70321A86A22
S21401C87003AA15F001FFBDF80E70A14602940A370F
S21401C88002ACE86209E023601B682B602368C3F8EA
S21401C89000902368002F1C4611DD2B68453F002BB6
S21401C8A0F1D1012017F043F8034620600028F1D1AA
S21401C8B0019002A816F0CEFE019B3360B3E72B1D54
S21401C8C053E8003F43F008032A1D42E80034002CD9
S21401C8D0F5D14FF0006001F059F80298BDF810202C
S21401C8E043790A2143F001034371069B30606B6371
S21401C8F0059B2A872B638379BDF80E200C330344EE
S21401C9001C711A812A7ADC719A719DF80C20072A0B
S21401C9100BBF0122AB8C1A7101331FBFAB846B8C2A
S21401C92003F1FF336B8416F06CFE346855E700BFE5
S21401C930680F00202DE9F041877905460C37C419A8
S21401C940237986B013F002081BD1174E43F0020379
S21401C95023716A46D6E90A0115F092FE23896946D3
S21401C9600333B06AADF8043015F08CFE009B9DF9D8
S21401C9700E00EB51FFF7E0FD6071B37A022B03D88E
S21401C980E37106B0BDE8F0819DF81130012B04D0AB
S21401C990022B04D02BB90423F2E70323F0E701238B
S21401C9A0EEE784F80780ECE7680F002037B5124BF6
S21401C9B000F00F041B88012CADF8043015D0022CB2
S21401C9C015D18DF8044042F222000C4D6B680340ED
S21401C9D0A3420ED0FFF702FE2046FFF70FFEA86A1D
S21401C9E001A915F0D5FD03B030BD2024EBE70024E6
S21401C9F0E9E70020F7E700BFC4450300680F002001
S21401CA002DE9F0430223164600258846134F85B0CC
S21401CA108146B86AFB72CDE9025506F047FB3046FF
S21401CA20CDF808808DF80C5012F0A5FE00902A462D
S21401CA30797AB86A02AB06F075FB044650B94846E7
S21401CA40FFF7B4FF334604462A46012140463E73AB
S21401CA5012F08DFE204605B0BDE8F083680F002079
S21401CA6037B5144B00F00F041B88012CADF80430C9
S21401CA7014D0022C16D0002441F601000E4D6B682E
S21401CA800340A34213D0FFF7A9FD2046FFF7B6FDEA
S21401CA90A86A01A915F092FD03B030BD04238DF8F4
S21401CAA00430E9E78DF804404FF40064E4E7002021
S21401CAB0F2E700BFC4450300680F0020002210B54E
S21401CAC0084C1046114612F051FEA06A06F0EEFA26
S21401CAD012F057FE204616F0BDFDBDE810400820B6
S21401CAE0FFF77CBD680F0020014B986A15F0A9BEC0
S21401CAF0680F002038B5154C0546A37A834210D03E
S21401CB00431E042B08D8DFE803F0030D11161800A6
S21401CB10A06A06F015FF20B92846A57200F00EFDA2
S21401CB20606138BDA06A12F035FEF4E70121A06A03
S21401CB3012F032FEEFE70321F9E7FFF723FE0028A4
S21401CB40EAD0A06AFFF7D0FFE5E700BF680F002034
S21401CB5073B50446408900F0FDFA0E4DA07B002611
S21401CB60287212F0DBFD6872E07B00F00F00FFF721
S21401CB70C1FF0096A37BD4E90021A86A15F085FEC3
S21401CB8032463146304610F0B6F9206812F0F8FD0C
S21401CB9002B070BD680F002038B50123094D0C4660
S21401CBA0EB72FFF75DFF10B1042012F0CCFD2B7B7A
S21401CBB0A34204D922460021012012F0D7FD10F02D
S21401CBC09BF938BD680F0020F8B5044610F095F9BA
S21401CBD00746A179E279114E521A0C310123B06A47
S21401CBE0D2B2214415F042FDE579A379ED1A57FA40
S21401CBF085F524680CB93561F8BDA179E279002381
S21401CC00521A0C31D2B2B06A214415F02FFDE379E5
S21401CC10A2799B1A55FA83F5EBE700BF680F00204F
S21401CC20F8B502230F4E0D46F372FFF7BFFE04461A
S21401CC3020B1BDE8F840042012F085BD284612F068
S21401CC409AFD07462A4621460120357312F08EFDCD
S21401CC503B462246717AB06A06F056FA0028E8D1B9
S21401CC60F8BD00BF680F002038B50223084D0C46FA
S21401CC70EB72FFF79BFE10B1042012F064FD2B7BD4
S21401CC80A34204D922460021012012F06FFD38BDCF
S21401CC90680F0020014B587B704700BF680F0020CB
S21401CCA068B1084B194653F8042F0AB18242FAD2EA
S21401CCB05B1A9B10013BDBB2034A53737047012397
S21401CCC0FAE700BFA0450300680F002010B5084C26
S21401CCD0606810F480700AD0A06A15F0E4FC30B9E0
S21401CCE00121A06A15F0DDFC80F00100C0B210BD84
S21401CCF0680F00202DE9F0434FF0010985B0254D5E
S21401CD0004460F4690460021102268461E4685F8C6
S21401CD100B9016F043F9A86A06F0C8F90023E2065C
S21401CD2000978DF80430CDF8088005D56B691B880F
S21401CD308DF80D9043440293002330468DF80C3055
S21401CD40C4F340138DF80E3012F015FD6A46034603
S21401CD50697AA86A06F0F2F928B1042012F0F3FC09
S21401CD6005B0BDE8F0832046FFF77AFE3346012181
S21401CD70C4F38012804638462E7312F0F8FC10F089
S21401CD80BBF8230601D5FFF7A1FFB8F1000FE4D1E8
S21401CD90E6E700BF680F0020044B5A68D20503D5AA
S21401CDA00021986A15F07DBC704700BF680F00200F
S21401CDB038B5114CE37A23B100221146104612F021
S21401CDC0D5FC00252846E57212F0D8FCA06A01229F
S21401CDD0032115F06CFB2A46A06A012115F054FCCC
S21401CDE0FFF7DAFF8020FFF7F9FBBDE838404FF484
S21401CDF04050FFF703BC00BF680F002008B5FFF7DF
S21401CE00D7FF044A0620D38C0133D384BDE80840FB
S21401CE10FFF7DCBB680F0020F8B51B4D6B685907A0
S21401CE2004D50420FFF7DAFBFFF7E8FF6B681A0763
S21401CE300FD50EF00BFD0646FFF78EFB0446124F8C
S21401CE4024B1012016F073FD0146A8B930460EF054
S21401CE5003FD6B68DB0615D51020FFF7BFFB00F05E
S21401CE607FFB78B10EF0F2FC0446FFF7C7FF2046C1
S21401CE70BDE8F8400EF0F0BC3846013C16F084FCE4
S21401CE80E4B2DDE7F8BD00BF680F0020014BD863B0
S21401CE90704700BF680F002073B50F4B04469B7D9B
S21401CEA00E4EFF2B15D10023ADF804000DF1030241
S21401CEB0B06A01A98DF8033006F00CFD9DF8035009
S21401CEC022462946B06AF8F79FF940EA052002B0E3
S21401CED070BD034B1D78F3E7DA290020680F0020A8
S21401CEE0D4290020044BC2B2C0F30721986A82B04D
S21401CEF002B0F8F707BA00BF680F002010B50D4C56
S21401CF000021A06A15F02AFB0B49A06A15F083FBE5
S21401CF10FE21A06A15F06EFBA06A06F0F5FA074B33
S21401CF20B3F910208242C8BF18821A8A9A805A8A98
S21401CF30DA8010BD680F0020D4290020DA290020ED
S21401CF40F0B585B0ADF80210ADF8042069464FF093
S21401CF50C812ADF806304FF08213ADF80000CDE9E7
S21401CF60022304200B460C4C02ADB4F91070B1F943
S21401CF70002035F9026BBA42A8BF3A46B242A8BFB2
S21401CF803246013821F8022BF1D103CB034BA060C6
S21401CF90596005B0F0BD00BFDA290020E229002063
S21401CFA073B50546F8F71CFA314E0368314C336009
S21401CFB08388FF2DB3804FF00003A370238033785E
S21401CFC018BF1D46A5752C4D8DF801300DF10303D4
S21401CFD0A86A0DF102020DF1010115F0EBFB9DF8B7
S21401CFE0013040B90133DBB20D2B8DF80130EDD99C
S21401CFF0012002B070BDA27DFF2A00D0A3758DF876
S21401D000053033709DF802308DF804300198FFF733
S21401D01069FFC828A8BFC8209DF8033020828DF874
S21401D02004300198FFF75EFF144B9842B8BF1846CC
S21401D0306082B4F91000FFF72FFFADF804000198E5
S21401D040FFF750FF2082B4F91200FFF725FFADF875
S21401D05004000198FFF746FF4FF6FF73A38264238F
S21401D06060821A4618461946FFF76AFF0020C0E795
S21401D070D4290020DA290020680F00200CFEFFFFCB
S21401D0800346034AB2F906000BB1FFF75DBA7047D3
S21401D090DA290020084B10B5B3F9044030B903EB88
S21401D0A04103B3F906309C42A8BF1C46A242A8BF62
S21401D0B02246104610BD00BFDA290020014BB3F905
S21401D0C012007047DA290020014BB3F910007047AF
S21401D0D0DA29002073B506460EF0B8FB0C4D04465F
S21401D0E0B5F91200B5F91030B042B8BF30469842D3
S21401D0F0A8BF1846FFF7D0FEADF804000198FFF769
S21401D100F1FEE880204602B0BDE870400EF0A4BBF8
S21401D110DA29002073B506460EF098FB0C4D04463E
S21401D120B5F91000B5F91230B042A8BF30469842A2
S21401D130B8BF1846FFF7B0FEADF804000198FFF738
S21401D140D1FEA880204602B0BDE870400EF084BB38
S21401D150DA290020F0B5C0F3072585B0FE2DADF81D
S21401D160040027D09DF804700EF070FB124C0646A2
S21401D170637DAB420ED0114B02A918689B880290C2
S21401D180ADF80C300E4B8DF80850986A15F043FA3E
S21401D190FF232375237DBB4206D0094B3946986A87
S21401D1A015F028FA27756575304605B0BDE8F040DC
S21401D1B00EF052BB05B0F0BDDA290020D4290020BC
S21401D1C0680F00202DE9F04707460E461446DFF8A3
S21401D1D0409086B00DF10808A9F1100A3A46802160
S21401D1E05046CDE900980A4BF8F7B4FC0028F5D173
S21401D1F0102C254628BF102530462A46414615F0F4
S21401D20021FE641B2F442E44E8D106B0BDE8F0870A
S21401D210852A002030B589B020226946FFF7D2FF63
S21401D2206A460C4D04AB144603CC9C4228606960E8
S21401D230224605F10805F6D1074C08AD1A4603CA81
S21401D240AA4220606160134604F10804F6D109B0D1
S21401D25030BD00BF752A0020852A002010B588B091
S21401D260694620200DF096FF044630B96846FFF760
S21401D270D1FF0122024B83F82020204608B010BDC2
S21401D280752A002070B5134B054693F820300C46DE
S21401D2908CB00BB9FFF7E2FF0023CDE90033CDE9EF
S21401D2A0023354B91C22214605A8049415F076FED3
S21401D2B004A8FFF7AFFF0CB070BD102C264628BFA0
S21401D2C01026294632466846FFF77CFF3544A41BE4
S21401D2D0E7E700BF752A00202DE9F84FDFF86890D0
S21401D2E08246D9F800B088461746BBF1000F28D011
S21401D2F0002699F80450B54207D13D7099F804000C
S21401D300A84214BF0120022017E074196110C1EB76
S21401D310C10159448879C4F3470400F00100B8EB11
S21401D320000003D10622504615F00EFE002806DB4B
S21401D33002D0661CF6B2DEE73C70BDE8F88F2546E3
S21401D340D9E70320F9E700BFC02200200022014BE5
S21401D3501A717047C0220020F8B505460EF076FA1D
S21401D360104C85F3070563790646AB4205D10024C8
S21401D37030460EF071FA2046F8BD00272068657128
S21401D380277110B10DF0E6FE27606379002BEED011
S21401D390C5EBC5000DF0C0FE20600028E7D1607126
S21401D3A00724E5E7C0220020044BD3F801200260E1
S21401D3B05B7903F01F030371704700BF962A0020B4
S21401D3C0244BF0B5002918BF0B4614460021012551
S21401D3D012688BB0C3F80120227919705A71C1F313
S21401D3E0C402A65C01F0070205FA02F21642CFB2A9
S21401D3F007D01A7802F128066E44013206F8287C16
S21401D4001A7001312529EAD11A7828B16946981D82
S21401D41015F018FD0BB0F0BD002AFBD00126053330
S21401D420C0F3C405675D00F0070506FA05F52F424F
S21401D430C1B208D1B1FBF2F502FB15110AAD55FADE
S21401D44081F111F8281C0130252803F8011FE7D1C6
S21401D450E0E700BF962A0020034B002818BF0346CA
S21401D4600B449879704700BF962A0020224B10B5CE
S21401D470002814BF84469C464FF0010E82EA1242F1
S21401D48090B280EA010393FAA3F31BBA9BB203EBB3
S21401D490031303449BB293FAA3F31BBA9BB203EBA9
S21401D4A0031303449BB293FAA3F31BBA9BB203EB99
S21401D4B0031303445840114C82B2A4FB0234131BDD
S21401D4C004EB5304630903EBC30103EB8103D31A93
S21401D4D0C3F3C401D8B2614403F007030EFA03FE96
S21401D4E04B7813EA0E0F01BF9CF8003053430CEB48
S21401D4F0134C9CF8060010BD962A00204D91CFBA19
S21401D500064B074A01201A60064B074A1A60074B6A
S21401D510074A1A60074B084A1A607047D41E002053
S21401D520E3F80200D01E00201BF90200CC1E0020EA
S21401D530E1F80200C81E00201DF90200052808BFF8
S21401D54003200622024B013802FB0030704700BF61
S21401D550C6450300014B186E80B2704700C001B883
S21401D5600A4BD86800F07060B0F1106F0CD008D884
S21401D570B0F1E06F08D0B0F1006F14BF00200120B9
S21401D5807047B0F1406FF8E701207047000002B81D
S21401D590431C07B5014606D00023044ACDE90033F3
S21401D5A003480EF043FF03B05DF804FBC5F9020023
S21401D5B0E423002070B50E461546044618B302F063
S21401D5C045F910B3236813F4807F18BF0122104B6E
S21401D5D018BF1A700F4A1B7814600F4A16600F4A5C
S21401D5E015601BB913F059F902F01AF90DF088FD10
S21401D5F001F0D4FF0A4B0B48197801F0DBFFBDE8B8
S21401D600704001F05BBD212070BD40F20440FBE795
S21401D610C22A0020D0220020CC220020C8220020CE
S21401D620322B002019B102002DE9F04186B00DF031
S21401D6303BFD8A4B8A4D1A7811208A490DF064FB0E
S21401D6402B6851215A685423B2FBF3F2002392B29D
S21401D65018460DF0EFFA0446002840F0F1800DF070
S21401D660ADFB814B1968814B186805F0E5F800F0B1
S21401D67059F90446002840F0E3802B681C7F002CF3
S21401D68000F0B080102C28BF102415F02FFF621C6C
S21401D69081B200230820D2B20DF0CCFA044600284D
S21401D6A040F0CE800D20724A72490DF0F7F904461B
S21401D6B0002840F0C5800DF077F80221322004AA38
S21401D6C000F0E8F928B94FF0FF30BDF8101014F05B
S21401D6D0CBFF6E460023324606212C208DF80630FD
S21401D6E000F0D8F958B9304612F033FF08B13028A7
S21401D6F07AD13C2000F0ECF92C2000F0E9F99DF8F5
S21401D7000630190740F1818096E80300ADF80C1049
S21401D710090C02908DF80E109DF8063013F0280FB4
S21401D72007D1DDE90201ADF80410090C00908DF86F
S21401D73006102B68186900287CD12B68586900F000
S21401D74037F92B6893F82220D2077DD40EF0FEFE1F
S21401D75002A902460746286812F038F9044600284E
S21401D7606ED106F08FFA0EF035FF0446002867D119
S21401D770012000F0CFF9404B186816F0E8F904468E
S21401D78000285DD113F0ABFB044602F019FB80467E
S21401D79012F009FF41460246204611F00FF90446F1
S21401D7A000284DD12B681B689B050CD4B7F5FA7F72
S21401D7B009D90EF044F8012107460846F9F7F4FBAB
S21401D7C038460EF040F82B689A692C4B1A6012F016
S21401D7D04BF92B4B1860304600F05AFA29480DF0E9
S21401D7E057F92DE0042450E701213C2004AA00F05B
S21401D7F051F940B99DF81030012B14BF492372230B
S21401D8008DF806307BE74923FAE7F7F7FBFBCDE90E
S21401D8100401030C8DF80A30BDF81530ADF8080088
S21401D820ADF80B309DF817308DF80D3049238DF883
S21401D8300E3071E712F0ACFD044600283FF47DAFD0
S21401D840204606B0BDE8F08193F8230013F026F8D1
S21401D85000283FF47BAF40F20C44F1E7322B002066
S21401D860D022002019B10200EC0A00200C0B002087
S21401D8706DFA020069FA0200CC220020082400207A
S21401D8800424002091D5010000220321014815F04F
S21401D890D2BD00BF90240020F8B5114812F006FF53
S21401D8A0E0B912F0E1F80F4D0D4E286006F10C07B5
S21401D8B0286812F004FE0CF0B3FF0446304612F05E
S21401D8C0F1FE10B9384615F0C5FE01F027FF08B97C
S21401D8D0002CEDD1BDE8F84012F064BEF8BD00BFE3
S21401D8E0140B00200424002008B5054B1B782BB927
S21401D8F012F04EF8B0FA80F0400908BD0020FCE7AF
S21401D900C12A0020012310B5044C2370044B1B6868
S21401D91003B198470023237010BD00BFC12A002021
S21401D920082400200D4B98420DD8023B984210D88F
S21401D93070B1023B98420ED020F0704020F4604057
S21401D94000F590607047064B9842F5D140F21C40B6
S21401D95070472120704740F21B4070470AE000F0F4
S21401D9600BE000F04FF08052014B5A60704700BF49
S21401D97000ED00E00023044A52E8000F42E80031BF
S21401D9800029F9D1FCF7D4BE10240020064A52E83B
S21401D990003F034342E800310029F8D1034B1B68DE
S21401D9A003B11847704700BF102400200C24002044
S21401D9B0034B002814BF02461A46024B1A607047F2
S21401D9C065D901000C24002037B51C68E10705D590
S21401D9D012F068FD1649174815F035FDA20723D544
S21401D9E001F01AF8D0B9144D01900DF02FFF04463E
S21401D9F0284615F04DFE019020460DF02DFF0198AA
S21401DA0090B143799B070CD401A8022115F0CBFEF7
S21401DA10019800F0F1FF12F0C8FCE6E712F0C5FC31
S21401DA20DEE700F0DDFFF6E7002003B030BD00BF03
S21401DA30280B0020902400201424002008B5054857
S21401DA400CF0BEFE044B01211870BDE808400CF036
S21401DA50C7BE00BF380B0020C32A002038B50446D5
S21401DA6048B10DF0F3FE05462146084815F082FE42
S21401DA7028460DF0F1FE064B022193F900000CF04A
S21401DA80AFFEBDE83840FFF73DBF00BF14240020BD
S21401DA90C32A0020F8B50C4B0C4F04460E463868D6
S21401DAA01968154604F0C8FEFFF73CFF50B9334627
S21401DAB02A46386844F4802104F0E2FFBDE8F840C5
S21401DAC0FFF730BFF8BD00BFEC0A00200C0B0020AA
S21401DAD038B50A4B0A4D04461968286804F0ACFEAE
S21401DAE0FFF720FF40B9286844F4802105F0AEF81E
S21401DAF0BDE83840FFF716BF38BD00BFEC0A00206E
S21401DB000C0B00200149024815F09DBC480B002073
S21401DB109024002010220A4B2821DA826422C3E9CD
S21401DB2006124FF6FF721A8402225A60002283F808
S21401DB302B200F2283F82D0083F82C20704700BF7E
S21401DB401824002038B511F096FF40B9094B482437
S21401DB501A6893F82A1003462432994200DC38BD2D
S21401DB6004FB03F55559ED0601D40133F5E7012011
S21401DB70F5E700BF1824002038B5104C94F82B3078
S21401DB80D3B1626812F0010516D104F1080012F053
S21401DB9060FCFFF7D7FF78B14EF6602294F82C3080
S21401DBA04FF48271534306482A460CF09BFF18B97E
S21401DBB0636843F00103636038BD00BF182400208A
S21401DBC09024002022F00042052A10B50DD0B2F5AF
S21401DBD0827F13D0032A06D1114A536823F0020329
S21401DBE0536000F01FF8002010BD0D4A1B88118DF0
S21401DBF09942F8D1002313850120F5E7084B5A68AE
S21401DC0093F82B4022F00102012C5A60F4D102F065
S21401DC1085F9FFF7B1FF204600F01EF8ECE700BFDC
S21401DC201824002010B50B4C63685A0701D4002055
S21401DC3010BD00F021F883791B0708D500F048FED7
S21401DC400028F5D1636823F004036360EFE700F072
S21401DC5023FEF5E71824002008B5044A536843F06C
S21401DC6004035360FFF7DEFF08BD00BF1824002041
S21401DC700048704727240020044890F82B1000F134
S21401DC800F020830012918BF1046704718240020DB
S21401DC90F0B48279034612F0280F26D00025144AE4
S21401DCA0016892F82A60C2F80F108188A2F8131052
S21401DCB0817951751168AE4207DCF0BC53680320C8
S21401DCC043F004035360FFF7C7BF4C6A14F4404F98
S21401DCD008D1186844F0080408609F8898798F80F6
S21401DCE088714C6201354831E5E72120F0BC704768
S21401DCF0182400204379024A9B09D05C704700BF74
S21401DD00EE4503000B6810B503608B88FF2A0446B6
S21401DD10838002D10723A37109E0032A08D8054BA3
S21401DD209B5C072B837102D1FFF7E4FFA07110BD46
S21401DD300023F0E7F24503008379024A03F0070364
S21401DD40D05C7047E645030010B582798B79094CA3
S21401DD5002F0070203F00703A25CE35C9A4206D1D5
S21401DD60062215F0F1F8B0FA80F0400910BD002047
S21401DD70FCE700BFDE4503007FB5134B0E460546A4
S21401DD8004460393A0B113F0A9F978B900223146ED
S21401DD90204613F0D8FA022807D101233146009312
S21401DDA02046042303AA11F00AFF0DB104B070BD8A
S21401DDB0204613F062F904460028F7D013F08EF9D6
S21401DDC00028F5D1E2E700BF0100FFFF2DE9F04F83
S21401DDD097B08346099113F0C7F8099883790C33F5
S21401DDE0C45CC51815F0BBFC1E2C0646099F24D83A
S21401DDF0012C26D9C54BE340DA0722D5384697F8D9
S21401DE00068015F0ACFCBBF80A2083B29A4228D2F1
S21401DE1014F0010240F0A18004F07F03522B00F0C1
S21401DE209C801E2C00F09980099B21460093584641
S21401DE30042312F0E4FD21240CE004F07F03522BAE
S21401DE40DCD02146062300225846009712F0D7FD63
S21401DE5041F20614584613F08CF8204617B0BDE878
S21401DE60F08F47443A7B013B1E2A9BB242D8012AD7
S21401DE70CED9023A1C2ACBD801A151F822F000BF14
S21401DE8011DF010011DE010015DF010011DE0100C6
S21401DE900BDF010011DE010001DF010011DE0100D0
S21401DEA011DF010011DE010015DF010011DE0100A6
S21401DEB019DF010011DE010001DF010011DE0100A2
S21401DEC047DF010011DE010011DE010011DE010055
S21401DED04BDF010011DE01004FDF010011DE010002
S21401DEE011DE010011DE010011DE010011DE01006C
S21401DEF053DF0100522A26D0D22A89D10D2B05E004
S21401DF00062B0FD0142B83D10CE0052B80D909E00A
S21401DF10022BF8E7042BF6E7032B7FF679AFDB0736
S21401DF203FF576AF022C00F0F380DBF800309B68FB
S21401DF309F0516D40BF1440015F08CFB099BCBF81A
S21401DF404430002486E7012BE0E7032BDEE7012BB4
S21401DF50D9E7002B7FF45CAFE4E709A815F07AFB5C
S21401DF6069E71E2C584600F0918313F0B7F8074670
S21401DF70002840F08280584613F0ABF800287CD089
S21401DF8004F07F03522B00F0BC80082C68D1B6B297
S21401DF90152E14BF02201020691D13F085F80028E5
S21401DFA05ED0DBF81430D8074BBF23F0010343F0F3
S21401DFB001033946012158464CBFCBF81430CBF843
S21401DFC0143013F0A2F809980D9012F086FC04465E
S21401DFD0B0F80180B0F803900D9815F0C0FB152835
S21401DFE014BF0225102505342146284602F0DEFE20
S21401DFF021460390284613F057F80490B8F1000F15
S21401E00000F04381C84500F24081022109200D9AA3
S21401E01012F086FCBBF80A708246023FBFB23E464B
S21401E02040464FF0FF354946039A13F03EFB04463F
S21401E030002800F06C8113F00BF9002800F08481B1
S21401E04001222146584613F0ADF903468DF82E00FD
S21401E050002800F01F810D9A009222460821A3E0B5
S21401E060DBF8143013F001063CD023F00103002145
S21401E0705846CBF8143013F048F81E2C63D8032CFE
S21401E08066D9231F142B63D801A252F823F000BFD0
S21401E0905FE3010051E101004FE4010051E101009D
S21401E0A0C7DF010051E1010035E5010051E1010042
S21401E0B053E5010051E1010069E5010051E101006C
S21401E0C05DE1010051E101005DE6010051E1010061
S21401E0D051E1010051E1010079E6010051E1010041
S21401E0E083E6010043F0010301215846CBF81430C2
S21401E0F013F00BF81223324621465846009612F0CA
S21401E1007EFC09A815F0A6FA1BE700BF5455454149
S21401E110099DBA4C284612F0E0FB2188B0F8016050
S21401E1202A46584612F080FC2388BBF80A10B342F0
S21401E13028BF3346172BB8BF17235846ABF80A300B
S21401E14012F0FEFEFDE6522C00F08F82D22CD8D0C3
S21401E150099B002200932146062325E0099F3846A5
S21401E16012F0BBFB0546B0F80180B0F803A03846B4
S21401E17015F0F5FA15280CBF20460220691D02F09D
S21401E18015FEB5F8053004900793B8F1000F07D0D7
S21401E190D04505D813F0E0FB50B91023009701E0F5
S21401E1A00123009742461021584612F028FCC8E683
S21401E1B03A460221112012F0B3FB44464FF0FF35D8
S21401E1C0BBF80A3005909E1E0393063B9BB2B6B27F
S21401E1D0089351462046049A13F067FA814668B3BD
S21401E1E05146079A13F0AEFA0446484613F030F843
S21401E1F040B94FF6FF739C4201D00134A4B2544596
S21401E200E7D91BE04FF000030DAAADF834304946BC
S21401E2100CAB584613F063F9039ABDF83430053A4F
S21401E2209A42089A0690D8BF1346002DADF83430AE
S21401E23009DB9D4202D1EB1CB34208DB691C1CD1F1
S21401E2400A230097AEE7351F9D42A8BF1D4604224C
S21401E25011A93846ADF84490ADF8464015F012FCC9
S21401E2602A463846069915F00DFC4FF6FF73043E14
S21401E270761B9C42B6B2C0D1E0E73946059B043511
S21401E2805D70584601F03CFC5BE60D9B0093012354
S21401E2904246E3E6049B13B1204612F0BDFF20463A
S21401E2A012F0EEFFD8B1002D54DC0DA815F0D2F90E
S21401E2B0082358468BF81C3050F80C2B40F20251BC
S21401E2C092F870208DF8483000238DF8442011AA6A
S21401E2D0ADF84640ADF84A3015F0F1F831E6ADF844
S21401E2E044000DF12E032146584611AA13F0F7F803
S21401E2F0BDF844300590BB4228BF3B46002DADF823
S21401E30044300ADBAB4202D16B1CB34209DB6A1C08
S21401E3100D9B1FD100930A23BAE7B51E9D42A8BFE5
S21401E3201D4602220CA90D98ADF8304015F0AAFB47
S21401E3302A4605990D9815F0A5FB4FF6FF73023E88
S21401E340761B9C42B6B2E2D0601C80B28145BFF417
S21401E3506AAEDCE702350D998AF8015091E7DDF8DF
S21401E3602490484612F0B9FAB0F80330B0F80180AC
S21401E3700493B8F1000F43D0984541D84FF6FF7784
S21401E3804A460221052012F0CBFA4546BA46BBF8AA
S21401E3900A400590023CA4B22946584613F060FA9A
S21401E3A0504506464BD04FF400622946584612F0B7
S21401E3B0F9FF00283ED1304613F0EAFA00280CBFD8
S21401E3C0022310235745039320D0304613F0E0FA7A
S21401E3D00690384613F0DCFA069B834203D1039B72
S21401E3E00133A34213DB384613F0D2FA059B013002
S21401E3F019465870584612F0EBFAA2E5E80C0020D0
S21401E4000123CDF8009042460421CDE637460DF1B2
S21401E41046013046ADF8445002F01EFD039B4846C7
S21401E4209A1C11A915F02EFB039B023CE41A5545D4
S21401E430A4B2D8D0049B0135ADB2AB42ACD24FF6F4
S21401E440FF739F42CFD10A23CDF80090DBE7DDF8BA
S21401E45024900024484612F040FAB0F80530B0F88F
S21401E46003A0B0F8016007464846039315F077F914
S21401E470C51FADB2102D0C9458D82A46F91D0DA80B
S21401E48014F0E0FC002E53D0564551D84A460121DF
S21401E490072012F045FAA046074633460A249A4555
S21401E4A0049307D93946BBF80A0012F01CFA032870
S21401E4B0049B04D8B8F1000F1AD039469AE7ADF894
S21401E4C04430039B5846ADF848300DAB13930BAA66
S21401E4D00DF12E0311A9ADF846A0ADF8505013F07A
S21401E4E05DF90A280446E5D0BDF82C3030B11E4649
S21401E4F0234632460621CDF8009055E6ADF8303079
S21401E500BDF82E300CAAADF8323039460423BBF8DC
S21401E5100A0012F0F3F94FF6FF72BDF82E3093425F
S21401E520CBD001334FF001089BB2B8E70424DFE7F4
S21401E5300124DDE70A23099C8BF81C30204612F0E3
S21401E540CCF923460022B0F80110584611F007FC1A
S21401E550F7E4099C204612F0C0F90C238BF81C3016
S21401E560B0F803202346EEE7DDF82480404612F09B
S21401E570B4F90546404615F0F2F80023441EBBF8F0
S21401E5800AA08DF8343061D014F001075ED1204620
S21401E5900CF0C2FD064600285ED00AF1FF33224683
S21401E5A0691C039314F04EFC424601210F2012F021
S21401E5B0B7F9B1460490002C04DC30460CF0CAFDD5
S21401E5C0049917E739F8025B01222946584612F0EA
S21401E5D0E9FE023C8DF8340068B9284612F05AFD6F
S21401E5E010B1284612F018FE284612F049FE60B116
S21401E5F080238DF8343030460CF0ACFD2A460E21CF
S21401E6009DF83430CDF80080CEE529460DAB58464E
S21401E61011AA12F064FF9DF834300146002BEAD1AE
S21401E620039BBDF84420DB1B9A42C2BF0AF1FF33AD
S21401E630DB1BADF844304046BDF8442015F022FA05
S21401E640BDF844309842B8D31F44B4E704230025EC
S21401E6508DF834302E46CEE71123F8E75846099A4E
S21401E660B5F8011011F045FC6BE45846099AB5F867
S21401E670011011F099FC64E45846099911F0D3FC95
S21401E6805FE45846697811F039FD3AE511F056FD18
S21401E69037E500BF7FB5174A0646136842F60520E0
S21401E6A023F00803136013F03BF8054650B16846A3
S21401E6B002F034FA002012F0E0FC044620B92946A4
S21401E6C0FFF75AFB04B070BD1022684604F1210121
S21401E6D014F03AFC38B10121204612F016FD6369A8
S21401E6E023F0010363611EB13146204613F0E9F8B9
S21401E6F02046E0E7EC24002007B5837801916A46BE
S21401E700082104488DF8003014F0D9FE03B05DF8F6
S21401E71004FB00BF902400200022054BC3E903221E
S21401E720C3E905221A70DA614FF6FF725A84704700
S21401E7306C240020014B1860704700BF682400203D
S21401E74082780D4B13B55A60B0F8032091B21029A8
S21401E75010D040F60344A1420CD041795B8C8DF871
S21401E7600210ADF8042005216A460448ADF80030D1
S21401E77014F0A5FE02B010BD6C24002090240020E9
S21401E78073B5837901900C33C418C35C132B0ED870
S21401E790042B10D9053B0E2B0DD8DFE803F01E0C19
S21401E7A00C1E0C0C0C0C0C161A0C0C0C2300302B2B
S21401E7B013D03E2B1BD0FBF787FD019B834202D073
S21401E7C001A814F047FF02B070BD2046FFF7B8FF5E
S21401E7D0F1E7E2780E4B5A60EDE7204601A901F019
S21401E7E0EDFEE8E7204601A911F0E0FEE3E700258B
S21401E7F0084E019B3BB1204656F8043B01A9013562
S21401E80098470E2DF5D101A814F024FFD3E700BFD9
S21401E8106C240020F845030007B500F0E7F820B1A6
S21401E82003B05DF804EBFFF7ABBF00F0EBF8019027
S21401E83018B1054B1B681BB1984703B05DF804FB84
S21401E84001A814F007FFF8E768240020024610B17B
S21401E850022804D070470321024814F0ECBDFFF7EC
S21401E860DBBF00BF90240020024B1A78024B53F8FE
S21401E870223018476C2400203046030010B50446A9
S21401E8800120FFF7F1FF034B00201C70BDE810408C
S21401E890FFF7EABF6C24002010B50446062142F2B9
S21401E8A0050011F088FD2368C0F80330A388A0F89E
S21401E8B007300648FBF72AFD11F0C1FD407920B16B
S21401E8C011F0BDFD407940F4805010BDD7E2020042
S21401E8D010B5044606214FF6284011F06CFD23685A
S21401E8E0C0F80330A388A0F807300648FBF70EFDF2
S21401E8F011F0A5FD407920B111F0A1FD407940F459
S21401E900805010BD75A30100014814F0C1BE00BFC0
S21401E9107C24002040F6FF732DE9F3410D46B0F844
S21401E9206E100192994205D101A814F093FE02B02F
S21401E930BDE8F0811146134601229BBB1E4814F028
S21401E94019FFFFF7E1FF04460028F0D014F007FF97
S21401E9506379074603F001086FF30003637104212E
S21401E9602046A66814F0E7FF4379044668F30003DF
S21401E9704371DB438179B6F86E200C31866003F073
S21401E98001036254C2F30322084442EA03124270AE
S21401E990478022463046294611F00DFE2046FBF7F9
S21401E9A0C9FCCEE75C79986024F0030414435C71DB
S21401E9B000221B68C1E700BF7C24002070B5054615
S21401E9C0064C206800B970BD8368AB4204D1066866
S21401E9D00CF032FA2660F4E70446F2E77C240020C5
S21401E9E00146014814F0C6BE80240020014814F0F8
S21401E9F04FBE00BF802400200146014814F0BABE75
S21401EA0078240020034BD86818B103F10C0014F0E9
S21401EA103FBE70476C240020044BDA6822B958695F
S21401EA20003818BF01207047012070476C24002071
S21401EA300138C0B20A289ABF014B185C0020704703
S21401EA403846030007B5064814F022FE042101905B
S21401EA500DEB010014F0A7FE019803B05DF804FB6E
S21401EA6094240020F7B5186810F0020003D0164E63
S21401EA70316811B9012003B0F0BD002404222346F9
S21401EA800DEB0200019414F0DBFDBDF80630DB0748
S21401EA9002D4FFF7D7FF044600250C4F57F8043B76
S21401EAA023B12146BDF80400984748B13368002BCE
S21401EAB0E0D0074B022193F900000BF091FED9E755
S21401EAC00135062DEAD1F1E7942400209824002090
S21401EAD0C42A002010B509480BF072FE0024084B2A
S21401EAE00849187020200C600CF0F0F9064BC3E9B9
S21401EAF00044C3E90244C3E9044410BD580B002096
S21401EB00C42A0020942400209824002013B5C37A38
S21401EB100093B0F80930D0F80520D0F8011000783D
S21401EB2001F04EFB0446034800F006FE848002B066
S21401EB3010BD00BF20020403FF2337B50DF1070007
S21401EB408DF8073001F0AAFB044604489DF80750EB
S21401EB5000F0F2FD8480857103B030BD200304010E
S21401EB6038B54B7905465B070C460CD41421204674
S21401EB70054A11F021FD2046217911F0CDFD10B98D
S21401EB80A3791C44257438BD60460300837810B50C
S21401EB90132B0C4608D1054B1B6803B1984720463A
S21401EBA0BDE8104014F056BD10BD00BFB0240020D3
S21401EBB010B500210446007811F0DBFC48B16178FD
S21401EBC0207812F0C7F80446034800F0B5FD8480AB
S21401EBD010BD0224F8E700BF2002560110B54178A7
S21401EBE0007801F02BFB0446024800F0A5FD848066
S21401EBF010BD00BF2002560213B541880DF1020375
S21401EC0001AA008811F004F9BDF802300446F82B79
S21401EC1084BFF823ADF80230019ABDF8021003480C
S21401EC2000F0D6FD848002B010BD00BF20030A00AC
S21401EC30002110B5421D03790446084614F04FFF23
S21401EC40024648B16188208811F00EF9044603484F
S21401EC5000F072FD848010BD1A24F8E720020A0233
S21401EC6013B50446007812F002FA70B10023CDE91C
S21401EC700033E278B4F8011011F0CFFA04460448E4
S21401EC8000F05AFD848002B010BD2524F7E700BFCE
S21401EC9020020A0408B50146034631F8030B9A78A8
S21401ECA011F078FA034800F047FD00230371437121
S21401ECB008BD00BF20020A1108B50649064814F02F
S21401ECC0C2FB0649064814F0BEFB06480CF0F2F9F2
S21401ECD0002008BD700B0020B8240020800B002007
S21401ECE0B4240020680B0020014811F0DBBC00BFF3
S21401ECF0140B002030B5114B0D469942144685B0D1
S21401ED0019D193000FD503A902A80BF07FFF0823A2
S21401ED100193039BE1B2009300222846029B41F037
S21401ED20005114F073FB064811F054FD00B1047154
S21401ED30012005B030BD0020FBE700BFB424002051
S21401ED40B046030022F00042B2F1A04F08B504D14C
S21401ED50034811F03FFD012008BD0020FCE700BF7D
S21401ED60B446030070B5FFF7BFFF90B1FEF780FF12
S21401ED70002604462046FEF7DFFF0546064800F05B
S21401ED80DBFC86802268C0F80620A28805734281D3
S21401ED9070BD0226014CEDE7200901158C460300E3
S21401EDA000200A4B10B5187100F0B6FD04463CB9B8
S21401EDB001F006FBBDE810400549064814F067BBA4
S21401EDC0204612F092F86468F1E700BFF2290020AD
S21401EDD0900B00209024002070B5002000F09CFDD0
S21401EDE001260446074D04B970BD94F8723033B15C
S21401EDF02E7111F0D5FB1321204612F072F86468CB
S21401EE00F1E700BFF229002038B50023094C236042
S21401EE10A38003682360207812F05FF8054630B9B6
S21401EE200548064914F00FFB608801F0DFFA284612
S21401EE3038BD00BFF229002090240020900B00204E
S21401EE4022F00042B2F5887F2DE9F0471C4600F01B
S21401EE50E5800ED840F203139A423CD040F20913E3
S21401EE609A4200F0C5800E2A00F0B6800020BDE868
S21401EE70F08740F207239A424AD0B2F5037F59D071
S21401EE8040F206239A42F1D120684C30FEF754FF37
S21401EE9025680746664895F8736095F870A095F959
S21401EEA0759095F87680A48811F094FC0028DDD042
S21401EEB0EB6C4360B5F8503087720381731E5E4277
S21401EEC05E41C67280F80CA080F80D9080F80E8026
S21401EED0A0F80F40CAE7207800F010FD0028C5D042
S21401EEE0544894F80090B4F80280A788E688257AFA
S21401EEF0648911F06FFC0028B8D080F80490A0F85F
S21401EF000580A0F80770A0F80960C5728481ADE796
S21401EF10207800F0F3FC0028A8D060782578FFF769
S21401EF2087FD0446444811F055FC00289ED0057123
S21401EF3044719BE7A578012D1ED0022D2DD0CDB9A9
S21401EF40E37894F80080023BDBB2022B8CBF0125EC
S21401EF503A4A94F90470667998BFD55C94F90640EC
S21401EF60374811F037FC28B180F804804571877165
S21401EF70C671047201207AE7E37894F80080023BB8
S21401EF80DBB2022B98BF2D4A94F90470667998BFBC
S21401EF90D55C94F906402B48E3E7E3782A48023B20
S21401EFA0DBB2022B94BF254A012594F8018027780D
S21401EFB098BFD55C94F90490667994F9064011F0EF
S21401EFC009FC0028D6D0A0F804808771C57180F8A6
S21401EFD0089046728472CDE723460822002113F872
S21401EFE0014B1A4811F007FC0028C3D00471C1E791
S21401EFF0174894F800806788A688E588248911F068
S21401F000E9FB0028B6D080F80480A0F80570A0F8C7
S21401F0100760A0F80950A0F80B40ABE70D481C7834
S21401F02011F0D8FB00283FF421AF04711EE700BFA2
S21401F030FC460300F8460300F0460300B84603000A
S21401F040E8460300E4460300EC460300E0460300FE
S21401F050DC460300F446030010B5007800F04EFCD1
S21401F06040B1132111F03DFF0446034800F064FB54
S21401F070848010BD2524F8E72002060570B51446E5
S21401F08006460D46204614210A4A11F095FA2046F6
S21401F090217911F041FB58B9A3790C331C44064B76
S21401F0A0A6711B79A5801BB1BDE8704011F079BA35
S21401F0B070BD00BFD8460300F2290020024B002095
S21401F0C01A68024B5A607047C8220020140B0020B1
S21401F0D010B5FEF7A9FA044630B9044811F0B8FA9B
S21401F0E0044608B9FEF7D0FB204610BD140B0020DD
S21401F0F073B51C4640F20A6322F000429A4208D8D1
S21401F100B2F5C06F08D8042A4AD00D2A50D0032A77
S21401F1101ED0002002B070BD6FF4C0631A44092AE5
S21401F120F7D801A353F822F015F20100C3F101004C
S21401F130E7F10100F7F101000DF2010013F1010002
S21401F1402DF2010043F2010063F20100AFF201006B
S21401F15001A8F5F745FF5748BDF8044011F03AFB02
S21401F1600028D6D0002307224371C371037243726D
S21401F170037343738373C3736FF05C030271837409
S21401F18002221C238271C3746FF01E022D23827229
S21401F190037506226FF03E03C27204824375B8E718
S21401F1A04548246811F016FB0028B2D08480B0E7E9
S21401F1B023460422002153F8044B404811F01BFB60
S21401F1C0F2E7207800F09AFB0028A2D03C48267887
S21401F1D094F90150A47811F0FDFA002899D006712F
S21401F1E04571847195E72478364811F0F3FA0028C2
S21401F1F08FD004718DE725783348646811F0EAFAF8
S21401F200002886D00571C0F8054082E725782F488A
S21401F2106468F3E72E482578646811F0DBFA002865
S21401F2203FF477AF0571A0F8054072E729482578C5
S21401F230646811F0CFFA00283FF46BAF0571447192
S21401F24067E7637824480D2B96BF244A0125D55CD1
S21401F250247811F0BFFA00283FF45BAF04714571C2
S21401F26057E7637800210D2B98BF1C4A1C4898BFAE
S21401F270D55C6368A27888BF0125267811F0BBFAB1
S21401F28008B1067145716378012B3FF642AF8DF8E0
S21401F290043001220021124801AB247811F0ABFAA8
S21401F2A000283FF436AF01230471437131E7247817
S21401F2B00C489AE740470300384703003C470300E1
S21401F2C0244703002C470300304703002847030068
S21401F2D0204703001C4703001847030000470300AC
S21401F2E0144703001047030014220021014813F0BD
S21401F2F055BE00BFBC24002070B505460CF0A6FA2A
S21401F3001A4C064663795B070ED414212046184A28
S21401F31011F052F92046217911F0FEF920B130465C
S21401F320BDE870400CF098BAA3790C3323442DB98C
S21401F3301A79FF2AF3D001321A71F0E7012D05D1AF
S21401F3405A79FF2AEBD001325A71E8E7022D05D12E
S21401F3509A79FF2AE3D001329A71E0E7032DDED1D4
S21401F360DA79FF2A1CBF0132DA71D8E7BC24002003
S21401F3703447030038B50546084800F059F90446F5
S21401F38048B900F0ABF904461DB1054B1B689B79E3
S21401F3902B7000F0BBF9204638BD00BF4C47030078
S21401F3A0D82400202DE9F84380460D480F4616461E
S21401F3B01D469DF8209000F03BF978B9094B1C6872
S21401F3C084F80480C4F80570C4F80960A4F80D50E8
S21401F3D084F80F90BDE8F84311F06FB9BDE8F883E3
S21401F3E044470300DC24002038B5054606480C4691
S21401F3F000F01EF938B9054B1B681D715C71BDE83C
S21401F400384011F05AB938BD5C470300DC240020AF
S21401F41038B5054606480C4600F00AF938B9054BDA
S21401F4201B681D715C71BDE8384011F046B938BDE6
S21401F43054470300DC24002010B50446054800F0BC
S21401F440F7F830B9044B1B681C71BDE8104011F089
S21401F45034B910BD64470300DC2400202DE9F843CD
S21401F460804614480F4616461D46DDF8209000F0EB
S21401F470DFF80446C0B9104B1B68A3F80480DF8090
S21401F48000F02CF90D4B044619680DB18B792B60F1
S21401F490B9F1000F06D08A79B24208D8484607313A
S21401F4A013F0D0FC00F032F92046BDE8F8831D24A5
S21401F4B0F8E700BF84470300DC240020D82400209E
S21401F4C038B505460C460748012100F0C1F838B9A1
S21401F4D0054B1B689D80DC80BDE8384011F0EDB817
S21401F4E038BD00BF7C470300DC24002070B506460B
S21401F4F008480D46144600F09BF848B9064B1B68B1
S21401F5001E71A3F80550DC71BDE8704011F0D5B846
S21401F51070BD00BF74470300DC24002010B51346FD
S21401F52004460A460648012100F092F830B9054B18
S21401F5301B689C80BDE8104011F0BFB810BD00BF2D
S21401F5406C470300DC24002070B505460B480E46C8
S21401F55000F06EF8044678B900F0C0F8084B04468F
S21401F5601B6825B1D3F806202A605A89AA800EB1F5
S21401F5701B7B337000F0CAF8204670BD8C47030031
S21401F580D8240020044A0346106810B102789A4233
S21401F59000D170470069F8E7D424002008B511F0BF
S21401F5A055F8FFF7A1FE0022014B1A6008BD00BF07
S21401F5B0D424002038B5104D0446104A284614F0CD
S21401F5C0E8FA4FF48270A0470D4B01461860287880
S21401F5D018B14FF4827214F0DFFA4FF48270A0472C
S21401F5E0084B01461860287828B1BDE838404FF42A
S21401F5F0827214F0D1BA38BDC52A002094470300A0
S21401F600DC240020D8240020084A136833B9417846
S21401F610036141F00101417010607047197802786A
S21401F6209142FAD003F110021B69EFE7D4240020BF
S21401F63010B5044612F060FA28B9034B22681C6024
S21401F640024B1B681A6010BDD0240020DC24002069
S21401F6502DE9F84F046898464FEA042A0AF4E06A4E
S21401F660C4F307234AEA030A0AEB0209B9F5807FC5
S21401F67083460F46154603D91D263046BDE8F88F4A
S21401F68012F03AFA06460028F7D1124B24F47F44CA
S21401F690C3F800B024F0C7040F4B44EA19244FEA1C
S21401F6A009291B681FFA89F944EA090443F8044B3F
S21401F6B053442A464146184613F0C4FB012F04D191
S21401F6C0FF2DD9D800F8015CD7E7022F08BF20F834
S21401F6D0025CD2E7D0240020DC24002008B5074BCA
S21401F6E01A68074B52F8040B1968064B49681B68E1
S21401F6F09847054B1B68988808BD00BFDC2400208E
S21401F700D0240020A00B0020D82400200022024B89
S21401F7101A6012F0F3B900BFD0240020054B186818
S21401F72008B1C3681BB1003818BF012070470069D3
S21401F730F6E700BFD424002010B5034C23681860F8
S21401F740FEF7E0F8206810BDD8240020F8B504467E
S21401F7500D4601460020174610F079FFF5F732F8FE
S21401F760194E78BB194B1B681C60336818705870AB
S21401F7709870D870204610F044FF18B165B94368F8
S21401F780220E2BB90F250DE05979914204D008338A
S21401F7901D68002DF8D1F5E73846A84733681B6881
S21401F7A04BB9012524F47F4020F0C70040F40070D7
S21401F7B0FFF7C2FF85803268012052F8041B10F063
S21401F7C046FFF8BD1425EDE7D8240020DC240020F0
S21401F7D0F8B50E460502C0F3072305F4E0651D43A0
S21401F7E00E4B691E1B680446043300F038075E544E
S21401F7F0581811462AB10130904202D0324613F011
S21401F800B3FB240C240435443C4344EA15242D025E
S21401F810A8B22043BDE8F840FFF78EBFD8240020E9
S21401F8204022094B83F8212383F8222383F82323DC
S21401F83083F8262383F8252383F8202383F82423BB
S21401F840502283F8222C704700E100E0044BD8696F
S21401F85010F480501CBF186A00F00100704700BF0A
S21401F8600080E00F70B504460D461B4A13686BB363
S21401F87093F87D10586811F0040129D110608C228C
S21401F880184693F8706013F089FB034680F87060A1
S21401F8902268C0F85A20A288A0F85E20A27980F8D3
S21401F8A060202868D864AA79A98883F85220FF22A4
S21401F8B083F8752083F8762040F6FF72A3F86E2051
S21401F8C0064AA3F85010116813605960184670BDB7
S21401F8D01A1D0346CBE700BFE4240020E0240020E5
S21401F8E0054A0346106800B97047B0F86E209A4280
S21401F8F0FAD04068F7E700BFE0240020054A034637
S21401F900106800B9704790F870209A42FAD04068A3
S21401F910F7E700BFE024002010B9024B18687047D3
S21401F92040687047E02400200023114A2DE9F04189
S21401F9308C2113608046024601200BF07BF90446B9
S21401F94020B905460B4E3060A84502D82046BDE8D2
S21401F950F08101200BF0ECF907468C2200210135DD
S21401F96013F01CFB87F8705037603E1DECE700BFB4
S21401F970E0240020E4240020012310B58B4090F8F9
S21401F9807110044621EA030149B280F8711000297A
S21401F99049D110F00FFE204610F080FD102104F131
S21401F9A0180014F0BFF82046FFF708F804F13800F5
S21401F9B013F050FE204612F09EF8214A13681BB140
S21401F9C09C42596830D11160A36859050BD51A05B8
S21401F9D009D443F40063A18994F87000A36004F18C
S21401F9E07802FFF74BFB00232046636013F053FDBC
S21401F9F010F06DFF4FF48072B2FBF0F2424394F8C0
S21401FA0070300344B3FBF2F102FB1133DBB2591E33
S21401FA10C9B2FD29F5D884F8703000236360094B1C
S21401FA201A6852B91C6010BD1A465B68002BCBD011
S21401FA309C42F9D163685360C6E7131D5268F0E72C
S21401FA40E0240020E424002010B5084C206830B9DA
S21401FA50BDE81040064B186001200BF039B9436829
S21401FA6090F871102360FFF787FFEFE7E02400208E
S21401FA70E424002090F8743003F00B03013BDBB262
S21401FA800A2B9ABF014AD05C00207047A2470300A8
S21401FA901FB5014690F870308DF80430FFF7EAFF85
S21401FAA0B1F862308DF80C00ADF80630B1F864306C
S21401FAB001AAADF80A30B1F866300748ADF808304B
S21401FAC0B1F86C3040F20311ADF80E3013F0F7FCCC
S21401FAD005B05DF804FB00BF9024002007B590F840
S21401FAE070308DF8051001AA40F2072103488DF801
S21401FAF0043013F0E4FC03B05DF804FB902400200E
S21401FB0038B50A4B04461B680D462BB143699B0763
S21401FB1002D511F033FA30B12A4620680421BDE837
S21401FB20384011F096BFA3699D6138BDE8240020D6
S21401FB30024B1868003818BF01207047E8240020DF
S21401FB4013B50446019120B901A813F083FD2120C5
S21401FB5012E008460029FAD013F001FE80B2002810
S21401FB60F2D0094B20461B6801994BB1984728B93A
S21401FB7020460199FEF72AF902B010BD0020FBE7E6
S21401FB8011F01DFFF3E700BFE824002038B5436AF3
S21401FB900446590415D4134A03F4004392F82B2063
S21401FBA0012A0FD1826A92040CD4002B01460CBFA5
S21401FBB0532014200FF061FF18B9636A43F008035D
S21401FBC0636238BD002BFCD1074D20462946FEF75F
S21401FBD0BBF80028F5D12868AA88AB792060A280F6
S21401FBE0A371EAE718240020272400202DE9F0411C
S21401FBF0164D85F82A0038B300EBC000C10000237B
S21401FC00012204200BF016F8044650B904200BF02C
S21401FC108FF84827A046286095F82A30A34203DCCF
S21401FC2000242046BDE8F0812E68142207FB0466F6
S21401FC300021C6F8188006F1340013F0AFF93046FB
S21401FC4010F0CAFF0134E7E72860E9E7182400202E
S21401FC50074B93F82A20824281BF1B6800EBC00045
S21401FC6003EBC003586A8CBF00F001000020704708
S21401FC701824002008B50146FFF7EAFF40B1054BFE
S21401FC8001EBC1011B6803EBC103586AC0F3C02036
S21401FC9008BD00BF182400202DE9F04F0746384A5A
S21401FCA093B0106851680FAB03C39068354A18606B
S21401FCB0146807EBC70304EBC304E37B12AA02EB49
S21401FCC0430333F80C1C636A94F82E80DA0494F824
S21401FCD02F6047D40126B04641F0100194F80D90EC
S21401FCE0C3F3404A5B0348BF4AF0020A8BB289F06D
S21401FCF00809B8F1010F94F831500B9304F1070B82
S21401FD00D4E90723C9F3C00994F9324009D0B8F100
S21401FD10020F06D0B8F1040F14BF4FF000084FF0E1
S21401FD200308012E05D0022E03D0042E14BF002690
S21401FD3003263846CDE90C23FFF79CFFDDE90C23AB
S21401FD400121CDE90760CDE900513846CDE90548E6
S21401FD50CDE903BA0B99CDF8089001F019FA13B062
S21401FD60BDE8F08FA26A950648BF41F02001500613
S21401FD7048BF41F04001DA0348BF41F00401ADE756
S21401FD80AE47030018240020002170B50B4B93F8F2
S21401FD902A601C688E4202DCFF25284670BDCDB263
S21401FDA02846FFF755FF28B1E37B012B02D1636A92
S21401FDB0DB06F2D401314834ECE700BF18240020FA
S21401FDC0014B93F82A0070471824002070B50446AA
S21401FDD01546FFF73DFFB8B10E4A04EBC40413689D
S21401FDE0E60003EBC4035B6A13F010040FD0C3F301
S21401FDF000330B7013683344DB7B5A1E042A04D885
S21401FE00033B18BF01232B7070BD0023FBE7204680
S21401FE10FAE700BF182400203F4A70B5146800EBCB
S21401FE20C00304EBC304636A06465B0704D50023DC
S21401FE301A46194601F08EFA636A9D0706D53046C2
S21401FE40FFF72AFF636A23F002036362636A1807F7
S21401FE500CD5A27921463046C2F3C00201F018FA49
S21401FE600546E8B9636A23F008036362304611F079
S21401FE7054F80546A0B9626AD10611D5D30404D553
S21401FE8030460FF0F6FD40B11BE01206E37B09D4C5
S21401FE90E37B626A023B012B15D9616A48071FD4CE
S21401FEA0284670BD03F0FB03012BF6D030462169CE
S21401FEB001F014FA636A256123F080036362002867
S21401FEC0E6D00546ECE7D305E7D53046616901F093
S21401FED023FA00236361636A23F480736362D2E7C3
S21401FEE0E37BA28D012B03D1A2B1802A28BF8022F9
S21401FEF011F0400F94F830304FF0010118BF012384
S21401FF00304601F027FA0028DBD1636A23F00403A8
S21401FF106362C5E74022EBE7182400202DE9F04193
S21401FF2000244827104D95F82A30A34201DCBDE88D
S21401FF30F081E6B23046FFF78BFE98B107FB04F876
S21401FF4028684044436ADA060CD55B040AD4FFF7F6
S21401FF501DFE2B68304643445A6A42F006025A6236
S21401FF60FFF75AFF0134DEE7182400202DE9F04F91
S21401FF70DFF8489200EBC003D9F8004089B004EBE3
S21401FF80C30404F1100A804650460E46174613F085
S21401FF9061FB04F114031846029313F05BFB002087
S21401FFA013F0C5FC0546002800F00381012F40F23E
S21401FFB0726718BF1F27012EA6735CD0022E0CBFD6
S21401FFC0062604260221284610F02AFE012128468C
S21401FFD010F026FE3146284610F022FE284613F081
S21401FFE0BEFB012386B2B91B0A22009389B242F6F0
S21401FFF00723284610F064FE04230644B6B2B91B54
S2140200000093122242F60423284689B210F058FEC4
S2140200100644B6B2BB1B012B069503932DDC0023C8
S21402002099F82B20002A00F0A480504613F012FB09
S214020030636A256143F080026262DB0400F1AB80F2
S21402004099F82B00002840F0A68013F070FC079069
S214020050002800F0A080394610F0EDFD002800F0E0
S214020060A4800298079D13F0F5FA636A656143F46B
S214020070807363628FE00526A4E7002013F057FC26
S21402008007900028CBD0BB1E9B1B02211FFA83FBC6
S21402009000F07CFF8345064611D22BF001018AB29E
S2140200A0411A07A8049213F0A5FB049A16460222E8
S2140200B03EB90798F0B907A813F0CCFAAFE70322C7
S2140200C0F6E7711C0698C9B2049210F0A9FD049ACC
S2140200D00698114610F0A4FD079906A813F003FC33
S2140200E0002013F024FC0790002836D0ABEB060362
S2140200F01FFA83FB5B46022B38BF02239A1E92B27C
S2140201000F2A31D91021049200F040FF049A0346C8
S21402011082421FD222F00F018AB29346411A07A8E2
S21402012013F068FB5B460622591C0698C9B2049374
S214020130059210F075FD059A0698114610F070FDAE
S214020140079906A813F0CFFB049BB21C13449BB27C
S2140201503EB965E740B10722E6E707A813F07AFA48
S214020160334602339BB25BE707A813F073FA3346B3
S214020170EEE7039A2846D11A89B210F05CFD0646CD
S214020180504613F067FA636A256143F080026262A2
S214020190002E3FF452AF606A10F010000AD04046BC
S2140201A009B0BDE8F04FFFF737BE07A813F052FAC2
S2140201B0F1E71A2009B0BDE8F08F00BF182400202E
S2140201C070B5054614461E46FFF742FD30B3144B83
S2140201D005EBC505186800EBC500426A93050BD40B
S2140201E04FF6DF73A1F120059D4217D8A4F1200532
S2140201F09D4213D8A14211D8C3698B4202D1036A29
S214020200A34204D0C0E9071442F0020242629DF8FB
S2140202101030868580F83030002070BD2120FCE743
S21402022018240020044A00EBC003116801EBC30146
S214020230CA7B10F09EBD00BF18240020F8B5054604
S2140202400C46FFF705FD28B3052923D8124E05EB09
S214020250C5023368D70003EBC203186913F07FFAAE
S2140202601F2817D833683B44586913F078FA1F28BA
S21402027010D8012C0ED0231F012B0BD93168224631
S21402028039444B6A284623F482534B62BDE8F84051
S21402029010F06FBD2120F8BD18240020002270B592
S2140202A00546114890F82A400368944201DC1A2059
S2140202B016E0596ACE0714D493F83960760710D43C
S2140202C0D0F80F00094C1860A688A07941F0090101
S2140202D0D4B298719E8020465962FFF7DDFC2C70DE
S2140202E070BD01324833E0E718240020272400209E
S2140202F070B5FFF749FDFF28044615D00B4D03B233
S214020300286803EBC30300EBC300DE00436A23F056
S2140203101003436210F056FC2968204631443431FB
S214020320BDE87040FEF71CBC70BD00BF182400205C
S21402033083782DE9F041122B0F463CD10B689A794F
S2140203400C321344DD781E790DB145F480553046E3
S214020350FFF77EFCD0B1DFF8648006EBC603D8F860
S214020360004004EBC304636A23F01003636295B98A
S21402037022463146A06908F12E0300F0D9F822225F
S2140203802946A56108F12E0012F008FE3846BDE89F
S214020390F04113F05FB9204610F014FC636A5A0667
S2140203A003D523F040036362F0E7304604F13401DC
S2140203B0FEF7D6FBEAE7BDE8F08100BF182400206E
S2140203C00020094B10B55862FFF7A6FA04461CB97E
S2140203D0BDE81040FFF738BB204641F2160110F088
S2140203E002FD6468F3E700BF18240020A0F11B0397
S2140203F0E02B10B5044618D8042142F224000FF070
S214020400DAFF6FF06F0343714223A0F80340837153
S2140204100748F9F77BFF10F012F8407920B110F088
S2140204200EF8407940F4805010BD2120FCE700BF52
S214020430E7E5020037B504460D4610F0FBFC698876
S214020440204610F039FA6A7E2B7E204643EA0223C3
S214020450A4F862306A7F2B7F43EA0223A4F8643052
S214020460EA7EAB7E43EA0223A4F866301B23A4F896
S2140204706C302D4BDA8B1B8CA4F86820A4F86A30FB
S214020480022384F8723010F094F820460FF0FFFF33
S21402049094F87330022B15D10FF0D9FF70B194F98E
S2140204A0753001330AD105212046A36843F48053F0
S2140204B0A36003B0BDE8304010F013BD0021204613
S2140204C010F0FDF90021204600F02AFA4FF6FF73DD
S2140204D0288C984225D000F0C3F9009400F0AEF9BB
S2140204E06A46ADF8040040F20621104812F0E7FF13
S2140204F0002240F20221204612F09DFF2046FFF71E
S214020500C7FA20460FF0C9FF204600F015FEA36882
S214020510012123F480432046A36010F0EAFC03B0D6
S21402052030BD0020D9E700BF182400209024002008
S214020530F7B504460F46164668465A79991D1D4673
S214020540FDF7E0FB2CB969463046FFF78BF9044607
S214020550A0B140F2032384F87670A4F872303368B0
S2140205602946C4F85A30B3882046A4F85E30B379D8
S21402057084F86030FFF75EFF03B0F0BD032140F25F
S21402058006400FF018FF6B88A0F803300D23437166
S2140205900148F9F7BBFEEFE7CBE4020007B590F897
S2140205A070304FF4887101AA03488DF8043012F0B7
S2140205B086FF03B05DF804FB902400202DE9FF417E
S2140205C003780446302B0E4639D006D8052B25D0A4
S2140205D0082B41D004B0BDE8F0813E2BFAD18378D7
S2140205E00C2B4BD8022BF5D9033B092BF2D801A2D0
S2140205F052F823F08D060200C7070200D505020056
S214020600D50502005F070200D5050200D5050200E7
S214020610D5050200D5050200B3070200B0F80300B4
S214020620FFF75EF928B1617909B141F4805110F003
S214020630DAFB304604B0BDE8F04113F00BB8B0F870
S2140206400300FFF74DF90028F3D0A17809B141F471
S214020650805110F021FCECE7B0F80300FFF740F9F8
S2140206600028E6D0627990F8743022B143F0010394
S21402067080F87430E9E703F0FE03F9E7212B00F077
S214020680B780292B1FD0202BD3D0A3E78088FFF773
S21402069027F90028CDD0E278002ACAD1E179A279DA
S2140206A042EA0122A0F86220E17AA27A42EA012214
S2140206B0A0F86420227A617A42EA0122A0F8662033
S2140206C0FFF7E6F9B5E7C778851C3C2F02D1FFF79E
S2140206D00FFEAEE790F80680B8F1000F23D1544A19
S2140206E0546AC2F82480CFB12946204647F4805780
S2140206F010F0A0FBE76084F8728040F201212046E9
S21402070001AACDE9014712F0DAFEA368414643F496
S21402071080632046A360FFF72FF98AE72946204622
S214020720FFF788FE85E74FF6FF73408C98420BD0A2
S21402073000F096F840B1FDF79FFA2B460246FF21DD
S2140207400020FFF7F5FE74E73A4B223455F8042BE7
S214020750A54243F8042BF9D12A881A8069E7B0F833
S2140207600300FFF7BDF800283FF463AF40F209111B
S214020770B4F8053090F87020A0F86C308DF804209C
S214020780ADF80630227AE37943EA0223ADF8083060
S214020790A27A637A43EA0223ADF80A30227BE37A2E
S2140207A043EA0223ADF80C3001AA234812F087FE72
S2140207B03FE78088FFF794F800283FF43AAFA17924
S2140207C0FFF78CF935E78088FFF78AF800283FF4B0
S2140207D030AF90F870300E218DF80430D4F8063021
S2140207E001AACDF80530D4F80A30CDF80930DCE796
S2140207F08088FFF775F800283FF41BAF90F870303A
S2140208004FF403718DF80430E37801AA8DF80530B1
S214020810A3798DF80630E3798DF80730237A8DF8C0
S2140208200830637A8DF80930A37A8DF80A30BCE76F
S21402083018240020462400209024002050B10C22C8
S214020840064B1B68C31AB3FBF2F3807A40EA032016
S21402085080B270474FF6FF70704700BFA40B0020AF
S214020860024609490B7A0968FF2B01D1002070471E
S21402087003EB430301EB830031F82330C3F30B038E
S2140208809342F4D0C37AEFE7A40B002008B5054BD9
S214020890054A1978054813F07CF9F722044B1A80AA
S2140208A008BD00BF322B0020BA470300C62A00202C
S2140208B0E80C002010B5044670B30068836CA342AF
S2140208C022D1636883642246144912F0C0FD04F103
S2140208D00C0012F0E0FD04F1440012F0BBFEFFF73C
S2140208E027F958B1A06948B1143012F0B3FEA069D6
S2140208F0183012F0AFFEA0690AF02CFC2046BDE8C4
S21402090010400AF027BC1346002BDCD05A68A242DD
S214020910F9D162685A60D6E710BD00BF0D10030019
S214020920F8B5054648200E4613F038F9294F044616
S214020930387818B14822214613F02EF98CB1FFF709
S214020940F7F898B11C2013F029F90146A06138780F
S21402095010B11C2213F020F9A3692BB920460AF025
S214020960F9FB00242046F8BD00221A70032128460F
S2140209700FF0A5FFAB6C22466360AC64172326819A
S21402098000266381144928462560267766640AF0A5
S214020990C5F800F01DFF3246014604F10C000AF0CD
S2140209A0BDF802232374FFF7C3F80028DAD00B4BF6
S2140209B019881729D6D9204610F010F80028D1D168
S2140209C01221204610F0E7FA636943F002036361DE
S2140209D0C8E700BFC62A00200D100300E80C00205E
S2140209E0F8B5054610B3002920DB114C2468247E96
S2140209F08C421BDD3F2919DC032701F0030600EBBE
S214020A00A10191F831407600B74002F0030224EAD1
S214020A100704B240224381F8312013B1002110F0BE
S214020A2074FB2846BDE8F84010F0CCBBF8BD00BF0A
S214020A30F424002070B5164600221A7032800A7A14
S214020A400D46072A4DD8DFE802F004090D111A1EDA
S214020A50304AE86830F8023B338043E0EB68981D82
S214020A605B88F9E7EB68981D9B88F5E7697B10F0D1
S214020A7099FB02221C4B18801846328032E0022371
S214020A801A4833802EE01A4C2B7BE88923702B8879
S214020A90E11C013363702B8801331B12A37000F034
S214020AA0DBF90330308020461CE0124CA889EB8923
S214020AB0020AA3701B0A20706270E37000F040FA0C
S214020AC058B1C3681A88022A07D19A782271DB784D
S214020AD0637106230748338004E00423FAE7802282
S214020AE01A70002070BD00BFE02A0020CA4703002B
S214020AF0CD2A0020C72A0020054A064B1860136834
S214020B0043F001031360828B034B1A80704700BFC9
S214020B10EC240020F4240020F829002000232DE9EC
S214020B20F04FDFF8C09191B0D9F80070054617F083
S214020B300807CDE90633CDE908330AD0664B03F140
S214020B40100253F8041B934245F8041BF9D1002007
S214020B5011E00320F4F7D6FE13F020F8804648B1E1
S214020B600620F4F7CFFE13F019F8064630B94046D1
S214020B700AF0F0FA1A2011B0BDE8F08FCDE904773A
S214020B80F7F7D6FB044668B140460AF0E3FA304669
S214020B900AF0E0FA40F2074021460FF057FC40F216
S214020BA00740E8E74FF4A0524C4BC6E90323F3692B
S214020BB0002B42D14FF410533380802310227380CF
S214020BC0304604AB06A90BF0D3FE0446A0B9404655
S214020BD0424A04990BF0AAFF044668B98346404B82
S214020BE0BAB21B68D98891422FD8102229464046AD
S214020BF005AB0BF0B9FF044640460BF021FF40461A
S214020C000AF0A8FA30460BF0E0FF30460AF0A2FAE5
S214020C1004980BF099FE002CBCD12F4B05F1100264
S214020C2055F8041B954243F8041BF9D1D9F8003055
S214020C3043F00803C9F8003089E73B463A464FF4CA
S214020C40105130460BF0CDFFB7E71A68BCB221014F
S214020C5002EB04142046ADF80EB00191009210F09B
S214020C6099FE8246204600F03FF930B3DDE90021C6
S214020C70AAF5205080B2032802D9BAF5245F1ED105
S214020C80525A00202146ADF828200DF10D030DF131
S214020C900E02ADF82AA0FFF7CDFEBDF80E200146E3
S214020CA00BA812F0CFF8BDF80E20404604320AA96F
S214020CB00BF03FFF044600289ED101378FE70AF566
S214020CC05640FF3080B20428F7D8525AADF82AA010
S214020CD0ADF82820E7E700BFE22A00200002C003A2
S214020CE0F4240020EC240020134B01461B6870B548
S214020CF013F0040306D00022104B1C68E38990B25E
S214020D00834209D80E4A14680022E58990B28542C9
S214020D1009D84FF6FF7005E0A56835F81250013283
S214020D208D42ECD170BDA66836F8126001328E4252
S214020D30ECD1034498B2F5E7EC240020F02400201E
S214020D40F4240020094B1B685B070AD5084B1A6877
S214020D50D389834203D9936833F810007047C01AC8
S214020D6080B2044B1B689B68F6E700BFEC240020A9
S214020D70F0240020F424002038B5046805460C222E
S214020D802046084912F0E0F850B90222064904F15A
S214020D900E0012F0D9F818B902200C342C6038BDB7
S214020DA01020FCE7CD470300DB4703002DE9F7439D
S214020DB0102801910BD0022804D04FF6FF7003B022
S214020DC0BDE8F083019B1888FFF78EFFF7E701A8BE
S214020DD0FFF7D2FF0228F5D01028EED11B4B019F59
S214020DE01E6816F0040608D00024194BD3F80080BB
S214020DF0B8F81660A5B2AE421AD80025154BD3F83D
S214020E000080B8F81690ACB24C45D6D2D8F810008E
S214020E10102200EB0510394612F096F8013500282C
S214020E20F1D1A0196FEA40406FEA504080B2C6E79F
S214020E30D8F81000102200EB0410394612F084F89D
S214020E4001340028D6D145F40040B8E7EC2400204F
S214020E50F0240020F4240020020408B51DD5124B0D
S214020E60C0F30E001B685B0713D5104B1A68D38AB3
S214020E7098420CD2136903EB001000F1100350F8ED
S214020E80042B984241F8042BF9D1102008BDC01A51
S214020E9080B2074B1B681B69EDE7FFF753FF08702C
S214020EA0000A48700220F1E7EC240020F02400201B
S214020EB0F424002070B5044642F60306094B1B686C
S214020EC01D68A5420AD2204629B910F063FDB04239
S214020ED006D1103402E010F067FD08B1204670BD5E
S214020EE0103CEEE7F4240020437ADA0702D5C3F377
S214020EF080007047034BC2881B881A4214BF012029
S214020F0000207047F82900200A4B1B68DB0708D52B
S214020F1070B1094B1B68DB88834234BF0020012076
S214020F20704728B1054B1B88834294BF00200120DE
S214020F30704700BFEC240020F4240020FA29002089
S214020F4070B50246FFF7E0FFE8B10F4B1968CD888F
S214020F50954209D302F180500B680138040103EB75
S214020F6000101B5B93420ED0002398B2854201D834
S214020F70002008E00E681C01345B06EB0310944266
S214020F8003F10103F1D170BDF42400202DE9F341F1
S214020F9000250E46A846174F01903A68ABB2D18894
S214020FA099421DD91468ABB204EB0314B4F90430A9
S214020FB0002B1CDA2046FFF797FFC0B1E1680B88CA
S214020FC09E4214D132460198023112F05BFDE3686C
S214020FD082B21B88934207D0114601A812F00AFC7F
S214020FE0404602B0BDE8F08143441FFA83F801355B
S214020FF0D3E700BFF424002008B5002142F20E0019
S2140210000FF0D9F9BDE808400148F9F77FB900BFEB
S214021010B7E5020038B590F872300446032B154641
S21402102006D1FFF7E9FF0123002084F8723019E0A9
S214021030C9B9012B2DD9032140F206400FF0BBF9A6
S214021040B4F86E304571A0F803301348F9F75EF92C
S2140210500FF0F5F98378002BE5D00FF0F0F98078E1
S21402106040F4805038BDA3B102214FF604400FF081
S214021070A2F9B4F86E30A0F803300848F9F746F93A
S2140210800FF0DDF94379002BCDD00FF0D8F9407977
S214021090E6E70220E6E700BFCBE4020001E5020035
S2140210A0F8B507460E4642F213000E2115461C46B8
S2140210B00FF081F9B7F86E30A0F80560A0F803309B
S2140210C0BDF81830A0F80750A0F80B30BDF81C3059
S2140210D0A0F80940A0F80D30BDF82030A0F80F3077
S2140210E00648F9F713F90FF0AAF9807820B10FF045
S2140210F0A6F9807840F48050F8BD00BF43E50200B0
S21402110070B506460D4642F27A00042114460FF0E8
S21402111052F9A0F80360457184710648F9F7F6F8AB
S2140211200FF08DF9407920B10FF089F9407940F43B
S214021130805070BD43E9020010B50446022142F217
S21402114030000FF038F9B4F86E30A0F803300F48CC
S214021150F9F7DCF80FF073F9437963B90FF06FF91A
S214021160C088FEF7BDFB044628B10FF068F9017A85
S2140211702046FEF7B3FC0FF062F9407920B10FF07B
S2140211805EF9407940F4805010BD00BF31A60100E0
S2140211902DE9F041154606460F4642F23600192161
S2140211A01C46DDF824800FF006F92B0AC371230AC9
S2140211B083729DF81830857103739DF81C30447253
S2140211C043739DF820302D0C240CC6708780057260
S2140211D0C4728373D8F80030C0F80F30B8F8043001
S2140211E08676A0F813309DF8283043759DF92C308A
S2140211F083759DF83030C375002303769DF834302E
S21402120043769DF83830C3760648F9F77FF80FF034
S21402121016F9407920B10FF012F9407940F4805067
S214021220BDE8F081D9A3010038B505460C464FF655
S214021230194005210FF0BFF8C57044600648F9F75B
S21402124065F80FF0FCF8407920B10FF0F8F8407915
S21402125040F4805038BD00BF77E2020038B505463C
S2140212600C464FF61A4005210FF0A5F8C5704460EB
S2140212700648F9F74BF80FF0E2F8407920B10FF084
S214021280DEF8407940F4805038BD00BFA7E2020085
S21402129070B50D4606460121DAB1FFF7C5FF0446D2
S2140212A0A8B9072142F235000FF085F8C6702B6800
S2140212B04360AB8803810848F9F728F80FF0BFF8B7
S2140212C0437923B10FF0BBF8447944F480542046A6
S2140212D070BDFFF7C3FFE2E737E402000A4610B527
S2140212E00421044642F237000FF07AF80323037112
S2140212F00023C470437183710648F9F707F80FF0AC
S2140213009EF8407920B10FF09AF8407940F4805068
S21402131010BD00BF2BE302000A4610B504210446A6
S21402132042F238000FF05CF8032303710023C47006
S214021330437183710648F8F7E9FF0FF080F84079A9
S21402134020B10FF07CF8407940F4805010BD00BF09
S21402135077E30200F8B506460F4642F23900062148
S21402136014461D460FF027F801238471240A0371E0
S214021370C7704671C47105720648F8F7C7FF0FF0CA
S2140213805EF8407920B10FF05AF8407940F4805068
S214021390F8BD00BFC3E302000148FDF7CBB900BFAA
S2140213A0A51302002DE9F04F867987B00C3605901A
S2140213B00546805BC0F30B00FEF792FA044618B9A6
S2140213C005A812F047F94EE090F87230022BF7D1DA
S2140213D0AB5B059AC3F30B0103F44053B3F5805F8E
S2140213E09060A95342D153796FF300035371836B14
S2140213F0002BE5D0042105A804F1380612F0D3F933
S2140214003046059912F0B6F9A06B002301465A1C25
S214021410A9BBDBB2012B01D912F01DFAA06B12F0A8
S2140214209EF903281FD9D4F83890484699F80670D2
S21402143012F095F90C3709EB070539F80770A0F199
S2140214400408474522D9524FD4F838A007F11009AC
S21402145057F804BB5346424629462046D8474F45CE
S21402146010D00028F4D007B0BDE8F08F383012F064
S214021470F1F8059A537943F001035371BAE713461C
S2140214800968C4E70028EED130469AE7A06B12F04E
S21402149066F904378742F7D36988A1F140033F2BE8
S2140214A00BD80421304612F07EF92046A26B6988DA
S2140214B010F019FB0023A363D5E705290BD00629F4
S2140214C061D00429E0D1304612F06DF9A16BA06C10
S2140214D0FEF736FBEEE72946204610F002FB0246F0
S2140214E00028D1D12B79122B06D0132B36D02046CA
S2140214F0697910F0CEFAC7E794F87330022BF6D06B
S21402150040F67A4029898B1F9BB2834224D86A8987
S214021510931F9BB283421FD891421DD8AB89B3F565
S214021520FA7F19D240F6764CEF89A7F10A0080B20C
S214021530604511D8B4F86A000290B4F86800CDE9A4
S21402154000702046FFF7ACFD021E18BF012220469F
S214021550697910F05AFA97E70122F8E794F873309F
S214021560012B03D12046697910F093FAA3681A0476
S2140215708AD523F40043A3602B89012B84D120460D
S214021580FFF70CF880E72046A16B0EF067FF91E7A5
S214021590E0470300184640F20A4322F000429A420D
S2140215A02DE9F04120D8B2F5806F01D800203EE048
S2140215B06FF480642244092AF8D801A353F822F073
S2140215C007160200131602003316020081160200E6
S2140215D0551602009D160200BF160200C71602002C
S2140215E0AD150200DF1602006FF4A0615318042B3B
S2140215F0DCD8A2F20252032A79D8DFE812F08A0077
S2140216009200B700CB000578448864480FF0E2F8F1
S2140216103EE005784468826900F1080300216048CC
S2140216200FF0E9F810B10571C0F805400120BDE8D9
S214021630F081067845880479826900F10803002162
S21402164058480FF0D8F80028F0D00671A0F80550D8
S214021650C471EBE704790778A4F11B035942594198
S2140216604688C58800F1080289004F480FF0E8F85E
S2140216700028DBD00771A0F80560C4710581D5E7A4
S214021680057844884269031D002148480FF0B3F8E4
S2140216900028CBD00571A0F80540C7E70678458834
S2140216A0848800F10802002141480FF0C9F800289A
S2140216B0BCD00671A0F80550A0F80740B6E705783A
S2140216C044683C48A2E704783A480FF083F80028BA
S2140216D0ACD007234371002304718371A6E7047814
S2140216E035480FF077F80028A0D004719EE70778F7
S2140216F046880579C48800F1080200212F480FF0B9
S2140217009FF8002892D00771A0F80560C571048181
S2140217108CE7077846880579C48829480FF05AF876
S214021720EFE787684588047906787FB1C78800F1B5
S2140217300802002123480FF083F800283FF476AF12
S2140217400671A0F80550C47107816FE73B463A461A
S21402175039461C480FF04FF800283FF467AF067171
S214021760A0F80550C471077247725FE790F80080D0
S21402177047880679C588048913480FF02BF8002895
S2140217803FF454AF80F80480A0F80570C671058156
S21402179044814BE7057844680C4837E72048030045
S2140217A01C480300184803001048030014480300AE
S2140217B00C48030008480300F047030004480300EF
S2140217C000480300FC470300F8470300F447030001
S2140217D000487047951502002DE9F04F144687B071
S2140217E09B46C36B06460D465B69012202A96068EA
S2140217F09847F36B012203A95B692846984702A81B
S21402180010F034FD074648B10023A37563754FF008
S214021810FF33A360002007B0BDE8F08F03A810F0E6
S21402182032FD0123A375237E04EBC303DD611F840F
S2140218306368AB420ED1206003A810F046FD4FF05D
S214021840FF332075A360237D043B022B25D800239B
S214021850A375DFE723681A1A03A853425341A375F8
S21402186010F033FD237D834203A818BFA77510F03E
S2140218700EFD074602A810F00AFD874203A81CBF09
S2140218800023A37510F00BFD074602A810F007FD13
S21402189087421CBF0023A375D5E703A810F0F7FC08
S2140218A080B1F36B022204A928465B69984704A814
S2140218B010F0FCFC0346207D032839D8DFE800F050
S2140218C03838040903A8F3E7237ECC2204EBC303CB
S2140218D01A8401F0C9FA109B187003A8277E10F02C
S2140218E0CAFC04EBC70787F8220003A8237E04EB92
S2140218F0C303B3F8209093F8227010F0C8FC804619
S21402190003A810F0CCFC8246B8F1000F15D0F36B9A
S214021910022204A928465B69984704A810F08BFCAB
S2140219206075637D6BB90023A3754FF0000838E03D
S214021930227E04EBC2021384CBE703A810F066FCF7
S214021940EEE794F81680B8F1000FEED0B9F1000F6A
S21402195009D1DFB10123627EE375002A44D19F429A
S21402196018D1677614E0736C05EB0A02594285EAD1
S214021970020008421CBF0021A175591E0A409B1A8C
S2140219809945D0D8A37D002BE3D1CEE7E37D43B9BA
S2140219904FF000084B4652462946304610F0E2F910
S2140219A0A060A27D12B123694B4423611349237EB2
S2140219B0097899421ED901332376BBF1000F1BD05A
S2140219C0D2B1E37DC3B1B8F1000F15D1032F13D006
S2140219D0A1684B1C10D0109B224630460093012370
S2140219E0FFF7FAFEA07507E0012FDAD0032F08BF33
S2140219F0A376CDE70023A375A07D0CE78C420300F7
S214021A002DE9F04F0E468BB09846002304464FF061
S214021A10FF31104617468DF8133001F00FFAB6F56F
S214021A20801F3BD3B21C53D1E56A6B1C57D1616A47
S214021A30204610F0DDF80546B31CDFF8189118BFF3
S214021A4001230193636A05A9626C4FF0000B0293AF
S214021A50236802FB053AE36B05225B69504698470A
S214021A6005A810F0BCFC10F0DFFC504610F0E7FCB6
S214021A70824601464B1C05D0636C81EA0A025B4231
S214021A80134232D02946204610F0B2F8029BAB42EF
S214021A904DD0BBF1000F4DD10546D3E7314605AA1E
S214021AA004F1080010F098FB0146481C10D0384696
S214021AB001F0C4F90DF1130301223946204610F055
S214021AC0CDF928B19DF8133088F80030002003E0E5
S214021AD0237C002BA8D11D480BB0BDE8F08F2368ED
S214021AE0ED1A636CB5FBF3F5A6E7484601F0A6F9D6
S214021AF00DF11303019A4946204610F0AFF903464A
S214021B0090B1B21C03D0D9F80020B2420CD19DF895
S214021B1013204946039338460D4B88F800201A686E
S214021B2011F090F9039B9B46D9F80810A2E7BBF187
S214021B30000FD0D0B6F5801FC8D298F800303146D4
S214021B407A6804F1080001F0BDF8BFE70BE000F088
S214021B5088420300901C00202DE9F3410E460446FD
S214021B6017469846816A194DE36A8B422AD04B1C67
S214021B7018E0284601F062F90DF107030122294612
S214021B80204610F06BF930B143469DF807202946EF
S214021B902046B847B0B1A9684A1C05D0012E0AD023
S214021BA0E36A9942E5D10DE06968204610F0ADF887
S214021BB0012E0146D8D16B6881EA0302636C5B4250
S214021BC01A42D1D002B0BDE8F08100BF641C0020EA
S214021BD02DE9F041036B9046826B90B007680E4683
S214021BE09A42426C01A9044688BF8363436A02FB99
S214021BF00377C36B05225B693846984701A810F045
S214021C00EEFB01280146307056D0656C06A9E26BE1
S214021C102368606AD2F814C0052205FB003000254E
S214021C20E04706A810F0DBFB012823D001218DF83F
S214021C3034800E958DF83C10D4E90A32CDE90B4576
S214021C4093422AD11946204610F05FF8236B626C45
S214021C501433E0629B1A23630C9B53B99DF83C3005
S214021C603BB1626A616C2368E06B01FB023110F0E3
S214021C706EFB0C9DE36B052201A938465B6998470B
S214021C8001A810F0ACFB3070236B2846A26B9A4278
S214021C9088BFA36310B0BDE8F081237C33B90BAADA
S214021CA01C4904F1080001F05DF8D5E70BAB1A4AAF
S214021CB02046FFF751FFCFE7237C23BB2246174976
S214021CC004F1080001F04EF8616A20460FF0B1FFF9
S214021CD0616A421C20460FF07AFF054620B9236B44
S214021CE0626C1344143B2363A16A204610F00DF87D
S214021CF02368A062C01A636CB0FBF3F060622046F1
S214021D0010F047F8B6E70023054A2046FFF724FFFF
S214021D10DAE700BF0525020081240200E51E030063
S214021D20811E030073B50D46D11E1C461B7E4A4219
S214021D304A419A4226D129682368994222D3636887
S214021D4099421FD8114E0DF107033246FFF758FE8F
S214021D50C0B972686B689A4214D19DF80730DA1ED1
S214021D6053425341227E93420CD16369013363612D
S214021D70D4E90323934205D22968A26842F82310C5
S214021D8001332361012002B070BD00BFBC1C0020DD
S214021D902DE9F04F8BB09A46DFF854B180469DF895
S214021DA050300D4616460293DBF810305345C0F00D
S214021DB09880DBF80430D1460193B9F1000F00F0A9
S214021DC08C80D8F83C30012207A901985B699847B5
S214021DD007A810F058FADBF80030984240F08480EA
S214021DE007A810F05CFA0428074614D107A810F0DA
S214021DF05DFA019B029A04463B44002A3ED1864283
S214021E0012D9361A1446019940460FF07EFFA9EB06
S214021E1004090190D1E7D8F83C30022208A90198BB
S214021E205B69984708A8E2E7841B9F19544528BFB8
S214021E305446032CAAEB040A4FEA94021CD9D8F89B
S214021E403C302946384604F003065B69984724F07E
S214021E5003031F441D44002ED5D0D8F83C3001227F
S214021E6008A938465B6998473246284608A9354489
S214021E7010F0E8FF0026C6E72646ECE700F003026D
S214021E800344074603922A1805930492049BDD1B1B
S214021E90059BD81B039B9F420FD1002FB3D0D8F8C7
S214021EA03C30012208A95B6998473A4608A92846A9
S214021EB011F04AF878B93D44A5E7D8F83C3001223B
S214021EC008A95B699847042208A9284611F03CF83D
S214021ED008B9043FDAE7DFF81C9048460BB0BDE8C5
S214021EE0F08FDFF81490F8E7DFF81090F5E700BF00
S214021EF0E81C002012E000F011E000F022E000F002
S214021F002DE9F0410F4688B016469846044660B35F
S214021F1090F83450FDB101210FF02FFE0E9B0021E8
S214021F20CDF804800496CDE902379DF83C308DF852
S214021F301C30237CCDE905118BB901AA0C4904F1AA
S214021F40080000F00FFFE06BDDE90553002E08BF26
S214021F501D460FF0D5FF284608B0BDE8F08101AB5C
S214021F60044A2046FFF7F8FDEDE70546F3E700BF13
S214021F70AF1E0300251D02002DE9F04F99B00F4653
S214021F80044609920A69416C0E93D31D1439B3FBB9
S214021F90F1F3013302EBC302036B9342C0F00F82EC
S214021FA00023DFF824940D93E36A48461946079304
S214021FB000F044FFD7E9033604930E9B022B4ED162
S214021FC0CC2E40F08C81099B002B42D0394620460D
S214021FD00FF0F4FF656C079A6B1E14901340ED1A0F
S214021FE0E36B012216A978685B69984716A810F079
S214021FF04EF900280CBF04230823782E06933FD9F7
S214022000012300254FF0080A05933B6805990E98B0
S214022010C9F80030C9F8106010F05BF94FEA9A036D
S214022020DDF81CB089F81400109300230B930F936D
S21402203008930C93616C4A1E0BEA02028B1A002E5E
S2140220403AD05544AB4242D8236B5B1A13442363FF
S214022050ADE0049B1B68149308230693D0E7656CD7
S214022060782E079A05F1FF3303EA0203A5EB030570
S21402207016D8FB7D7BB9099B002BB1D104230693AE
S214022080331DAB4210D9A6B1082DB9D804250023BA
S214022090AA460593B9E7099B002BA1D10823EEE7D0
S2140220A0099B002B9CD1D7E7002505954FF0040A23
S2140220B0ABE704250596F9E75345C5D30BEB0A03B0
S2140220C0B0460393089B002B18BF032313E0A3EB31
S2140220D00A03B0460BEB0A029E42039228BF9846BA
S2140220E09E42EFD9D9F810200123964289F817307C
S2140220F071D1C9F804B0089399F81730002B6CD048
S21402210099F818200899D31C013209EBC30389F801
S2140221101820C3F804B0A3F808809972B8F1000F2B
S21402212014D00E9B022B5BD10B9B7BB90F9B4344B7
S214022130032B0BD9E36B012214A903989B699847DA
S2140221400546002840F03D8101230B93089B16A804
S2140221500193059B0093434699F81420396800F0D2
S21402216023FEE36B109A16A99B6958469847051EEC
S2140221700D9B18BF5B4652460D9359464346204672
S2140221800FF0F0FD236B08F10302C9F80800A3EB79
S2140221900A0322F003029B1A2363002D40F01181EA
S2140221A00F9BA6EB0806DDF80CB043440F93594686
S2140221B020460FF0AAFD00258346002E7FF43AAF94
S2140221C0814A04F10800396893685268E3620E9BFC
S2140221D000F078FDDEE002238DE7C9F804B09DE743
S2140221E0099B002B30D1049BB8F1030F43440A939A
S2140221F027D9E36B4FEA98029B69DDE9030198470A
S2140222000546002865D118F003025FD028F00305C2
S214022210049B2B440493039B1D444FF0FF33049905
S21402222015A8159310F00EFEE36B2846012215A999
S2140222309B6998470A9B05460493002D86D0039B0C
S21402224099E7039D4246E8E7039B0A9307F12003BA
S2140222501193FB7D78689BB13D7E00230C9AD9B220
S2140222608D4211D9119903F1010C31F833109142C4
S21402227026D907EBC3030699D8690A44104403E03B
S2140222800C9B069A13441844E36B012215A95B695A
S2140222909847159B012213A913930C9B0A980433A3
S2140222A00C93E36B9B699847039B0A9A0546434443
S2140222B09B1A042B07D978B9134604330A93C8E746
S2140222C0521A6346CBE70A9B0393B6E70A9B04932C
S2140222D03CE70A9B0493B2E70A9B0393AFE73B4EA5
S2140222E004F1080303932368079A606CA2EB030ABF
S2140222F0BAFBF0FA00FB0A3010F0A1F8E16A804659
S21402230020460FF002FDA26A82424AD0626CD9F8D9
S2140223100830511E2568E0620B40216B891A0B4477
S21402232023630D9B5D1BB5FBF2F5AA4536D1079BD1
S214022330B3EB080A12D0E36B4FEA9A0241469B6956
S2140223409847E36A079A834653440398DA46E36259
S214022350236B9B1A434423630FF00FFF2368616CC1
S214022360E06B01FB05310FF0DFFF20460FF010FC9B
S21402237020460FF00EFD2063BAF1000F11D03A6925
S214022380616CD31D1439B3FBF1F3013302EBC302C4
S2140223909042A8D2304619B0BDE8F08F4FF0000A3E
S2140223A0DCE73A69616CD31D1439B3FBF1F30133F0
S2140223B002EBC302236B9342BFF4F6ADEAE7044E88
S2140223C0E8E72E468CE700BF901C002023E000F0D2
S2140223D006E000F02DE9F3471E46436904468846A8
S2140223E0B34217469DF828903DD300258DF8075036
S2140223F0D4F830A020460FF097FB82450AD2236A13
S214022400B5EB430F06D200220DF107012046FFF777
S214022410DFFB30B39DF80730012B05D100220DF10A
S21402242007012046FFF7D4FBB9F1030F06D0256B50
S214022430314620460FF063FB854218D30D4D4FF010
S214022440FF31284600F0FAFC4B4600222946204679
S214022450C5F80080C5E9037602B0BDE8F047FFF78D
S2140224608BBD0135C4E7044802B0BDE8F0870348D7
S214022470FAE700BFBC1C00200FE000F006E000F008
S214022480032A2DE9F34106460D4617461C4606D199
S214022490237A012B23D0012002B0BDE8F081DFF8B9
S2140224A060800DF1070309684246FFF7A9FA6060EB
S2140224B00028EDD19DF80720237A032AE8D0D8F821
S2140224C004106A689142E3D1012B2969D4F80CC042
S2140224D007D10CEB01037269934202D92074207C67
S2140224E0DAE708313B46012230466144E16029467C
S2140224F0FFF742FD60600028CAD00020CCE700BF8C
S214022500BC1C00202DE9F341089C032A17462668C6
S21402251006D1237A012B24D0012002B0BDE8F08137
S214022520DFF890800DF1070330464246FFF768FA5F
S21402253060600028EDD12568D8F80400A96AD5F8AD
S21402254044C04840227ACCF100031840E1D1012A67
S21402255009D1E268D8F8103013447269934202D95E
S2140225602074207CD9E72868EB6A1B1A081AB3FB8A
S214022570FCF3B0FBFCF083420BD1706CF36A421E94
S2140225801340326B121A2846134433630FF0BDFB16
S214022590E862D8F81020E368083206492068134437
S2140225A00122E3603B46FFF7E7FC60600028B0D0FC
S2140225B00020B2E7BC1C00202DE9F04F4FF0FF339D
S2140225C04FF6FF72002500F10806044687B0C36284
S2140225D00F4605620563C0E9092330460FF0CDFDBC
S2140225E020460FF0D5FA28BB204639460FF050FB9E
S2140225F020460FF0CDFA28BB8A4D20460FF0FCFB92
S214022600ECE0E26B01A92368606CD2F814C00522E4
S21402261000FB0530E04701A80FF0E1FE012828D1B3
S214022620294620460FF005FB421C294620460FF09D
S214022630CEFA0135E3699D42E3D320460FF0A8FAAD
S2140226400028D1D000254FF0FF394FF6FF73CA4657
S214022650A846C4E90853E369984514D3A5EB0905CF
S214022660012D37D8636A4FF6FF72934247D16E4DFB
S214022670C3E70FF0DEFE0028DBD0294620460FF027
S214022680D8FA0246D1E7236801A9E26B606C576963
S214022690052200FB0830B84701A80FF0A0FE8346CB
S2140226A001A80FF073FE074658460FF0BDFE70B144
S2140226B05745236ABA4638BFC4F82480B94503F1A1
S2140226C0010328BFB946BD42236238BF3D4608F122
S2140226D00108C0E74FF6FF7300256362E3699D4277
S2140226E0C0D2676C0522206801A9E36B07FB0500D0
S2140226F001355B69984701A80FF048FEEEE7E26BEA
S21402270001A9676C20685569052207FB0300A847E4
S21402271001A80FF03BFE626A2368606C434D00FB23
S21402272002300FF08CFE4FF0FF33A0622A46E362BF
S2140227306FF001010DF103032046FFF761F900284F
S21402274050D1AD6829462046E5620FF0FDF92063B8
S21402275020B9E16A20460FF0D8FAE0622946204600
S2140227600FF0D3FA0546A36A9D423DD1656920461D
S214022770626CE91C143AB1FBF2F105EBC1050335B4
S214022780B5FBF2F502350FF037FB8046A8423DD284
S214022790616A20460FF02CFA0027064604F1400A2A
S2140227A0474512D3626C01A9236802FB0639E36B24
S2140227B005225B694846984701A80FF0E7FD534695
S2140227C002464946E06B0FF03CFE01373146204692
S2140227D00FF00EFAAF420646E2D3154D284607B072
S2140227E0BDE8F08FA56AADE7294620460FF0ACF9A2
S2140227F0236B074629460344204623630FF085FAD7
S2140228000546002FAFD1C4E90B07ACE730460025DA
S2140228100FF0B3FC0023074A20461946FFF79CF93F
S214022820EBE600BF03E000F016E000F0BC1C002060
S21402283013E000F04B1E0300634A00232DE9F0412B
S21402284017680E460446136018B9604D2846BDE860
S214022850F08190F834500DB309680268914240F056
S214022860AA8071684268914240F0A580B168826889
S214022870914240F0A080F168C268914240F09B808D
S21402288031694269914240F09680B169C26B9142C9
S21402289040F0918072691D468261D7E75022294630
S2140228A0D0F8388010F07AFB336804F10800C4F8D8
S2140228B03880236073686360336963617369D6E93D
S2140228C00212A3610FF06BFCB36904F14000E363EC
S2140228D09B68984794F8432020B1E561002AB4D05B
S2140228E03B4DB3E7656C002DF7D06668B6FBF5F393
S2140228F0E361002AA9D0B542F2D82268B2FBF5F10C
S21402290005FB1122002A58D105FB1363002B54D174
S21402291020460FF009F9A369043303449E424ED3BE
S214022920636940F63472CC3B93424AD8B5F5007FD1
S214022930D6D3032120460FF020F9E36BD4E9000139
S2140229401B689847E36B05460220DB6898471DB173
S214022950002384F834301EE039462046FFF72CFE6A
S2140229601C4B0546984204D139462046FFF724FE02
S2140229700546636C143B002DEAD1226A204602FB10
S21402298003F60FF0D1F8A369043303449E4206D23D
S21402299084F83450104DE06B0FF0B2FA56E70F4A47
S2140229A0012384F8343013680133D4E9000113603C
S2140229B008F05AFEEFE70A4D48E70A4D46E7064D8D
S2140229C044E7094D42E700BFFC24002009E000F07E
S2140229D004E000F013E000F002E000F0F82400202B
S2140229E008E000F001E000F005E000F02DE9FF410C
S2140229F00F4690461E46054698B390F8343093B379
S214022A00B1F5801F31D21A4C02210FF0B6F80DF143
S214022A100F03224639462846FEF7F2FF024678B1F1
S214022A20012342463946284600933346FFF7D2FC36
S214022A300446E86B0FF064FA204604B0BDE8F08165
S214022A409DF80F30012BEBD12169B142E8D10093FA
S214022A50414633462846FFF79BF904460028DFD155
S214022A60E7E7044CE8E7044CE6E7044CE4E700BF7B
S214022A70E81C002009E000F007E000F00AE000F0A1
S214022A802DE9FF410C4616461F46054688B390F8C8
S214022A90343083B3B1F5801F2FD2DFF87C8001215A
S214022AA00FF06BF821460DF10F0342462846FEF75B
S214022AB0A7FF044670B99DF80F30012B11D1D8F844
S214022AC01030BB4213D10246009031462846FFF72B
S214022AD05FF90446E86B0FF013FA204604B0BDE82F
S214022AE0F081074C074A022B08BF1446F2E7064C51
S214022AF0F0E7064CF1E7064CEFE7064CEDE700BFC1
S214022B000BE000F00CE000F011E000F009E000F04D
S214022B1007E000F00AE000F0E81C00202DE9F04390
S214022B2085B00C4617461E46DDF830800546A0B333
S214022B3090F834309BB3B1F5801F32D2DFF8809024
S214022B4001210FF01AF821460DF10F034A462846D6
S214022B50FEF756FF044688B99DF80F30012B14D1B4
S214022B6006EB0803D9F810209A4214D30090434685
S214022B70324639462846FFF70BF90446E86B0FF053
S214022B80BFF9204605B0BDE8F083074C074A022B82
S214022B9008BF1446F2E7064CF0E7064CF1E7064C8F
S214022BA0EFE7064CEDE700BF0BE000F00CE000F0AC
S214022BB011E000F009E000F007E000F00AE000F0A3
S214022BC0E81C00202DE9F3411F4600230C4616465A
S214022BD005463B6050B390F834304BB3B1F5801FD6
S214022BE028D2DFF8648001210EF0C7FF21460DF1DE
S214022BF0070342462846FEF703FF0446A0B99DF89F
S214022C000730032B10D0022B0AD101233360042392
S214022C103B60E86B0FF074F9204602B0BDE8F08125
S214022C20D8F810303060F3E7034CF2E7034CF3E7D2
S214022C30034CF1E7034CEFE70BE000F009E000F08D
S214022C4007E000F00AE000F0E81C002030B50C4671
S214022C5085B0054628B390F8343023B3B1F5801F0B
S214022C6023D202210EF089FF0DF10F03104A2146EE
S214022C702846FEF7C5FE034688B99DF80F20032AAC
S214022C800DD003222146009202462846FFF7A2FBF9
S214022C900446E86B0FF034F9204605B030BD054C0B
S214022CA0F7E7054CF8E7054CF6E7054CF4E700BFF6
S214022CB0E81C00200BE000F009E000F007E000F05E
S214022CC00AE000F02DE9F0414668002E46D005687D
S214022CD04FF0000CA846AE4655F83C400CF1010CED
S214022CE0C4F31307013401D0B94218D0B4450EF12B
S214022CF0080EF1D12F46002403E0B44207F108077C
S214022D0013D055F834C00134BCF1FF3FF5D1C1F3FE
S214022D1013017A6041EA03513960BDE8F08141EA65
S214022D200353CEE90032BDE8F081032B16D000240F
S214022D3003E0B44208F1080810D055F834700134A4
S214022D40C7F30757032FF4D1C1F31301C8F80420C1
S214022D5041EA0353C8F80030BDE8F081012303724C
S214022D60BDE8F0812DE9F043476883B0C7B1064657
S214022D708846914600243368304653F8345003EBB5
S214022D80C4030134C5F30752C5F31301013505D058
S214022D905B68CDF80090C04710B17768BC42EAD3B2
S214022DA003B0BDE8F08300BF73B5012A044622488B
S214022DB09DF8185000EAC11123F07C4007D9961EF0
S214022DC0012E28D9073303F07F03194308E09DF844
S214022DD01C300A43DB0603F0C053134343F0604142
S214022DE00023C4E900108DF80730B5B12022214631
S214022DF00DF107000FF07AFA1A220DF10700211DD5
S214022E000FF074FA63689DF80720082043EA82638D
S214022E10636002B070BD1143E2E71B220DF10700AA
S214022E2021460FF063FA23689DF80720042043EA40
S214022E30C2632360EDE700BF80FFFF0738B5094B8A
S214022E400D46002104461A6810F0A8F800234FF039
S214022E50FF322361A260E3822383A376C4E90025BE
S214022E6038BD00BF884203000138C0B205289ABFA9
S214022E70014B185C01207047244803002DE9F041FD
S214022E800E46596888B007461546490A00240129A5
S214022E9022464FEA510104F10104F8D8DC785203C5
S214022EA099784FF0000824031B88C9020DF1070029
S214022EB004F48054C3F30A0301F4006192B28DF85D
S214022EC007800C4302A923449C18254B1B2203931C
S214022ED025F07843ED436FEA044402930FF006FAB6
S214022EE09DF8072025F07845029B02A90DF1070000
S214022EF0029543EAC2631B228DF807806FEA1444E8
S214022F0004930FF0F3F99DF8072007A9029B06F138
S214022F101000079443EAC263012205934FF0FF3381
S214022F200693BB6998470446BB6905A9012206F1C8
S214022F3008009847404518BF0446BB6904A9012209
S214022F40301D9847404518BF0446BB69012203A9B5
S214022F5030469847404508BF204608B0BDE8F08195
S214022F6001009AB21046044A1368591E033102D869
S214022F700021116018477047B00B0020034B1868F9
S214022F80034B002808BF1846704700BF00250020E4
S214022F905448030001480FF0B8BB00BF08250020C4
S214022FA013B50B4C0229226005D10A480FF0ADFB7F
S214022FB0002002B010BD0A4600930146064B0548A3
S214022FC00FF085FB003818BF01204000F1E700BF74
S214022FD0B00B002008250020652F020001480FF0E4
S214022FE0A7BB00BF08250020002101480FF0C2BB86
S214022FF00825002008B5064B1B68013305D0FFF7ED
S214023000EDFF80F00100C0B208BD0020FCE700BF63
S214023010B00B0020F8B50D4610B900242046F8BDC6
S2140230200E4F3E68002EF8D100F0A2F804460028A3
S214023030F3D0386000F0E8F820460FF04DFA38B1C9
S21402304030463E6000F0E0F820460FF040FAE4E733
S214023050002DE3D02046A847E0E700BF0425002065
S214023060024B1868003818BF01207047042500205C
S21402307038B50C4601F088FFA3780B4A13705A1E27
S21402308055425541A8420CD0012B04D02846BDE833
S214023090384001F05BBF204601F02AFF0028F5D039
S2140230A038BD0020FCE700BFF22A00200021024BB8
S2140230B008465B68184700BFC40B002010B50446DC
S2140230C0FFF75CFF0C4B1A1A53425341A34201D13D
S2140230D0012010BD094B1B683BB9094A064B002C60
S2140230E008BF1346074A1360F2E70FF0FEFB0028FC
S2140230F0F3D00020EDE700BF2C4803000425002093
S214023100544803000025002010B50FF0DFFC0446EB
S21402311018B9034B01215B689847204610BD00BFD3
S214023120C40B002010B50FF0DAFC20B9BDE8104041
S214023130014B1B68184710BDC40B002010B50FF0DA
S21402314046FA20B9BDE81040014B1B68184710BD6F
S214023150C40B0020431E033306D8044B984228BFF4
S2140231601846642838BF6420704700BF40420F00EC
S214023170F8B5054608F063FB07460F4B1E6826B9EE
S214023180384608F060FB344611E0B4688CB194F817
S21402319010C01CF0010F0CD14CF0010C95E80F008A
S2140231A084F810C084E80F00384608F04CFB20462E
S2140231B0F8BD3668E3E700BFB80B002038B5054611
S2140231C00C4641B10B6833B11B68013303D0CB68A0
S2140231D00BB18B684BB90FF039FDBDE838404FF4A0
S2140231E092724121002000F0C9B9084602F09CFE06
S2140231F00023044A85F81031C5E93043C2E900339A
S21402320038BD00BFA80F002010B5044618B9054BFC
S214023210054A136010BD00F0E5FED4F8CC30002B52
S214023220F6D1F4E7B7240300B40B002010B50C4621
S21402323000F016FF054B002103205B6898471CB17F
S21402324002F02EF80128FBD110BD00BFC40B0020EF
S21402325008B502460868FFF77DFF08604868FFF772
S21402326079FF48608868FFF775FF8860C868FFF7CF
S21402327071FF0B69C860581C03D00B48834228BFF5
S21402328003460B614B69581C03D00748834228BF8C
S214023290034688694B61FFF75DFFBDE80840886119
S2140232A0104601F0A9BD00BF40420F002DE9F84FBD
S2140232B0D0F8C43006460F4613B1038B8B4244D077
S2140232C0D6F8C0B0BBF1000F42D0DBF80830002BB6
S2140232D03ED0DBF80C1000293AD0D6F8D4A0BAF1CA
S2140232E0000F38D04FF000094D46C84601E0DBF823
S2140232F0083005EBC50203EB8204E3890135BB42C5
S21402330014D8238ABB4211D3B4F91220B6F924305A
S214023310934250DD304696F80411F1F775FF737D3F
S21402332081468342A04606D9DBF80C108D42DED3D6
S214023330B8F1000F39D00023424630461946D0472E
S2140233403783C6F8C48086F80D910020BDE8F88F52
S2140233500320BDE8F88FD14647F6FF75544652461D
S21402336004EBC40803EB8808B8F80E30BB4216D844
S214023370B8F81030BB4212D3B8F91220AA4202D1D2
S2140233804FF0FF09DCE7304696F80411F1F73CFFF0
S214023390737D81468342D3D94246DBF80C10013452
S2140233A0A14204D9DBF80830DAE70120CEE7002A8A
S2140233B0FBD09046C4E7A046BDE700BF2DE9F04724
S2140233C082B004468946164601F018FF002847D107
S2140233D03B4D2B68D4F8C0A0D4F8C4700BB153454B
S2140233E04FD04FF00008C5F8089001F059FF0128A9
S2140233F03AD12B68DAF800103A6813B11868884296
S2140234004AD020460FF02FFBC5E900A7D4F8D450C7
S2140234108DF80760002D46D00022204611460DF199
S2140234200703A847204601F0A3F90546B8F1000FA6
S21402343000D08EB1B5FA85F040F2DE323321400973
S21402344000F09CF83146204601F09AFB1D4B0546DB
S214023450394620461B689847284602B0BDE8F087E2
S2140234600023174D6B60B4E7012000F0F9FD164B00
S214023470002103205B68984701F012FF0128FBD168
S214023480B7E76B68002BACD0BB42AAD1AB689945B4
S21402349014D04FF00108A6E7696811B10968914295
S2140234A0B2D05968ADE7617D94F80D313246994243
S2140234B028BF1946204601F0E1F8B3E70025CBE71E
S2140234C0A80F0020B40B0020C40B0020F8B50E464F
S2140234D0054608F0B4F9314607462846FFF7E6FEE9
S2140234E0044620B1384608F0AEF92046F8BD01F091
S2140234F06DFE224631462846FFF760FF04463846F0
S21402350008F0A1F92046F8BD13B5044669460FF047
S21402351095F820460FF01CFAFF28024606D02046F1
S2140235209DF80010F1F7EEFE02B010BD0048FBE772
S2140235300080FFFF4FF4007307B50A490DF106023B
S214023540ADF806300FF096F8BDF80630B3F5007FFA
S21402355005D1022808BF002003B05DF804FB012055
S214023560FAE700BF20250020024B1960024B1860C4
S214023570FEE700BFBC0B00202027002008B550B98C
S2140235800548064B01601A60054B1A68054B1A601F
S2140235901868FFF7E9FF08BDBC0B002024270020AF
S2140235A00425002020270020054B1B680BB918466F
S2140235B07047834201D01B69F8E70120704700BFBD
S2140235C02C270020094A13680BB918467047834215
S2140235D007D11B6901201360054A1368013B13607B
S2140235E0704703F110021B69EEE700BF2C2700208C
S2140235F0282700202DE9F74F064608F027F9DFF8BE
S2140236002881012398F800B0DFF820910190BBF1E1
S214023610000F06D089F8003003B0BDE8F04F08F07E
S2140236201BB93F4F88F8003089F800B00FF0F0F869
S21402363008B10FF0EBF83D683A495DB9DFF8F0A043
S214023640DAF800200024AA423B682FD84FF0FF3158
S21402365034483BE06B7D8BB12B68B34202D09A1B99
S2140236608A420BD96A6813442B60AB68003A18BFCB
S2140236700122003B18BF01236A75AB752D69DCE792
S214023680907D20B1107D88429CBF01461446126987
S214023690002AF5D1002CD9D0D4E90001A275411A2E
S2140236A0D4E90232204698470135C9E71A46FF2177
S2140236B0EEE75A7D4AB11A68B24224D0921B824281
S2140236C021D8914201D311461C461B69002BF0D12A
S2140236D05CB12046FFF776FF38B13B683C60236159
S2140236E0DAF800300133CAF800303B685A7D6AB90E
S2140236F00FF08AF8064699F80030002B94D101980C
S21402370088F8003088E71C460021DEE7186800F0DB
S214023710D3F804460FF078F80646002C84D1EAE780
S2140237202C270020FCFFFFBFF42A0020F32A0020EB
S2140237302827002038B5054608B3182200210FF0C6
S2140237402DFC08F083F802462846FFF72DFF20B12D
S214023750104608F081F8022038BD0A4B1C6854B99E
S21402376009491D600B68104601332C610B6008F096
S21402377073F82046F0E704F110032469EFE701200E
S214023780EAE700BF2C2700202827002038B5044689
S214023790FFF70AFF08F05AF805462046FFF704FF2F
S2140237A0637D23B9284608F057F8032038BD002366
S2140237B06375064B1B68A34203D10FF025F8FFF78B
S2140237C019FF284608F048F80020EFE72C270020CB
S2140237D02DE9F84FDDF82890984604460D469246A5
S2140237E0FFF7E2FEDDF830B008F030F807460FF0DB
S2140237F00BF806462046FFF7D7FE637D23B1204628
S214023800FFF7C4FF0023A375BAF1010F23D175B9E0
S214023810B8F1000F21D1B9F1000F03D05A46314654
S2140238202046C847384608F017F8002019E0354405
S2140238300D4BAA1B9A4210D8012363759DF82C30B3
S2140238403046C4E90058C4F808902375C4F80CB092
S214023850FFF7D0FEE6E7AE42EAD1384607F0FCFFB5
S2140238600120BDE8F88F00BFFCFFFFBF2DE9F04145
S21402387007468846FFF798FE07F0E8FF3D680646CB
S2140238800EF0C2FF7B7D7BB185420DD0094B2C1A10
S2140238909C4209D8304607F0DFFFB8F1010F08BF97
S2140238A025462846BDE8F081304607F0D5FF0025BC
S2140238B0F7E700BFFCFFFFBF08B50023044A19461E
S2140238C000F086FD10B1012818BF032008BD00BF16
S2140238D0D32703000E232DE9F74F06460F4614465C
S2140238E000254FF00609DFF854801370EBB209FB8F
S2140238F003F3D8F80010CA185079012807D920789F
S214023900A0F10E035842584103B0BDE8F08F31F9DA
S21402391003B01179B2F902A03046002201910EF0EE
S2140239203CFF019908B90135E0E72170B7F900308C
S2140239305B45F8DB5345F6DC0020E5E7C00B0020CC
S21402394001490EF067BF00BFB154020001490EF0F4
S21402395061BF00BF8554020070B5164E03280446A8
S2140239600D4633781ED023FA04F202F00102AA4270
S2140239701DD053B10122A240A54023EA02032B43E5
S214023980DBB233704BB1012070BD2DB10A4B012062
S2140239901B6898473378EDE73570074B00201B68A5
S2140239A09847F0E79A07DED003F0FC03E9E7002029
S2140239B070BD00BFF62A00206C270020F8B5054629
S2140239C00C4607F03CFF104F06463B7833B1012DFC
S2140239D004D01CB90D48F3F7E5FF3C702146284693
S2140239E0FFF7BAFF0A4B04461B783BB93B782BB964
S2140239F00FF06AF810B1074B1B689847304607F07D
S214023A0022FF2046F8BD00BFF72A002040270020EC
S214023A10F62A0020C40B0020054A0B46117831B165
S214023A2000211170034A0121526818781047704726
S214023A30F72A0020C40B002038B5074D04462B7821
S214023A40834207D001F016FC20462C70BDE83840B1
S214023A50F3F70ABB38BD00BFF52A002038B5044686
S214023A6080B107F0ECFE012104460846F3F79CFA03
S214023A7001210B4A084608F0D1FC2046BDE8384032
S214023A8007F0E1BE07F0DBFE054621460120F3F70C
S214023A908BFA01202146024A08F0C0FC2846EDE7D0
S214023AA09A4803001B4B022910B5187002D003294E
S214023AB004D010BD184B1B78002BFAD1FFF7D0FAB2
S214023AC00028F6D04FF00052144BC3F88020BFF304
S214023AD04F8FBFF36F8F01F0A5FB0028E9D001F0EE
S214023AE017FA0028E5D10E4B1C6834B123689847B4
S214023AF0BDE81040002001F0B1BB0EF0E4FD094B1A
S214023B00186008F017FD084B1860204601F092FB7B
S214023B10EEE700BF0D0D0020F52A002000E100E0D0
S214023B208C270020682700206427002038B504462A
S214023B300D46FFF795FA80B14FF00052124B1A600D
S214023B4001F070FB48B9012D07D8012001F086FB71
S214023B500E4B1B6823B15B6898470D4B1C7038BD33
S214023B6008F0E8FC0B4B1A68801A1860F4F712F893
S214023B704FF47A72084B1B6802FB00300EF0A5FD6C
S214023B80012001F057FBE8E700E100E08C27002067
S214023B900D0D00206427002068270020F0B585B0B0
S214023BA007F04DFE304D04462B7823B12F48F3F72D
S214023BB0F9FE00284BD1F3F787FF02AA03A90EF0FD
S214023BC06DFF0346002833D00EF07CFF029B98421E
S214023BD01ED10020264B03991B68264E9942307050
S214023BE022D90027C91A012320482B70224A3346BD
S214023BF0CDE9007708F055FC002830D11F4A13782B
S214023C00D90718D4204607F01EFE002005B0F0BDE6
S214023C100EF056FF029B98421FD000231846144906
S214023C20144A0968137003910121FFF795FEE9E72C
S214023C3020462B70E7E731780029E3D103F0FE0334
S214023C401370002BDED10E4B1B689847DAE720462E
S214023C5007F0F9FD032005B0F0BD0220BAE7032302
S214023C6020462F703370F3E7F72A00204027002003
S214023C70602700200C0D0020193A0200F62A0020C8
S214023C806C27002070B507F0DAFD164D04462B7837
S214023C900BBB154A15491370154B164A16481A607F
S214023CA0164A174E5A60F3F713FA16491648F3F7F0
S214023CB00FFA164B80203360F0F796FA052804BFF9
S214023CC0134B3360134B5B6F9B0542BF0222124BB2
S214023CD01A6001232B70F3F74BFD204607F0B3FD65
S214023CE0002070BDF82A0020F72A0020A048030012
S214023CF0C40B00209D3B020030270020BD39020085
S214023D006C270020A848030038270020393A020012
S214023D105D3A0200004000506027002037B50C468E
S214023D20234D59B90A46072105F080FD214BAC64A4
S214023D305C6003B0BDE8304005F096BD0722114630
S214023D4005F074FD07221C4B0121DA60237901A8D5
S214023D5085F84830637901930FF060F8019BC2B290
S214023D60D34000F00F0040EA031085F84900A2791C
S214023D7085F84A20E27985F84B202068E8640193AA
S214023D809BB1012102888B4208D82379013B134458
S214023D900A4A136205F068FD03B030BD30F81150D0
S214023DA00131AA4228BF2A46EDE71A46EDE700BFD0
S214023DB0003F00B0483F00B0006000B8004000B8C6
S214023DC010B5054C237823B103F086FB0020207043
S214023DD010BD0320FCE700BFFA2A002008B503F056
S214023DE049FB0122014B00201A7008BDFA2A002066
S214023DF0431C07D06FF0FF02034B10405A62A3F534
S214023E0080535862704700BF00E000B810B5042324
S214023E104FF03A4101240A4AD1F81801C2F8183183
S214023E20C2F814314C634FF400511163410742BF8C
S214023E30C2F81431A2F58052C2F8183110BD00BF84
S214023E40002000BA00F01803182B0AD003070AD481
S214023E5040F2011310F0100018BF1846034BD86743
S214023E6070470020FAE70120F8E700BF003F00B0E5
S214023E70344B2DE9F7431E6801F4007900F0010384
S214023E80174653EA090205460C462ED04FF00008A4
S214023E9003B30023002201200021CDE9008804F0AC
S214023EA003FB4146304603F09DF8414670830120ED
S214023EB0FFF7BCF9716B06F1D80003F00DF9224941
S214023EC00868FFF795FF4FF0FF330B60337C43F033
S214023ED004033374B9F1000F07D0012130460EF007
S214023EE0B1FB24F4007405430C43D6E94A232A4066
S214023EF0234052EA030103D0144930460968884732
S214023F00FB070FD51249134A08680021136811608F
S214023F100121114A117003B19847104B002102206B
S214023F205B68984717F00E0F08D040F2F3123B2159
S214023F30002003B0BDE8F043FFF720BB03B0BDE8A6
S214023F40F08300BF04250020CC0B0020D00B0020FD
S214023F508027002084270020FC2A0020C40B002093
S214023F60F7B504461046D4E94AC7DDE908268CEAC6
S214023F70020587EA06010540194085EA0C057940E4
S214023F80C4E94A51002523F4004106EA010320F061
S214023F90010043F40073024043F00203CDE90055EA
S214023FA004F082FA237C9A0717D5D4F82C319B05A5
S214023FB013D54FF4881120460EF044FB237C65F39C
S214023FC041032374D4E94A2302400B4052EA030118
S214023FD003D00349204609688847002003B0F0BD95
S214023FE0D00B002038B10368044A002B08BF1346E2
S214023FF0034A13607047014BFAE700BFB928030073
S214024000D00B0020024B986E00F00F00704700BFE6
S214024010003F00B00F2938B505460C460ED801F011
S2140240203FF901280CD1074A2846936E23F00F0366
S214024030234393660EF063FD002038BD0120FCE7A3
S2140240400220FAE7003F00B0014BD86E704700BF6F
S214024050003F00B0014B0020D9667047003F00B019
S21402406003282DE9F7434CD8274B13F80080274B3B
S2140240701E5C274B13F8009007F0E1FB074604F09E
S214024080E1FB054640B100230022CDE900330120C2
S2140240900023002104F008FA04F0DCFB48B10023F8
S2140240A00022CDE90033002000234FF4004104F043
S2140240B0FBF926B3174BDC6C04F00804164B3146AA
S2140240C0DC64404604F0D4FD4A463146404604F0DD
S2140240D05BFE124BDC6465B1114B1868416BD8303D
S2140240E002F0FAFF0F490868FFF782FE4FF0FF332F
S2140240F00B60384603B0BDE8F04307F0A4BB344675
S214024100DCE703B0BDE8F083B8480300B448030018
S214024110B0480300004000B8006000B8005000B885
S21402412004250020CC0B00200F4A136C13F0A00FBE
S21402413015D1506C10F0040013D10C4BD3F8EC3EA2
S21402414023F07F4323F0FF035BB1D368C3F303621C
S214024150092A07D0B2F10C0018BF012070470020D0
S21402416070470120704700BF000002B8003000B060
S21402417070B504460D4616462BB1FFF747FE294694
S214024180204601F087FA4FF03A420124D368D26AF9
S21402419003F0070306339C40C2F30C03E41AA4B2EE
S2140241A0B44228BF344629462246024801F0BCFBE8
S2140241B0204670BD0C0000BA70B50D46064620B902
S2140241C0194B1B68A3B1032011E001F069F801281E
S2140241D028D1164B93F90040C4F12704641BC4F19E
S2140241E01C03002BB8BF5B42232B0CDD012070BDE5
S2140241F0A1F10B03002BB8BF5B42232BF6DC0B4B63
S21402420019700020F3E7B57407F019FB084AE402B8
S214024210136A04F4FF2423F4FF231C43146207F0FA
S21402422012FBEEE70220E2E704250020F92A00202E
S21402423000C000B8094B08465A6A91020BD4D3F85C
S2140242400021D20708D4D3F8803013F4706F14BF5D
S2140242500120002070470120704700BF004001B8CF
S214024260F8B50D46436B02EA010423EA0103234331
S21402427043633D4A01F00B0323EA0401D164234061
S214024280A2F580526F070646D36410D50121FFF7C8
S214024290D1FF60B104F08EFC4FF4007314F0040FEB
S2140242A014BF324A324A53620422324B1A64E90677
S2140242B006D514F0100F14BF00221B222E4B5A658F
S2140242C02A061DD5230616D54FF40012274B1A626E
S2140242D0012203F58053C3F8002107F0B0FA0E213D
S2140242E00746032002F044FE40F20122224B3846E3
S2140242F0DA6207F0A8FA214606F1D80002F0ECFED0
S214024300EF0503D5E00529D502F002FEA90503D57F
S214024310A20526D502F008FE15F0600F09D0D6F8E1
S214024320C81030460EF0C9FA8022144B9867144B18
S2140243301A612B0510D504F03DFC124A14F4006FE6
S214024340D2F8EC3E14BF43F0006323F00063C2F8D9
S214024350EC3E0422074B1A640020F8BD02F0D2FDA0
S214024360D4E702F0DBFDD7E7006000B8005001B8E2
S214024370006001B8002002B8004000B8003F00B05C
S214024380000002B8003000B0014B1868704700BF4A
S2140243907C27002037B5012300240022CDE9003413
S2140243A000231046194604F07FF8022002F05AF95C
S2140243B0054D064B21461C6002206B6898472B6809
S2140243C003B0BDE830401847C40B00208427002005
S2140243D02DE9FF4102290C4615469846039005D161
S2140243E0FFF7D8FF002004B0BDE8F08107F027FAF7
S2140243F0184E074633683BB1AB4205D007F023FAA6
S214024400002301203360EEE7134B0022C3F800803E
S21402441001233560CDE900330023002510461946F6
S21402442004F042F80D4B02201D7002F01BF92246E2
S2140244302B4603A9022002F033F90446084B039ADE
S2140244401A60084B1B689847384607F0FCF9002CA0
S214024450C8D1D5E78427002080270020FC2A002028
S2140244607C270020C40B0020044B5B6E5B054EBF0E
S2140244700120034B187800F00100704700C001B815
S214024480FC2A0020014B186A02F084BD004001B8E5
S214024490014B186A0EF05CBC004001B8437C5A1F00
S2140244A0012A01D9082B05D14B7C2BB1012B05D053
S2140244B0022B05D00EF02CBA02487047024870470D
S2140244C00248704720A1070048E8010040420F005A
S2140244D070B50E4607F0B3F9054600F005FF044630
S2140244E020B1284607F0AFF9204670BD04F062FB03
S2140244F0104B3278D3F8EC3E022A23F0F00315D0A4
S214024500101F42424241520043EA02137278022AC4
S2140245100ED0111F4A424A41520043EA8213054A0C
S214024520C2F8EC3E0422044B1A64DAE70122EBE7F7
S2140245300122F2E7003000B0002002B870B50E4645
S21402454007F07DF9054600F0E5FE044620B1284650
S21402455007F079F9204670BD04F02CFB104B327838
S214024560D3F8EC3E022A23F00F0314D0101F424267
S2140245704241520013437278022A0ED0111F4A4259
S2140245804A41520043EA8203054AC2F8EC3E04223C
S214024590044B1A64DBE70122ECE70122F2E700BFD4
S2140245A0003000B0002002B82DE9F8430E78044629
S2140245B0042E0D4690F804810BD100275FFA87F986
S2140245C0484601F0FFFC08B14E4602E00137042FD0
S2140245D0F4D1304601F0F6FC002845D094F80431B8
S2140245E0B34208D1AA88A36C9A4204D16A88B4F866
S2140245F006319A4235D084F80461AB883046A4F876
S21402460008316B88A4F80631AB8804F58275A3647A
S214024610FF23A3750EF020FB6075284601F092FC7E
S21402462018BB284601F0C4FCF8B9D4F8C43053B11C
S21402463094F80411414506D02046B3F91220F0F74B
S214024640E3FD84F80D01204601F0FEFC0949A4F8BA
S21402465008010123084AD1F8FC1004F1D80003F03F
S21402466011FD0020BDE8F88301200E2384F80431F2
S214024670F8E700BF004F00B0A43F00B070B5054693
S21402468090F804010C460E281DD0FF291DD01AB141
S2140246904FF0FF320E4B1A600EF0DEFA064695F821
S2140246A0040101F0C3FC844228BF0446E4B2B442CB
S2140246B038BF3446E0B2A87501F0BAFDA0F1FF0398
S2140246C05842584170BD0220FCE70120FAE700BFBD
S2140246D0D40B002010B590F8043104460E2B3ED0C1
S2140246E0D0F8C4304175BBB3D0F8D420DAB990F80C
S2140246F00D318B421DD300222046FFF7BFFF88B93B
S214024700184B1B7813F0FD0F0BD1204601F09CFCD2
S21402471015490123154AD1F8FC1004F1D80003F01C
S214024720B1FC002010BDB0F92420B3F912309A4231
S214024730E1DD0022204694F80D11FFF79FFF0028C6
S214024740F0D1C4F8C40020460DF00AFF0146204608
S214024750BDE81040FEF7BABEFF238375E1E70220EC
S214024760E0E700BFEC0C0020004F00B0A43F00B012
S214024770C36B012B01D10020704770B505464D4929
S2140247808EB00EF0A6FAD5F8C46001462C8BC5F89A
S214024790C80026B1336813B15B68002B5CD107F002
S2140247A04EF807F050F80123D5F8C8108DF80E30F1
S2140247B0B389D6E90120E31A9BB200FB03223E48E6
S2140247C0ADF80C3003680292994207D028460EF0E4
S2140247D074F8802239493A4B88671A61394C384E48
S2140247E000F05EFD0128FBD1236CDA07F8D4336CA7
S2140247F0DB01F5D4D5F8C81028460D919DF80E2099
S214024800029908AB03F032F918BB08A901A803F015
S21402481045FBF0B92A8B2C4B5A642B7C60F3410380
S2140248202B740EF0A3F9D5F8C43002465B691968FA
S214024830431EDBB2FD2B049114D9CC1C12D9234B98
S21402484001311B6815D0D81C10D8284604A9049339
S2140248500AE002200EB070BD1A68032A9FD99B6A2E
S2140248605B0EA3E7284604A90EF06AF900200EB0F4
S21402487070BDD91C04D8284604A904930EF060F92A
S214024880D5F82C319B0504D42B7C43F002032B7401
S214024890ECE74FF4803128460DF0D4FED5E94A23E2
S2140248A002400B4052EA0301E0D009492846096853
S2140248B08847DBE7FC4F00B070270020003F00B0BF
S2140248C0000002B800C002B8008001B8E00B002069
S2140248D0D00B002038B590F8105104463DB306F0D0
S2140248E0AEFF1F22124B013D5A621540114A124971
S2140248F05562D4F814518D66D4F81851CD66D1F8A5
S2140249000011C9070FD54FF0FF31C3F80411216C0F
S214024910C2F804114FF0F041C3F81011E37CDB0635
S2140249200B40C2F81031BDE8384006F08CBF38BDE7
S214024930006001B8005001B8004001B82DE9F74FF9
S21402494006461546084619B9012003B0BDE8F08FA1
S214024950002AF9D0032904D8002101F02DFA0028F4
S214024960F2D0B0F90010837800290488077990F80D
S21402497005B0B0F806C003F00702C0F2CE80A2F17E
S2140249800708D8F1000141EB0801052A297394BFF4
S2140249900021C3F30011C3F38010697399092874C8
S2140249A001F00201C3F3C0000143C3F3401369746C
S2140249B0AB74EF74736BA5F814C0D80600F1998037
S2140249C0063A012A00F29580554B4FF001095B6DBD
S2140249D04FF03A431A6DDB6C083C03F007030633CC
S2140249E009FA03F9002309F1FF3942F0005804EAF4
S2140249F0090418F804A0013404EA0904AB60631D34
S214024A0003EA09035A1C02EA090218F8037018F8A6
S214024A100220BAF1800F737C18BFAAF1320A47EA65
S214024A2002270CBF6FF07F0A4FFA8AFA3FB2A3B38F
S214024A300020D6F8D0300BB1514698470134E873BF
S214024A4085F80EA004EA090418F80410013404EAF2
S214024A50090418F80430013404EA090441EA03217F
S214024A6018F80430013404EA090441EA034118F84C
S214024A70043041EA036117F4804305D0294BDB6E0C
S214024A80B3FA83F35B095B0030466A7C03F0BCFB37
S214024A9006232860AB71002057E7F90425D5D6F81F
S214024AA0C830ABB11A68022A12D993F82400C7F3A9
S214024AB00B03DB0008B1B3FBF0F39B45B8D8002B21
S214024AC0B6D0CBEB0B20B0FBF3F0C043C0B2B0E7DE
S214024AD029463046FFF7E2FC019030460DF008FF0B
S214024AE0019BB3FBF0F0C0B2E1E718F80400400007
S214024AF0ECE700230020EB730B4BDA69C2F30723C3
S214024B00120448BF63F0FF035AB212F1800F1CBFB3
S214024B10323B5AB2AA730346BBE7022015E700BF30
S214024B20004000B8003F00B000C000B870B54FF0BB
S214024B303A434FF480640A4DD3F818610020C5F852
S214024B401841C5F8144104F0FBF84FF400532B67E4
S214024B50730542BF034BC5F81441C3F8184170BD34
S214024B60002000BA001000BA082310B1024A1364EB
S214024B707047024AFBE700BF001002B8002002B8E6
S214024B80F8B504460E4611B9037C5A0647D44FF6CA
S214024B90FF73A18BD4F8C870994204D0344B1B68BB
S214024BA00BB120469847334D2B68BB4254D0324B4C
S214024BB01B683BB11FB13A68002A4FD0BF6839461E
S214024BC0204698470727204601F03EFA002E39D0A5
S214024BD004F04AFE0620294B94F9122093F900307D
S214024BE02749C3F127039B1A0A6ADB0222F4FF2233
S214024BF003F4FF2313430B62D4F8C820214B2A6028
S214024C00986701F07DFB002501211F4A1F4B11709A
S214024C10204683F884500DF072FF2846F8BD4FF602
S214024C20FF71144DD0F8C8702A6866F3861397424F
S214024C308183037417D0104B1B68002BBAD101F086
S214024C4003FA072712493B46124AD1F8FC1004F130
S214024C50D80003F017FABBE70127B4E71746204649
S214024C6039469847AEE701F0EFF90127EAE700BFB9
S214024C70782700207027002074270020F92A0020B9
S214024C8000C000B8006000B8FB2A0020003F00B059
S214024C90004F00B0A43F00B02DE9F8430D4600F0E7
S214024CA0FFFA0128044630D1194F3B7883B92846CB
S214024CB0EFF70AFC054610B9EFF750FC2C463B7896
S214024CC01BB10121022003F055F92046BDE8F88306
S214024CD00021022003F04EF90DF0CAFF0646DFF867
S214024CE03490DFF83480D9F8F4331B07DFD40DF0A4
S214024CF0BFFF801B404541F6A2224FF045018CBF04
S214024D0000200120FEF73AFCEDE70224DDE700BFB3
S214024D10FD2A0020000002B83F420F0008B55822C4
S214024D20002106480EF03AF91022FF2104480EF040
S214024D3035F9BDE8084004F097BD00BFF03E00B06C
S214024D40343F00B0002373B583746923C0F8E030A3
S214024D5074234FF0FF350E26A0F8F4306423044681
S214024D60C0E93933C0E93B33C0E9075580F804612E
S214024D7085644575C58203F075FD2046FFF7CEFFB4
S214024D8094F912102046FFF717FA6023114A40F6EC
S214024D90FF71D3644FF03A42116311670E4A2946F7
S214024DA0D36440220D4B20461A64626BFFF758FA12
S214024DB0002240F2022310461946CDE9006603F0AF
S214024DC073FB01F013F9204602B0BDE87040FEF70F
S214024DD0B1BB00BF004000B8005000B8002002B8C7
S214024DE0044BD3F8EC3E13F0806F14BF2320002050
S214024DF0704700BF003000B00246F8B5B0F8084170
S214024E0000F1D805FFF7ECFF0B688E68013304BF8C
S214024E10D2F8E0300B604B68013304BFD2F8EC30B6
S214024E204B60771C37D1D2F8E830CF688B607E1C97
S214024E3038D1D2F8E4600F69CE60013704BFD2F8E9
S214024E40D8700F614F69013704BFD2F8DC704F612A
S214024E508F69013704BFD2F8F0708F618F6947BB44
S214024E60C0F1640408688C61C2F8E8304B68C2E995
S214024E703806C2E93B340B692846C2F8D8304B697B
S214024E800F49C2F8DC30D1F8FC1007230D4A03F0B4
S214024E90F9F80020F8BD04F169031B1AB34238BFC3
S214024EA03346C2E704F17406361ABE4238BF3E469F
S214024EB0C1E76934241ABC4238BF3C46D2E700BF79
S214024EC0004F00B0A43F00B038B50446074D214657
S214024ED02868621C003818BF012002F0BBFA2B6853
S214024EE00020003B18BF0123A37038BD882700208E
S214024EF038B5054C054B417800782568236002F0EA
S214024F00FBF900B1256038BD88270020C44803009D
S214024F1070B506F094FC05460B4E00F0C1F9012868
S214024F2004D0284606F08FFC022070BDF36813F00A
S214024F30706FF2D1F46814F08054EED1284606F071
S214024F4082FC2046F1E700BF000002B80A4B10B50B
S214024F501B68044673B1094B48B10121084A1A601E
S214024F60022003F007F80020064B1C7010BD014615
S214024F701860F5E70220F9E7882700208C27002032
S214024F80BC480300FD2A0020014B1878704700BF7A
S214024F90FD2A002038B506F052FC4FF6FF710A4A89
S214024FA013888B4203D106F04EFC032038BD074C13
S214024FB0074D1B046566A4F580546366118006F0EF
S214024FC042FC0020F2E700BFEA0C0020006001B8B5
S214024FD00000FFFF2DE9F34105460F461446FFF792
S214024FE0A3F890B1DFF8E08102F0B0FFD8F81430F1
S214024FF0DE0740F1CE8006F022FC0646032001F0D2
S21402500055FC38B1304606F01EFC0226304602B089
S214025010BDE8F081D8F8143013F0060FF2D130460E
S21402502006F011FC5C4B4FF400612846D3F8EC8E78
S214025030D3F8CC6E04F00EFC38B14FF400720121A6
S214025040564B08461A64FEF7F1F839462846FEF72C
S2140250503DFA514BC3F8CC6EC3F8EC8E06460028D8
S214025060D4D12B7CD80601D4002C55D0C4F34000F2
S21402507003F066FD022314F4807F1FBF484A002116
S21402508013644FF03A420BBF444A91611364536370
S21402509003F090FD4FF4806314F0040F14BF414AEE
S2140250A0414A14F0400F53624FF004023B4B204635
S2140250B01A644FF0400314BF3C4A3D4AC2F8883097
S2140250C0FEF7C0FE28460DF04AFC38B14FF4807356
S2140250D014F0010F14BF324A304A1364A10642D5B7
S2140250E04FF6FF726B8C93420FD0324A3249526EA1
S2140250F0100CC2F301120132B3FBF2F30880294A04
S21402510029492E481B0448665366003C18BF0124F2
S2140251102B7C64F304132B7428460DF0EDFCF0B1DF
S21402512028460DF01CFCD0B14FF40031284604F09E
S21402513091FB431C03229BB2214801A90DF04CFDB2
S2140251409DF8042002F00703052B9DF8053013D1C5
S21402515012070BD443F480731A4AC2F8D4300020E4
S2140251600DF077FD52E7FFF715FFCEE713F0040FB9
S21402517009D19DF80630EDE703F03002202A05D16A
S21402518013F0010FF4E74FF48073E5E79DF806305D
S214025190E2E703263AE700BF003000B0002002B87C
S2140251A0001002B8005001B8006001B800D000B884
S2140251B000E000B8004001B8EA0C00200000FFFF43
S2140251C00C0000BA003E00B000C001B808B5094B9A
S2140251D0D3F84C315A1C0CD05B000AD40320FEF7DD
S2140251E03FFF4FF08062044BDA6401225A610222CA
S2140251F09A6208BD0080E00F001002B84FF4002249
S214025200034B186C03F500531A64C0F3C040704792
S214025210000002B8014B024A1A6070477427002049
S2140252201D3D0200024B586900F00100704700BFA6
S21402523000C001B8084B5A69D10707D508B901F072
S214025240EDB95B69DA0706D401F0DAB95B69DB0708
S21402525001D40028F8D1704700C001B84FF080632F
S21402526010B1024A53617047014AFBE7001002B8C8
S214025270002002B8202350B1064AC2F8F433064B87
S214025280196C11F0020104D1032002F073BE034A26
S214025290F3E77047001002B800C002B8002002B858
S2140252A00F4BDB68C3F30363013B0B2B0FD8DFE81E
S2140252B003F006060C06060606080A080808022078
S2140252C07047042070470520704703207047054B3F
S2140252D05B6913F0060F0CBF01200420704700BF65
S2140252E0000002B800C001B8094AD368C3F30363DA
S2140252F00B2B08D06FF49050184100F0010080F09C
S214025300010040007047106C10F48030EDD17047F9
S214025310000002B80C4AD368C3F30363062B07D80F
S214025320042BD8B20BD8C31E5842584140007047CF
S214025330072B06D1D2F844010028ECD17047022090
S21402534070470020704700BF000002B8F0B5CF07D4
S2140253502BD5002A14BFAA2555250E461E24154F06
S21402536001F0030383F001033B449B7806F0070C2D
S21402537017F80CC0013C63444FEA5606F6D10E4EAF
S21402538073436FF481769B0C334482B991FAA1F190
S21402539095FAA5F54A082D0F490042EAC57201F0B2
S2140253A00204C474C0E91023F0BDAA25D5E7034A57
S2140253B0F7E700BFD848030036FC1000B756351290
S2140253C030B547F6FE74164BC3F83042456C04EA15
S2140253D04504144DC5F830420F245C66CC071CD534
S2140253E0DAB901246C664FF0FF34C3F80441056C49
S2140253F00C4CC4F804514FF0F045C3F81051C37C6E
S214025400DB062B40C4F8103132B14FF03A43022289
S214025410C0F88010C3F8F42030BD0224E2E700BFD3
S214025420006001B8005001B813B5437C0446033B44
S214025430DBB2072B96BF104A0021D15CFEF70AFEAC
S214025440012001F057F84FF4F0620C4BDA644FF487
S2140254500072A3F58053DA64637C053B012B08D8FF
S2140254600421074B01229B6E0DEB0100019300F015
S21402547021FB02B010BD00BFD0480300006000B898
S214025480004001B8012310B580F8F6302823C0F892
S214025490DC30042304464374044B19680DF02AF8E2
S2140254A02046FFF7C1FF002010BD00BF1C490300C5
S2140254B0012310B580F8F6302823C0F8DC3002232A
S2140254C004464374044B19680DF014F82046FFF79F
S2140254D0ABFF002010BD00BF20490300012910B514
S2140254E0044604D90239012914D9032011E00B4BD2
S2140254F019680523012284F8F6204FF4BC726374FF
S214025500C4F8DC2020460CF0F5FF2046FFF78CFF9F
S214025510002010BD024B19680623EBE7184903006A
S21402552014490300012310B580F8F6304FF4BC731B
S214025530C0F8DC30082304464374044B19680CF0A8
S214025540D9FF2046FFF770FF002010BD1049030068
S21402555038B5184B04461D6845B1EB6833B1286868
S21402556001F016FCAB68186801F012FC124B1B68BF
S2140255702BB1DA681AB19B68186801F009FC0F4B68
S2140255801B682BB1DA681AB19B68186801F000FC38
S2140255900B4B1B682BB1DA681AB19B68186801F0CE
S2140255A0F7FB2046FFF784FF2046BDE83840FFF7AA
S2140255B03BBF00BF204903001C49030018490300F3
S2140255C014490300F8B5D0F8143104468B420D4650
S2140255D0164603D190F81031202B0ED032462946BB
S2140255E02046FFF7B3FE202384F810310023C4F8C8
S2140255F01451C4F81831FFF76DF94FF00077074BD6
S21402560032461F6429462046FFF7DAFE8022044B04
S2140256101A6103F500531F64F8BD00BF001002B8FC
S214025620000002B8072330B5124D134CEB63134B40
S21402563069B1442140F04000596398630123E36353
S2140256404FF4804392B1C4F804310A4A07E0596322
S21402565099634FF48043084AE163C4F80431C2F800
S2140256600831C2F80C31C2F8103130BDC5F8043129
S214025670EBE700BF006000B8005000B8004000B87A
S214025680034BD3F8F80780F00070C0F34060704711
S214025690000002B810B5407CA0B1304BD3F8B82059
S2140256A012F0060F01D004280DD94FF470622C4B6D
S2140256B0DA604FF48072A3F58053DA600022274B3B
S2140256C0C3F8B42010BD02F0020412F0040202D0A5
S2140256D00B789B0637D4002C39D00B7803F00F03D7
S2140256E0072B34D14B78022B31D98B7813F03E0F2F
S2140256F02DD0CC7814F0040F29D014F0010F0CBF73
S21402570004230A23A40748BF0633CB5CFBB1002A56
S21402571014BF02220122042840F6FF7003F01F0184
S21402572008BF4900013940EA01310E4801654FF4CD
S21402573070600B491202C860A1F58051CA60074A20
S214025740C2F8B430BEE7002CC7D18B7823B9002349
S214025750044A13650122EAE70222DCE7003E00B0B3
S214025760006000B8004000B80A68064B12F0802FAE
S2140257701CBF42F20101C3F82812C3F88822C3F8FC
S2140257808C227047004001B8F0B585B06C460E46D4
S2140257900B4B074615460FCB84E80F00094BD3F890
S2140257A04822009226B16B1EDBB2FD2B88BF326008
S2140257B02A46214638460DF0C3F905B0F0BD00BFB3
S2140257C0E04803000080E00F30B50823054685B0A8
S2140257D080B9094AC2F8FC3351B96C46074B0FCB65
S2140257E084E80F00064B2A4621461868FFF7CCFFCE
S2140257F005B030BD034AEDE7001002B8F0480300DA
S21402580004250020002002B838B5044601F0D6F977
S21402581001213A20EEF7B8FCE0782179154A40EAF1
S2140258200143C2F8DC34E579A37943EA0543C2F8BA
S214025830E03423781BB100230422EFF7EDF96378F6
S2140258402BB100230422E179A079EFF7E5F922785B
S214025850012352B1084AC2F8D8346278022332B120
S214025860054A0020C2F8D83438BD044AF3E7034A92
S214025870F7E700BF00C0035000D0035000E003501B
S2140258804FF03A43D3F81421D2031ED54FF4803298
S2140258900E49C1F81421A1F58051C1F818215A6D9C
S2140258A0D1B2C2F30722C3F8A410C3F8A42004227C
S2140258B0C3F8A4200022C3F8A420C3F8A420C3F887
S2140258C0A420C3F8A420C3F8A4207047002000BA7E
S2140258D0F8B50D464FF03A441746064605F0AFFFB8
S2140258E001230421074A6363E76026616561C2F803
S2140258F01411054AC2F8843105F0A5FF0DB1022342
S2140259006363F8BD002000BA00E100E0054B012207
S21402591018604FF03A435A6740F6FF72D96418652A
S2140259201A677047942700202DE9F04105460124A6
S214025930006800F00700063004FA00F3A868EC6876
S2140259405E1EA04262D000EA060E6C6810441E4339
S2140259500640A3EB0E000EEB040C8242644618D9F6
S214025960D31A0EEB030298B1431E052B04D94B1C27
S214025970ACEB0303022B59D80B460844ACEB010EE2
S21402598003EB0E0113F8014B83420C70F8D101466B
S2140259906C688AB1531E052B01F1010302D9E01A85
S2140259A0022812D80A44611E00E0013313F8010CE3
S2140259B0934201F8010FF8D105F041FF0223AE60D1
S2140259C0AB62BDE8F04105F03EBF0B46204622F032
S2140259D0030E8E4453F804CB734540F804CBF9D13A
S2140259E022F00303D01A920701EB030C04EB030721
S2140259F0E2D0CA5C0128E254DED09CF801300228CC
S214025A007B70D9D09CF80230BB70D5E7042A35D912
S214025A100878043AA86148780431A86111F8020CA3
S214025A20A86111F8010CA861A8688CE70B4620F063
S214025A3003070F44ACEB010E1C684EF80340043318
S214025A40BB42F9D120F0030310F0030F01EB030E63
S214025A50A0EB03040CEB030728D011F80380012CFB
S214025A600CF8038022D09EF80130022C7B7018BFFF
S214025A709EF80230084418BFBB7088E7013A032A32
S214025A8012D8DFE802F00F1507020B4613F8012BB7
S214025A901946AA610A4612F8013BAB61114611F893
S214025AA0013BAB610B78AB61BDE8F08108446EE761
S214025AB00A46F3E738B50B46154601464FF03A4418
S214025AC070B101221048C4F8F4201A46FFF72CFFE2
S214025AD025B14FF03A430422C3F8F420002038BD23
S214025AE073B1D4F8D8209A4284BF0122C4F8F420B5
S214025AF04FF03A42C2F8D4300223C2F8F430E7E755
S214025B000123C4F8F430E3E7CC0000BA10B505F080
S214025B1096FE4FF03A4301225A67C3F8B420C3F800
S214025B208C20154A1549C3F890200722C3F8B020E6
S214025B30134B04461A800023124A13804FF4A02205
S214025B40C1F81421A1F58051C1F818210E4A13603C
S214025B500E4B1B6C5B020AD54FF480020C4B186886
S214025B600C4BD8301A6450F8A41C01F0B5FA204643
S214025B70BDE8104005F067BE40110020002000BAC4
S214025B80FE290020FC29002090270020000002B8F1
S214025B9004250020002002B807220D4B01211A809E
S214025BA000220C4B1A804FF03A43C3F8F410C3F8A5
S214025BB0CC204FF40052C3F8D000C3F8F020F022F5
S214025BC0054B9A64A022A3F580539A64FFF79EBF02
S214025BD0FE290020FC290020006000B82DE9F041D3
S214025BE0044688B105F02BFE3D4E3E4A3388032C10
S214025BF003F0780105463C4F03F07F0C11445DD15B
S214025C003C6824B905F01FFE0320BDE8F08124F0AD
S214025C100104386820F00100A04254D100223A6004
S214025C2022888C426FEA42426FEA5242228040D178
S214025C302E4CDFF8D0C02788ACF180083A46083AE6
S214025C4092B201F10800604528BF4046082A04D9EE
S214025C50B0F900E0BEF1000F40DB228088780C88A5
S214025C604FF03A413B449B1ADBB2C4F30C048C65FA
S214025C703380C1F89830C1F8B0204FF480221C4B14
S214025C8000F00700C3F8142101221A4BC3F884213E
S214025C90FFF7F6FD04280CD14FF48002164B1B6C5E
S214025CA0164B1868164BD8301A6450F8A41C01F02C
S214025CB013FA284605F0C7FD0020A6E7601E012855
S214025CC098BF0C46A5E7094862440088A21A48BF56
S214025CD0803208389042A3DC284693E70146AEE7B6
S214025CE0FC2900204011002090270020FE290020D9
S214025CF0002000BA00E100E0000002B804250020FF
S214025D00002002B8C01100201249134B0A881B88D3
S214025D1012481344083292B20A804FF03A41C1F850
S214025D20B0204FF480210E4A073BC2F8141101211D
S214025D3003F07803034498780A4A00F00700042820
S214025D40C2F8841103D10849CA681203FCD4074A70
S214025D5013607047FE290020FC2900204011002015
S214025D60002000BA00E100E0000002B89027002000
S214025D7010B5054C206828B1C30701D4FFF72EFFE3
S214025D800023236010BD00BF902700204FF480330D
S214025D90084AC2F81831A2F58052C2F814314FF000
S214025DA03A43D3F8AC30C3F30C03782B01D8FFF791
S214025DB067BD7047002000BA2DE9F84304460E4638
S214025DC005F03DFD514B81461A885148514D02F06F
S214025DD07801032C2D8802F07F03014417D14E4C24
S214025DE024688CB92A44073A02F0780284180344DD
S214025DF0E31A48BF8033AB4210DB484605F023FD6A
S214025E0000242046BDE8F88324F00104EFE7012CC5
S214025E1002D0022CEBD1083D0C46E8E7002E44D017
S214025E208C4246D14FF03A42D2F858804FF03A416F
S214025E300127CA6C02F0070206329740D1F8AC205E
S214025E40C2F30C029A4247DDB4F900302588002BD3
S214025E50D3DBA378C5F30C0503F007037A1EA5EB84
S214025E6008053A43052B337005EA02052CD82DB2F5
S214025E70E84340F236420421C00FFDF77FFB7580EF
S214025E80E378264A337412687B1E03EA0803D118A5
S214025E90B160A9B213FA85F5BD4291BF0023FF1A7D
S214025EA0B780F2609CBFB180F360484605F0CBFC39
S214025EB0A7E7A4F10802824238BF04F17802B2F8DA
S214025EC00080C8F30C08B1E7154B5B6D003B18BFAA
S214025ED00123A5EBC305CAE74B6D7A1EA3EB0803A5
S214025EE03A431A400F4B15B2DB6862B9C3F3036339
S214025EF0D91E4B424B41DB0033700A4B72809B6CBF
S214025F00C3F30723BDE70823F6E700BFFC290020FA
S214025F1040110020FE290020902700209427002010
S214025F20004000B8000002B8054BA622D3F84C0188
S214025F303121431C0CBF0120C0F38070FDF71EBB4D
S214025F400080E00F38B5134D0446297819B920228F
S214025F5011480DF023F86188104A237851800021F9
S214025F6013700F4A022BC2F8CC104FF0FF010D4AF5
S214025F700D4B11704FF007010C4A4FF00000C2F8AB
S214025F80FC130CBF04220122C3F8FC2301232B704E
S214025F9038BD00BFFE2A0020E03F00B0EC0C002017
S214025FA0004001B8100D0020001002B8002002B810
S214025FB0034B1A6802609B8883800020704700BFEC
S214025FC0EC0C002010B5044600F0F8FD064BD3F8A2
S214025FD0F83724B983F40033C3F3404010BDA31E40
S214025FE058425841FAE700BF000002B84FF63F7227
S214025FF008B50A4BD3F8FC37934206D0084AC3F3D7
S21402600001131370E022074B1A7000F031FE41F6BE
S2140260106A03B0FBF3F0044B186008BD000002B838
S214026020110D0020120D00209827002020B1022812
S21402603004D1034B18787047024BFBE700207047E9
S214026040110D0020120D00202DE9F74F846C4C2212
S214026050022C38BF02246A49013C0B6AD1F8CC50A4
S2140260606849C3F38213DA400B680646A34290F8E7
S21402607004B1654BDFF8ACA1DFF8AC91DFF8AC8178
S21402608002F0010214D11878904211D19AF8000059
S21402609058450DD1F06C58B1A84209D1B57D99F892
S2140260A00000854204D1B8F8040003B0BDE8F08FC2
S2140260B00C6098F800101A700846FFF7B7FF002A1F
S2140260C000F0868004234FF07F4100254F4AC2F835
S2140260D0B8304F4BC3F8B810B37D1B06C2F8B830C1
S2140260E04FF08052494BC3F8B42000F0C1FD40F295
S2140260F07123B0FBF3F0192160431828B0FBF1F1CD
S2140261004FEA054470D8002C78D0B4FA84F2C2F173
S2140261102002C2F10F03012B38BF0123D440A14253
S21402612001D2013B64086A1C03F01F0152008A4038
S214026130384F121B9208C7F8B0201A0242EA03121E
S2140261401343019305EB052305EB0325324B40F67B
S214026150C70218682B21003818BF0120FDF70EFA77
S214026160FA222D4B02FB04F01B6840F6FF72B0FBCE
S214026170F3F00A235843294B00F57A74C3F8C42077
S214026180019AA3F58053C3F8C420A3F58053C3F83D
S214026190CC50D3F8CC3000F58C50C7F8FC30F56400
S2140261A01F4D14302C6001F017FF4FF47A72C7F8B7
S2140261B0A400C7F8F8002B68B4FBF2F0B3FBF2F3C6
S2140261C0A8F80430B37D8AF800B089F800306CE78E
S2140261D0002914BF10252025B37D834294BFED18F5
S2140261E02D1805F0FF057BE7B1FA81F234B1B4FA57
S2140261F084F3D21A002A8CDC0F2390E70F2392E74F
S214026200004001B8D40B0020FF2A0020001002B87C
S214026210002002B8003F00B098270020006001B8B6
S2140262209C2700200F0D00200E0D0020EC0C0020F5
S21402623010B5114B01461B78104C0E2B02D1FF20D5
S214026240207010BD18460CF007FD02461846FFF7F0
S214026250EDFE884228BF0846C0B2904238BF1046BC
S2140262602378C0B28342ECD0054B20701868FFF743
S214026270EBFE2078E5E700BFEC0C0020100D0020B6
S2140262800425002010B50446FCF7EAFE78B1154B4B
S2140262901B786BB964B1144B1B784BB1134B1B784C
S2140262A0013B012B04D84FF40042114BDA6410BDB7
S2140262B0104BDB6C1B04FAD405F0C1FA044602F05C
S2140262C079FC4FF400420C4B2046BDE81040DA64DD
S2140262D002220A4BC3F87C240422054B1A6405F0FA
S2140262E0B2BA00BF002B0020012B0020A0270020FE
S2140262F0002002B8000002B8001002B800D0035016
S2140263004FF48022014B9A64704700BF005000B8D9
S21402631070B5054600F052FC01213A20EDF734FF35
S214026320424C434B00201D70FFF7ACFF2378013B25
S214026330012B0CD80122217CE37B8A4030214B437F
S21402634042F2100103F1A04303F570335A500022C3
S214026350384BC3F87C24ADB94FF6FF71364AC2F803
S2140263608410F821A2F58052C2F88410C3F87C5437
S214026370324B4FF08042DA644FF48022304B0020DA
S2140263809A6470BD636883B300F072FC626800EBC7
S2140263905203B3FBF2F3013B1B0243F0F8032678E9
S2140263A02549022E264A22D0032E4FF6FF75214893
S2140263B02AD0012E33D143F00203C1F88450C2F82A
S2140263C084300723C0F87C343021E37B01204B4322
S2140263D041F21001227C03F1A04300FA02F203F517
S2140263E070335A50FFF74EFF17E0F823D7E74FF601
S2140263F0FF7043F00103C1F88400C2F8843006221D
S2140264000C4BC3F87C24DFE743F00503C1F8845045
S214026410C2F884300423C0F87C340A4BA9E7C1F8DA
S2140264208450C2F884300023F5E700BFA02700207E
S214026430012B002000C00350006000B8002002B804
S214026440005000B8001002B8F8B5214F06463D4687
S21402645004460FCE0FC533682B6000F0AFFB012158
S2140264603A20EDF791FE00221A4BC3F87C24A17A5B
S214026470627A42EA0142C3F88824217CE27B42EA3D
S2140264800142C3F88424207B617B40EA0142C3F8C0
S21402649080243B78032B19D8DFE803F01202060C9F
S2140264A000230422EEF7B8FB00230422217CE07BC3
S2140264B0EEF7B2FB01230422A17A607AEEF7ACFB78
S2140264C0054B1878BDE8F840FFF722BF0120F8BD5B
S2140264D0A027002000C00350012B0020034BDB6CDA
S2140264E0002BBCBF024BC3F888007047000002B8FE
S2140264F0004000B84FF0006338B1064AD364064B3A
S2140265004FF40032C3F884207047044AD364044B25
S214026510F6E700BF001002B8005000B8002002B82C
S214026520006000B82DE9F0472D4B2E4C4FF47A76DA
S214026530A36000F09DFB4FF4FA73B0FBF6F67343CC
S21402654007462948190E1B021818284A4FF000035E
S21402655041F1000103F0D0F9A0F5807305462363EC
S21402656020B966222B21FDF709F801254FF47A722D
S2140265704FF0000A6A4353465008310203F0BCF952
S2140265801B4BB7F57A7F19601A4B4FEA05688946A6
S214026590044618604FEA152505D276222B2150466E
S2140265A0FCF7ECFF01264FF47A73A8FB030103FB0A
S2140265B005117308C01841F100010023324603F0AA
S2140265C09BF90D4B023419600C4B49F10009A408E3
S2140265D0186044EA8974034B013C9C63BDE8F0876B
S2140265E00211010000C001B820A1070040420F00BE
S2140265F0C0270020BC270020B8270020B427002090
S2140266001022044BC3F884215A600122024BDA603E
S214026610704700BF00E100E000C001B81022064B40
S214026620C3F88421C3F88420BFF34F8FBFF36F8F64
S2140266300422024BDA60704700E100E000C001B8B5
S21402664010B50446A242A2EB0000A3EB010104D25D
S214026650034B01399B6B0133184401F0030110BD53
S21402666000C001B838B501250A4B02019D504FF40F
S21402667080730446084A8340536605F0E0F8074AEA
S214026680A540137823EA05031370BDE8384005F0E9
S214026690DAB800BF00E101B800E001B8022B002022
S2140266A02DE9F84F164605468A461F4605F0C7F8F6
S2140266B0022E00F0B080804605F0C8F8694B6A4AA0
S2140266C0D3F8209092F88D405A6EE4B2520744BF37
S2140266D0D3F82090013405F0BFF8644B644A1B6877
S2140266E01168A3FB093213F100434FEA847301FBDE
S2140266F0093343EB020304F00302DAF80040012EEA
S21402670004BF0134E418A3EB040308BFCAF8004030
S214026710B3F1804FC0F093804FF0004000235549FC
S214026720D1F800C024F04041ECFB01035248A40F0C
S214026730006800FB01334B495048896B8B4281BF8E
S214026740013401315B1A04F00304A41A994584BF8C
S214026750444A04F1FF3404F0030488BF926BA3EBAF
S214026760090C4455A4B1FC0742BF41F61F71444AC6
S2140267705167B90742BF424A424951677A0742BF48
S2140267800021384A91673C0742BF0021354A91658D
S2140267904FF0110A4FF0010E324A05F1100424019F
S2140267A002EB051BCBF80C3142F804A0136A3649FB
S2140267B0A3EB09030EFA05F4D2F864900A78E4B261
S2140267C0224363450A7025D34FF48073AB4019EA1F
S2140267D0030F1FD1425D002A40D10EB32B4AF807A1
S2140267E0536607D541F61F7140F20110244B5967D4
S2140267F050675967B90706D5214B224A23492448D0
S2140268005A6748675A677A0742BF0122214B1A61C4
S2140268103B071AD4404605F016F80120BDE8F88F6B
S2140268201D4A2D0142F805E042F89C3C05F007F8A7
S21402683015490B7823EA04030B7005F004F840466A
S21402684005F001F80020BDE8F88F2120FFF746FE8C
S2140268504FF48032034B4046DA60DCE70B4A404690
S2140268605366D8E700C001B8003E00B0B427002047
S214026870B8270020BC270020C0270020032B0020BA
S21402688000E001B800001F1F022B002000D001B854
S21402689000000101000002B800E101B8024B1878BE
S2140268A0003818BF01207047022B0020034B10301F
S2140268B00001185800F00100704700BF00C001B880
S2140268C0044B01F0F071103041F003010001195041
S2140268D0704700BF00C001B838B504F0B7FF084BD8
S2140268E0084A1D6A92F88D405A6EE4B2520744BFB7
S2140268F01D6A013404F0B0FF284604F0030138BDD7
S21402690000C001B8003E00B038B50B4B03EB0012D6
S21402691010300001D2F80C411D58FFF7DDFFAB071F
S21402692006D5844200D90139204601F0030138BD5C
S214026930844238BF0131F7E700C001B808B522200B
S214026940FFF7CCFD4FF48022014BDA6008BD00BF92
S21402695000C001B8064B1B68434303EB8171054B2D
S2140269601B68A3FB003013F1004341EB00007047A5
S214026970B8270020B42700200C4A20F040430146E6
S21402698010B5002014684FF00042E4FB0320084ACA
S214026990890F126802FB0300064B9B6B984204D9D0
S2140269A001330131C01A01F0030110BDBC270020DB
S2140269B0C027002000C001B8F8B50646FEF732FC34
S2140269C0044608B1FFF72AFE00230B4D0B4FAB61BE
S2140269D03046EB612B6287F88D30FFF7CDFFC9B2E8
S2140269E087F88D1028622CB1FFF70AFE4FF08062FE
S2140269F0034B1A640020F8BD00C001B8003E00B088
S214026A00002002B870B50C68651C15D0C4F3026687
S214026A109E42C4F3074530D1A4B294422DD804EB6B
S214026A208506B24229D2141BA50824F003040E5987
S214026A30340F04D0012C09D00022012303E06B1C82
S214026A4051F8232000230260037170BD0D4C34F808
S214026A50133042EA03431A686B1C51F8234001EBD9
S214026A6083014B6822405E4036F07044EAD11B0F29
S214026A70032B04BF8B681A43E4E7013501EB85015B
S214026A80C1E700BF0849030070B51646054610B9AF
S214026A900124204670BD0029FAD04268104B0068D7
S214026AA003321B68920800F13040984704460028DB
S214026AB0EFD1002EECD0EA68A8680332314692087D
S214026AC000F130400CF0FCF804460028E1D1D5E98C
S214026AD00402214600F130400CF060FAD9E700BF0C
S214026AE0DC0B002007B501A8EEF77AFA9DF8053010
S214026AF0022B02BF40220B4BC3F8FC23C8220A4BD0
S214026B005A650A4B0A4AD3F86032DBB2FF2B08BF3B
S214026B1003239B0043F47F53C2F8F83303B05DF8B7
S214026B2004FB00BF001002B8008001B80080E00F2E
S214026B30000002B8002310B5194C012123643A2044
S214026B406364A364EDF720FB0122164B5A6102220E
S214026B509A62E368C3F303630D2B01D0002BF8D1CE
S214026B601123114AA36311491148FFF78DFF01F063
S214026B7069FB104A936843B94FF08062094B5A6129
S214026B80012203F580535A6110BD0B49D268096889
S214026B9003F13043032AEFD943F8041B043AF9E71A
S214026BA0000002B8001002B8684903006C490300EE
S214026BB05049030038490300F00B0020012341F638
S214026BC0FF710D4AC2F8803291660C4A53600C4A35
S214026BD053600C4A5360A2F580425360A2F54042CD
S214026BE0536002F5C032536002F580425360A2F54C
S214026BF000425360704700BF0090005000D000B8BB
S214026C00001000BA005001B838B50324FFF7D6FFCB
S214026C10114A124B124DDA64FFF764FF114BC3F8A8
S214026C20E0400123EB6401F091F94FF460736B616D
S214026C304FF40073EB640BF099FF0021FEF7C4FDDE
S214026C408022094B1C64A3F580535C64074BC3F88F
S214026C5084215A6038BD00BF0048F000000002B828
S214026C60001002B8005001B800A002B800E100E02F
S214026C7008B5ECF7DDFB044B1B6FC3F3004301338F
S214026C80B0FBF3F008BD00BF008000502DE9F04FC6
S214026C90044687B003908A465AF8046B731C06D1E2
S214026CA0039B2660E01A801007B0BDE8F08FC6F39B
S214026CB00745012D38BF0125324BC6F3016233F872
S214026CC01230B7B247EA0347EB002F490493043366
S214026CD023448B424FEA167602D92C4B9C424ED95D
S214026CE007234FF00109D346D34003F0010309FA04
S214026CF006F9029309F0940304F108080195059336
S214026D00059B0BF1040B53B919F0420F19D119F078
S214026D10280F0BD148F8087C5BF8042C20E040F2E0
S214026D20AA7232210020FCF729FCF3E740F2AF7288
S214026D3032210298FCF722FC07F5805248F8082C0C
S214026D40EAE74FF4F76232210298FCF717FC07F5E0
S214026D500052012E48F8082CDED15BF8042CD243F0
S214026D60019B48F8042C013B07F1040708F10808C8
S214026D700193C5D1049B0AEB85011C448BE70020D6
S214026D8092E700BF00490300DF4F00B0E04F00B0BB
S214026D90F8B50646E0B10024144B25461F461449B2
S214026DA053F8042BAAB91348314600EB8500FFF7C7
S214026DB06DFF30B940F661023621BDE8F840FCF7B7
S214026DC0DDBB0D4B0135281847F8246023F8140064
S214026DD0F8BDB242FCD001340C2C02D031F814506B
S214026DE0DEE740F66F0236210020E6E7C4270020E1
S214026DF0FE290020404000B0002A002070B504465C
S214026E0090B1A9B13A4A52F8043B834212D1002308
S214026E10384A116CC907FCD49B0003F58043403303
S214026E201360354B01221A6470BD01330C2B02D15C
S214026E30324D2CE0012352F8041BA142F5D1304A10
S214026E4032F81330E4E7C2F3016335F81300110C8D
S214026E5093B211F0FE0F43EA0043606820D0043478
S214026E60CAB2022A216808D9D4E90160033AC3E902
S214026E70001698600C340C33F3E704D16268C3E959
S214026E800012083403E0012A01D104341960226892
S214026E90531CD8D10022174B1A6003F58053C1E762
S214026EA0120F072AEDD8DFE802F00704090D1013C7
S214026EB0181DC04303F500531860E2E71A68424003
S214026EC01A60DEE703F58053F6E70BF0EEFED8E72E
S214026ED0012203F580538240F2E7012203F50053B4
S214026EE08240EDE71A6830EA0202FBD1C9E700BF2A
S214026EF0C427002000C002B800D002B80849030028
S214026F00FE2900200122014BDA647047001002B805
S214026F100122014BDA647047002002B84022014B7E
S214026F20DA647047002002B84022014BDA647047E8
S214026F30001002B808B50C4B1B68D3F8C83023B152
S214026F401A68022A01D9186A08BDFFF791FE074B94
S214026F5002469B6D98B20028F6D0C3F30743D208C8
S214026F605343B3FBF0F0EFE704250020004001B8DE
S214026F70064BDB68C3F30363984206D1044A936E5A
S214026F8023F0F00343EA011191667047000002B84D
S214026F90003F00B010B50446FFF7CCFF0F4AD2F808
S214026FA038311B040E4B48BF40089B6C03F4C05399
S214026FB0B3F5805F0ABF936BC4F30113C3F3416357
S214026FC0012B02D0022B02D010BD4008FCE7C4F30E
S214026FD0C4240134B0FBF4F0F6E700BF004001B869
S214026FE0004000B82DE9F0470E460BF041FE0024A3
S214026FF08046DFF8B4A0DFF8B49004F020FCDAF89C
S2140270000C300746C3F30363012B0BD1711C35D03A
S2140270100BF02EFEA0EB0804384604F014FCA64241
S214027020EBD80DE0052BF1D00B2BEFD0023B012B5A
S21402703009D9013602D00BF01BFE384604F003FCD9
S2140270401848BDE8F087D9F80C3013F4603FDDD05D
S214027050D9F818301A04C3F3891512D4013602D0AF
S2140270600BF006FE384604F0EEFB2DB26FF4FF730B
S214027070A5F1C8009842B8BF1846E2E704F0E3FB61
S214027080BBE7731C03D00BF0F3FDA0EB08046FEA1A
S21402709085556FEA9555384604F0D5FB15F5007F01
S2140270A0BDD0E3E700FEFFFF000002B800C000B854
S2140270B00122024B98611A61704700BF000001B8B6
S2140270C0044BD3F8AC3010B1C3F30332027003F0B2
S2140270D00F007047000002B8094B01F080011B6CDC
S2140270E003F480030B4309D14FF40012054B1A62D6
S2140270F0837F1BB10122044BC3F80021704700BFF7
S214027100000002B8006001B8005001B810B504F0E3
S21402711096FB084B04461B683BB1984728B10022F1
S21402712000204FF4806101F0A7F92046BDE8104028
S21402713004F089BBF42700204FF604014FF605023F
S214027140044B01201B6C9BB28B4208BF1346024ABB
S214027150136670470080E00F00C001B8074BD3F8F3
S214027160483203F00303012B03D0022B03D0002086
S214027170704704F04FB9ECF7A5B900BF0080005085
S2140271802DE9F74FDFF8ECB081460F46DBF808A092
S214027190FFF7A2FB4FF0FF35CDE9000100202C4699
S2140271A0064606F110031B015BF8033003F00308E2
S2140271B0B8F1010F15D13046FFF7A6FB02460B4683
S2140271C0DDE90001FFF73CFADBF8643006F108025D
S2140271D0D340DB0737D5002F3ED000252C463E6035
S2140271E040460136082EDCD150B3224F0AF4403313
S2140271F0B96B00220131A4FB0141641941F100017F
S214027200B3F5003F30D17B6B0AF4405A013342F1AA
S2140272100006BAF5805F22D13D6B15F5807505FB39
S21402722006F642F1000203FB0266A5FB0332324475
S214027230594304FB0212A3FB04341444C9E9003484
S21402724003B0BDE8F08FA84271EB0403C8D207B1C1
S2140272503E6005460C46C3E73D463C46C0E7320262
S21402726042EA13621B02E3E73B6B13F5807342F1BB
S2140272700002DDE700C001B8F8B506200BF0FFFCFF
S21402728004460BF0F5FC42F21073041B9C420546C2
S21402729018D94FF080624F240B4B1A6441F26F7775
S2140272A00A4E0BE00BF0E4FC401BB8424FF0F7022C
S2140272B021468CBF00200120FCF760F9336C5B018D
S2140272C0F0D5F8BD1A24E9E7002002B8000002B89B
S2140272D008B50BF062FD0122054B93F885300233A8
S2140272E05B00DBB202FA03F3024A536108BD00BF39
S2140272F0003E00B0002000B80B2870B500F2958062
S214027300012900F292804A4B83F8840083F88510A4
S214027310484B5B689D05C3F3402227D44FF03843A1
S2140273205A60454A506E44026BD5444B5B6803F084
S2140273300303022B65D00223C2F848320122404BD7
S2140273409A604FF038435A60DA60996A0807FCD1AF
S2140273501969C907F8D540F2FF323A4B9A615A6169
S2140273604FF40072334BC3F884215A60304C01212B
S2140273703B20ECF709FF94F8853094F884203249D4
S21402738043F4402343F41063063241F82230FFF7F9
S2140273906FFC4608C507FFF7E1FE002302463146AA
S2140273A0284602F0A9FA090241EA1061C0F3C05069
S2140273B040EA4100254BA067186B10F5807005D196
S2140273C04FF4E1722B21FCF7D9F802200246002383
S2140273D00020012102F090FAE067FFF7BFFE40F6B8
S2140273E049435843000DFF2828BFFF20022838BF14
S2140273F00220002184F88C00012000F0BBFD002052
S21402740070BD10F4001006D0114B586800F003004F
S214027410023818BF01204FF4A9721B21FCF7AEF800
S2140274200122054BC3F8482288E70120E8E700BF9F
S214027430003E00B000E100E0008000500000025074
S214027440001000B8002000B80080035000C001B849
S2140274500040025038B1064B93F88400087093F847
S21402746085301370704707230B700123F9E700BFBE
S214027470003E00B070B5FFF7FFFE0021022000F0CC
S21402748079FD0BF0F5FB04460F4D104ED5F8F4339C
S2140274901B070BD504F0D3F9BDE8704002220C4B53
S2140274A0DA6001220B4B1A7004F0CDB90BF0E0FB48
S2140274B0001BB04240F22A224FF045018CBF00204A
S2140274C00120FCF75BF8E1E7000002B83F420F003C
S2140274D000C001B80B2B0020224910B50B78002BF8
S2140274E03FD00122204C94F8853002335B0002FA2A
S2140274F003F31E4A93614FF400721D4BC3F88421B6
S21402750000230B701B4B4FF43072186C3921C0F3FA
S2140275108060FCF733F84FF48041174B174AC3F8E4
S21402752094100C2194F885304B4303F138435B6B7F
S214027530D4F88010994202BFD2F86C31C4F8883071
S214027540D2F86431D4F8880008BFA4F88630B4F8BC
S214027550861000F0A7F8BDE810400121022000F0D6
S21402756009BD10BD0B2B0020003E00B0002000B865
S21402757000E100E0000002B800E001B800C001B877
S21402758010B50446FFF7EAFD6043044B00F5F4200D
S21402759000F59070B0FBF3F010BD00BF40420F0044
S2140275A02DE9F74FFFF7ECFF0546FFF765FE04F0FF
S2140275B046F900214FF0384ADFF8E490064668465E
S2140275C089F80010FFF7DCFD304BDAF82070DB6834
S2140275D013F0706F1DD12E4B5B6913F0060818D19D
S2140275E000284CD0FFF744FB691DA1FB00B4FFF74F
S2140275F0B5FD214602464346584602F07DF9DDE9CE
S214027600004B090241EA10610002A04271EB0B0135
S21402761005D3304603B0BDE8F04F04F014B9FFF7C7
S2140276209DFD220A42EA0B624FEA1B23A0FB02B22E
S21402763000FB0324FFF71CFB43460246214658463E
S21402764002F05AF90C220121124B013593F88530CB
S2140276507F1B5A4302335B00074402F13842DCB216
S214027660576301FA04F40C4F99400C4B7C61996104
S214027670DAF82030526B2D1A9B1AAB42C9D302227B
S214027680034BDA60012389F80030C2E7000002B833
S21402769000C001B8003E00B0002000B8001000B8DC
S2140276A00B2B00202DE9F04F4FF00C0A0027B54AAD
S2140276B0054692F8854088460AFB04F303F13843F0
S2140276C01F6392F88420B04B87B0C3F8B4204FF4FF
S2140276D00032AE4B46461A610222A3F58053DA60A8
S2140276E04FF03843AA4A1B6A92F82413AB46C9B233
S2140276F0059192F829130134C9B20491012104F0CC
S214027700010482F8247382F82973A21C0AFB04F48B
S214027710500001FA00F003F1FF390290019004F1E3
S2140277203844A3EB0903002B40F3FF800137022FF6
S21402773065D9DB220D210020FBF720FF4FF0805396
S2140277409449934A4B66059B934C03F0F00382F8E8
S2140277502433049B03F0F00382F82933894A4FF45A
S2140277600033C4F86CB1C4F86461A2F886600026DF
S214027770C2F88090C2F888B00B61834BC3F8B4603D
S2140277800C2392F885205A4302F13842166304F01D
S21402779056F8334632464FF4807E276AD4F864C0E1
S2140277A003F110010901615801F00301012910D10A
S2140277B00EFA03F111EA0C0F0BD104EB0316AF42DB
S2140277C0D6F80C61C0F0D880B54202D2B74280F03B
S2140277D0D6800133082BE3D1704D2C68012C40F281
S2140277E0E3803AB16749B1F88E301343A1F88E3080
S2140277F0664B5A6607B0BDE8F04F04F024B84FF067
S214027800000B604E96F885300AFB03F303F138430B
S214027810C3F830B004F013F84FF080515D4B03907C
S21402782059664FF0384396F885201B6A00920AFB89
S21402783002F203F1010902F13842C2F83490534AC7
S21402784002331167C4F830B0029A6363544B52484D
S2140278505A61019AA3F580539A618368DB0340F16B
S2140278608880D6F88030B26FA9EB0303A3FB02210F
S214027870036B03F5807CF36FA1FB0360A2FB03E3BB
S2140278809B19ACFB03E640F100000CFB0066B2EB72
S2140278900E0261EB0606120A42EA06624244B2EBA6
S2140278A01C2F4FEA1C2603D3013340F10000921B23
S2140278B0043E964228BF16463749324A8E6192F8EF
S2140278C08D20D1F820C0EB18D2B2896B40F10000AF
S2140278D0654584BF02F1FF32D2B2B1F1FF3F0ED04E
S2140278E04FF0000E01F1010C99427EEB000B08D21C
S2140278F00132B3EB0C03D2B260F10000F4E70244AB
S214027900D2B29B461F49244B02F0030281F88D2017
S214027910C3F820B00222009B03980AFB03F303F18C
S21402792038431A63226303F08EFF4FF038431B6A14
S214027930009303F084FF1B490A6922F004020A61DD
S21402794030BF4FF08051019B154A936102F5E03239
S21402795011670022102122630D4AC2F8841103F037
S21402796072FF0D4A009B526E12F0805F3FF4D9AE52
S214027970E4E64646AB46CDE7B542BFF427AF114331
S2140279808AB226E7003E00B00080035000D001B85D
S21402799000E100E000E001B800C001B86027002066
S2140279A0002000B800ED00E011490B78142B01BF4F
S2140279B00023104E0B7033700B7801330B70002AC5
S2140279C03FF418AF0C4EB6F88E301343A6F88E303E
S2140279D00A4B5A66074A13780133DBB2022B13703E
S2140279E07FF408AF002301342C600B70137001E79C
S2140279F00D2B00200C2B0020003E00B000D001B85A
S214027A00F8B50B46002213F8044B944225D91D689C
S214027A10854224D106245A791D79124B88181E688D
S214027A2004FB0503104F33F8063C7B43B3420ED9E2
S214027A3000238A5A7A43964202D804FB0300F8BD12
S214027A409D42FAD9013304FB03F2825AF2E740F26E
S214027A505F423D210020FBF791FD0020EFE708334F
S214027A600132D2E7F827002040420F0000202DE91D
S214027A70F84FA2FB018BBD4EBD4F18EB060699468A
S214027A806BF10003B74270EB030307D240F25922B0
S214027A900E21FBF773FD0220BDE8F88FD9F814A07B
S214027AA00C461546BAF1000F04D0DAF80030032B64
S214027AB000F21D81AF4BB04A9F6BA3F58043D3F80B
S214027AC0EC30C7F314075900AC4B48BF47F4001715
S214027AD01B6ED2F8FCA05A074EBF4FF440039B051C
S214027AE003F0E0731F43A64BD3F8E4309E0748BF6B
S214027AF047F0807747EA4567EBF7CAFC012D064652
S214027B00C9D10028C7D09F4B984200F0FF8003F5EA
S214027B10122303F5F863984200F0FE809A4B9842CF
S214027B2000F07581002502462B4600204FF00071BA
S214027B3001F0E2FE2B46013008FB03F3C7F3130104
S214027B4000FB0B33A1FB0662A8FB008001FB0522AB
S214027B50034420339B09C9F80030F60C8B4B46EAE7
S214027B604236F8021C6058BF7642894B894D34442F
S214027B701E602C60BAF1000F00F0B7800023F901F6
S214027B808549C7F381528A5C194648BF6408002EAD
S214027B90B8BF764292066008C2FB0601224601F092
S214027BA0ABFEDAF800600E2E08D9744B714A916B60
S214027BB0DA69D3F80C31D20600F1CF8017F4001739
S214027BC014BFC42240F207127449C0F31300A1FB8B
S214027BD004C14FEA511102FB01F1C9F80400DAF8B8
S214027BE018004FF4FA73B1FBF0F118BF002701FB3F
S214027BF003F3A4FB02C2FA33A3FB003004FB072202
S214027C006345904138BF0131C9B241F4006CC9F8EE
S214027C1008C000297ED0DAF81C00A1FB00371CB190
S214027C20B4FA84F20E2A7EDDE203002F78D1B2FB8C
S214027C30F3F2530003FB0113A3FB00874FEA044E43
S214027C40C6454FEA144474EB070709D34F003B447A
S214027C50A0FB0381C64574EB010102F10102F6D2D4
S214027C60C2F30E024CEA023C4CF00063062EC9F840
S214027C70083040F29980DAF83030002B00F0948019
S214027C800023C9F80C30C9F81030EBF701FCDAF81B
S214027C903010FFF7B5FE044618B18378002B40F08B
S214027CA0D580EBF7BFFBDAF83010FFF7A9FE0446E3
S214027CB0D8B18378CBB1407940F28B52003818BFE6
S214027CC001203D21FBF75AFC207940F28C52003805
S214027CD04FF03D0118BF0120FBF750FC2379627973
S214027CE01B0243EA0213C9F810300020D4E6042B24
S214027CF0DAF828707FF400AFF8014CBF4FF4400367
S214027D0007F0E07327F0E0771F43F5E600232448E8
S214027D101D4611E70120BFE6002322481D460BE759
S214027D200B46002288E7C2F10F0E02F1110807FA8D
S214027D3008F823FA0EF343EA0803AEF1200827FAFE
S214027D4008F843EA080327FA0EFE01334EF100074D
S214027D5004FA02F2002FE3D169E701F4801103F47A
S214027D600013194308BFC0F5801027E7006CCA88C5
S214027D70807C814A008001B8004F00B0004001B804
S214027D80000002B800F04902005A620200280020F1
S214027D90FC270020F827002024490300D34D621058
S214027DA00A3BB2DF313641DCEBF772FB2C6894B348
S214027DB0B4FA84F3D3F1020358BFDC40354B9C423D
S214027DC088BF6408C8B3B4FBF0F3642100FB134217
S214027DD001FB02F2904203F1FF3253D85D085308CA
S214027DE0013D1B0243EA0515C9F80C50EBF720FBD0
S214027DF0E0B1B4FBF0F2642100FB124401FB04F490
S214027E00A0423DD8531E52085B08013A68E7002399
S214027E1021481D4690E66FF01F050028E4D140F287
S214027E20DD422B210020FBF7A9FBDDE74FF4A06221
S214027E302B21FBF7A3FB621EE4E7631EA51E5B086D
S214027E406D08013B2D0245EA0315E8E740794FF439
S214027E50AE62003818BF01203D21FBF78FFB207968
S214027E6040F27152003818BF01203D21FBF786FB15
S214027E70237962791B0243EA0213C9F80C3010E731
S214027E801446D8E79D1E6D085308013B2D0245EAAD
S214027E900315A9E73FBE4025D694BFD610B50446C3
S214027EA086B059B9214B4168D3F8FC30827A204813
S214027EB0059300686B46FFF7D9FD69461D4B0A68B5
S214027EC05A631A4BD3F8FC3033B34B6843B11A4BA0
S214027ED01A4AC3F80C214A68A3F58053C3F80C214A
S214027EE08B6843B1144B164AC3F8EC208A68A3F594
S214027EF08053C3F8EC20134AC868D2F8743123F4CE
S214027F00EE630343C2F87431D2F86C31096923F484
S214027F10EE630B43C2F86C31002022890A4B9A6248
S214027F2003F5A033186406B010BD00BF004F00B0C2
S214027F3004250020008001B8006001B8FFFF0F0092
S214027F40FFF8FF0F000002B8004000B8064B9A6E1A
S214027F50920607D55B6E002B4FF48043B4BF034AEC
S214027F60034AD3640020704700800050002002B805
S214027F70001002B8064B1A6C9207FCD4022240EAA2
S214027F8001205860034B1A640122034B1A70704793
S214027F9000C002B800D002B80E2B002040B1036821
S214027FA0012B05D90069034B002808BF1846704705
S214027FB0004870472C490300064B586E5B6AC0F3B4
S214027FC00112000C02FB000003F01F0301331844E9
S214027FD0704700BF004001B8084BC1171A68A2FBE1
S214027FE0000302FB013310F1807043F10003400EE0
S214027FF040EAC310803820EAE07070470828002064
S2140280000722194B70B5DA63FEF732FE174BC40827
S214028010010B0546E005C018154A41F10001002390
S21402802001F06AFC134B144E18601448FFF7D4FF95
S2140280304042C6F8DC0049F65800FFF7CDFFC6F806
S214028040A8000F48FEF798FC024660B1E30150080C
S21402805018184FEA15714FF0000341F1000101F0C4
S2140280604BFCC6F8B40070BD000002B8B2E60E00C3
S21402807065CD1D0008280020003F00B070110100E9
S21402808040420F002DE9F047064608469846FFF79D
S21402809085FF1546074616B308F0020918F00408CD
S2140280A01FD1B9F1000F1AD04FF47A707368584393
S2140280B0002B40F08680FFF78FFF28637369002B42
S2140280C000F085804FF47A72B86802FB0300A0F5D0
S2140280D0FA50FFF781FFE862B8F1000F53D1BDE80E
S2140280E0F0873069002863D04FF47A735843BB6830
S2140280F0A0F57A60C01AFFF76FFFA862B08B00285F
S21402810059D04FF47A735843BB68A0F57A60C01A08
S214028110FFF762FFE861324BF468D3F800A0002C48
S2140281204CD04FF47A735C43BB68A4F57A64E41AC5
S2140281307B68E41A2B4BE1171A68A2FB044302FB86
S214028140013314F1807443F10003640E44EAC3144D
S214028150803C254B2C62D3F8C430244C6B622368D7
S2140281604BB150460AF0C8FC28B12A463946236865
S214028170DAF87C009847B06900210AF03AFE686394
S214028180B9F1000F90D1B06820BB47F23050FFF72C
S21402819023FF68614FF47A703368584323B13B6813
S2140281A003F51C5310331844FFF716FFA86196E731
S2140281B049F640409FE749F64040A9E749F6404461
S2140281C0B8E73B6803F51C531033184473E747F2CD
S2140281D030507EE74FF47A735843A0F5FA50D6E74C
S2140281E00425002008280020003F00B004280020B4
S2140281F008B9FFF7E1BE034881420CBF2F20BC201E
S214028200704700BF48E8010010B508461C460AF051
S2140282103DFD094B0246D3F8FC00FFF7BFFE43685C
S214028220A018002B054AA8BF4FF4FA721A44044B52
S21402823092FBF3F2104410BD004F00B00CFEFFFF9D
S21402824018FCFFFF70B588B06D46124C0FCC0FC5F8
S21402825094E80F0085E80F00B02200210E480AF0CD
S2140282609DFE202200210D480AF098FED822002109
S2140282700B480AF093FE0AF0BBFD0A4B1B783BB193
S2140282806D46044E0FCD0FC695E80F0084E80F002A
S21402829008B070BDE03F00B0503F00B0E04F00B005
S2140282A0783E00B0FE2A00200A4B197801F0FF0241
S2140282B029B10021197008499202C1F8042159789F
S2140282C001F0FF0229B1002159709302024AC2F856
S2140282D0083170470F2B0020005000B8064BD3F829
S2140282E0EC0E064B5B6C1A0103D4054B9B6E1B040B
S2140282F001D500F580707047003000B0000002B86B
S214028300004000B808B503F09AFA0E4B1A78A2B9E4
S2140283100D4A126812F4843F0FD10C4A1021D16420
S2140283201B7863B9084B1B68DB0508D4074B202271
S214028330DA64BDE8084003F086BA054AEEE7044B65
S214028340F5E700BF132B0020C0110020002002B862
S214028350001002B810B503F072FA0E21044603208C
S214028360FEF706FE40F20122034B2046BDE810400F
S214028370DA6203F068BA00BF004000B80022044B7D
S2140283801A70044B197811B11A70FFF7BBBF704709
S214028390122B0020132B002008B503F050FA4FF0E2
S2140283A00042264BC3F88020BFF34F8FBFF36F8F78
S2140283B00122C3F88420BFF34F8FBFF36F8F0222D0
S2140283C0C3F88420BFF34F8FBFF36F8F0422C3F826
S2140283D08420BFF34F8FBFF36F8F0822C3F8842029
S2140283E0BFF34F8FBFF36F8F4FF00052C3F880205A
S2140283F0BFF34F8FBFF36F8F1022C3F88420BFF3F3
S2140284004F8FBFF36F8F2022C3F88420BFF34F8FA6
S214028410BFF36F8F4022C3F88420BFF34F8FBFF3A2
S2140284206F8F4FF48062C3F88420BFF34F8FBFF381
S2140284306F8FBDE8084003F006BA00BF00E100E017
S21402844008B503F0FCF94FF000420A4B1A6001220D
S2140284505A6004225A6008225A604FF000521A608C
S21402846010225A6020225A6040225A60BDE8084014
S21402847003F0E9B900E100E0012370B5074C237070
S214028480074B1E68074B3240D3E900531940284079
S214028490FBF7EEFC0023237070BD00BF112B0020FB
S2140284A010280020C01100202DE9F047DDF820A09A
S2140284B003EA0108099B06460D4602EA000703EA9C
S2140284C00A09BAF1000F40F05C81031F0B4300F06B
S2140284D01C81052871F1000380F0F28050EA010346
S2140284E000F07281431E0B4300F03281FFF754FF07
S2140284F0B64AD2E9004323EA050324EA06043C43CB
S21402850043EA0807B24BC2E900471E6826EA0A0693
S21402851046EA09061E60FFF7F5FE14F02A4F14BF5E
S21402852048F202034FF40043AA4AB007D26EAA48A2
S21402853048BF43F4005383EA020122EA0302C266FA
S214028540A64A0B408166D366C4F380421203210317
S21402855048BF42F48072E30648BF42F40052A04B82
S214028560A50648BF42F400726006D3F80C3248BF34
S21402857042F48062210648BF42F40062994882EAC9
S214028580030123EA0203C0F80C32974B0A40C0F8F4
S2140285900812C3F80C22BA0507F4007300F1108122
S2140285A0924A1D46D2F8A41002F50052C2F8A41050
S2140285B0C2F8A0104FF05022C2F8A4308C4ADFF85E
S2140285C06C8282F88830E30448BF45F48035A00305
S2140285D048BF45F48015A10748BF45F4001514F4BA
S2140285E0001F06D0D8F800000AF02AFC08B945F4A5
S2140285F00025E20248BF45F40035FB067D4B48BF26
S21402860045F480051A6A7C4985EA020323F00103D1
S2140286101A400A621D40CB61784B16F0010F1D62AC
S214028620774B784A18BF1A46774B7D071B6F48BFB1
S21402863042F00062754882EA030123EA02030367F6
S214028640734B0A4041661A67724A04F00103916C42
S214028650A0F5803081EA030221EA030181644264C4
S2140286601A406D4B20029A64D8F8002048BF6B4B24
S21402867092F81D2158BF6A4B610748BF43F48063D6
S21402868022B114F4C06F18BF43F4807332074FF060
S2140286903A42BDE8F047D2F8181148BF43F000430B
S2140286A083EA010222F4A0225E481140C0F81811A3
S2140286B01340C0F814215C4AC2F81831FFF7C0BE56
S2140286C0A0F580630B4306D020F48063A3F5007305
S2140286D00B437FF40BAF03F0B2F83C49D1E900320A
S2140286E023EA060322EA050242EA08023B43C1E9FC
S2140286F000324E4A126892F81D114A4A09B313F420
S214028700C06F1ED04FF4807311E003F098F82F4A22
S214028710D2E9003123F004033B4341EA080157EA59
S2140287200807C2E900314FF480633E4A0BD0C2F814
S2140287301431A2F58052C2F81831BDE8F04703F0B2
S21402874082B84FF48073C2F81831C2F81431F4E7D5
S21402875003F075F81D4AD2E9003123F001033B43CA
S21402876041EA0801C2E900310123314A57EA080703
S2140287701BBF5364A2F580529364936408BF53648C
S214028780DBE750EA01037FF4B1AEBAF1010F7FF4E2
S214028790ADAE03F054F80E4A136823F0010343EA21
S2140287A0090313604FF48063184AB9F1000F04D02E
S2140287B05366A2F580521367BFE713675366BCE79A
S2140287C001234FF48025F9E6BDE8F087C0110020AA
S2140287D010280020004000B8006000B8005000B822
S2140287E0004001B8006001B8005001B800400050D7
S2140287F0003F00B0000002B8002002B8001002B825
S214028800041C00030418000300C001B800E001B80D
S21402881000D001B800C000B800D000B80D0A0A099E
S214028820090A0A09002000BA001000BA042500202E
S21402883000E000B8024B5868C0F3C000704700BFA3
S214028840C0110020024B186800F00100704700BFFC
S214028850C0110020024B5868C0F3C030704700BFFA
S214028860C011002010B50446FEF7CEF9FFF794FDBE
S21402887004F18000FDF790F9FEF75CF9FDF752FE71
S214028880FDF7BEFEFFF7BCFB13490723134AD1F8D8
S214028890FC1004F1D800FFF7F5FB4FF080710020C2
S2140288A0FEF70EF84FF000720D4B4FF40011012048
S2140288B0C3F80021FEF704F8FEF73EFC20B940F2AA
S2140288C0E7221421FAF75AFE0AF090FABDE81040A1
S2140288D00120FDF71DBD00BF004F00B0A43F00B051
S2140288E000D001B88022074B1A64082203F5805391
S2140288F01A64054AD2F8C43E23F02003C2F8C43EE6
S214028900704700BF001002B8003000B008B502F091
S21402891096FFFFF7E7FF0122024B1A61BDE8084007
S21402892002F091BF000002B8F0B583B014460646C6
S214028930FFF70CFBFCF776FC002800F09780524B02
S2140289405D6915F0060540F0918002F078FF237904
S2140289500746022B00953ED1237B022B35D00320FF
S214028960FDF7A4FF18B9494BDB685B047BD5A37BF4
S214028970257B003B18BF0123A2684549012D0192C1
S2140289800B705ED00023434A434C13702278002AB1
S21402899062D10420FDF766FE04203B4E2A46736F22
S2140289A00DEB000123F0F85323F4F81343F0506361
S2140289B043F4803373670223FDF772FE00285CD00F
S2140289C001213022354B2170DA64384602F03BFF33
S2140289D0002003B0F0BD0320FDF768FF002842D157
S2140289E02279D6F8E030012A226839D0D51A002139
S2140289F0254B2B4A00955A679967637B294A8B4217
S214028A0014BF0B4601231370274B274AD3F8C43EE4
S214028A104FF003000CBF43F0200323F02003C2F8FC
S214028A20C43EFDF71FFE184B204A03205A676946CC
S214028A3001232279FDF734FED0B101221C4B1A70B5
S214028A408AE72379022B9DD0009BD6F8E0100025FA
S214028A500B441344019395E72370FFF753FC98E702
S214028A609A42C4D3C2E7384602F0EDFE0320B0E7CE
S214028A70384602F0E8FE0120ABE70320FDF7F2FDE0
S214028A80074B38467367EFE700C001B8000002B82C
S214028A90152B0020122B0020132B0020001002B8EA
S214028AA000000101142B0020003000B0010C010070
S214028AB0162B00202DE9F34100240D46074602F04E
S214028AC0BEFE1B4BDFF874801C70FFF70BFF194BC2
S214028AD00646C8F87430C8F878406879431E58428B
S214028AE05841FCF741F840F60143C8F878302A7935
S214028AF02968012AD7F8E83001D1994200D3CC1A66
S214028B00042303200DEB03010194FDF7C9FD48B9C8
S214028B108822094B30461A6402F095FE012002B004
S214028B20BDE8F081304602F08EFE0020F7E700BF77
S214028B30162B002000000101002002B800C001B878
S214028B40F8B5194C0546207840F20642B0FA80F095
S214028B503E214009FAF712FD55B9607840F2064206
S214028B60BDE8F840B0FA80F03E214009FAF706BDAB
S214028B704FF440660D4F0E4DD7F8043140F20642D0
S214028B80C3F381232370C5F8046160783E21B0FAEE
S214028B9080F04009FAF7F2FCD7F80831C3F38123D4
S214028BA06370C5F80861F8BD0F2B0020004000B8BE
S214028BB0006000B8F8B5084C084D236C0423084F33
S214028BC02B64236C5B0300D4F8BD042602203E64AB
S214028BD00AF06BF82E64F4E7000002B8001002B840
S214028BE0002002B8A82238B51A4B1D6C03F50053B4
S214028BF01A6410229A60A3F5804302F100521A67A3
S214028C005A66FFF751FB144B1B7813B90320FDF786
S214028C1029FD0024114B9C67FFF7CCFF104A114B2D
S214028C20D2F8EC1E0B40C2F8EC3E04220E4B1A643D
S214028C300E4BAA06C3F8CC4008D503F580739B6F8B
S214028C40B3F5817F22BF8022024B1A61BDE838400D
S214028C50FCF7A0B9000002B8162B002000C001B82D
S214028C60003000B0DF0000FF002002B8003E00B077
S214028C7010B528B979B94FF4C062154BDA6210BD47
S214028C8049B9144BDB681B0E13F00E0FF3D1124BCF
S214028C901B6CD907EFD4FFF75DFB0E4C0020FEF7E6
S214028CA00FFA032801D0092805D1A36ADA07F5D4FA
S214028CB0636CDB03F2D4FFF77DFF0122074B5A6198
S214028CC002229A62042203F580531A64D3E700BF95
S214028CD0006001B8000002B800C002B8001002B876
S214028CE008B503210920FEF743F92022014B1A6139
S214028CF008BD00BF000002B80D4A10B5D2F8A03079
S214028D00D2F8A4100B40B3F1804F0CD34FF0404082
S214028D100849094CC1F8A400D467C1F8A0004FF472
S214028D208021064AD161034AC2F8A03010BD00BFB6
S214028D3000400050006000500000FF01001002B822
S214028D4038B5054602F07BFD0446FCF7DFFE35B17A
S214028D50FFF714FB2046BDE8384002F074BD084B0E
S214028D601B78002BF6D0074B1D78002DF2D1FFF7AB
S214028D7005FB2A464FF480400021FFF77DFBE9E71A
S214028D80122B0020112B00202DE9F84F5A4B0646D5
S214028D900D4614461B6C002A40F0AB8013F0A00F61
S214028DA014BF4FF001094FF00009FCF7F3F8A023B7
S214028DB04FF0000ADFF85C810320C8F84030FDF768
S214028DC051FC0420FDF74EFC4C4FFFF7D7FA4C4BF4
S214028DD04FF0040B7B67C7F878A0FFF7EBFE494B12
S214028DE04FF48071D3F8C42E42F02002C3F8C42E8A
S214028DF0FF22C8F80820404A1161D3F8EC2E4249F7
S214028E001140C3F8EC1EC8F840B0C3F8CCAE7B697C
S214028E1013F0060F04D0FDF791FD5846FDF722FC2D
S214028E20B9F1000F08D04FF40062384B1A644FF4C1
S214028E300042A3F5E0339A6666B1354BDB6C180741
S214028E4001D4FFF787FAFFF74BFF0420FDF70AFC71
S214028E50FFF72AFA284B5A69D10748D5DA6812F082
S214028E60706FFBD12B4B2C4A1A642C4A936E23F05C
S214028E70F003936615B12046FFF762FF284BD3F83E
S214028E804C315A1C01D05B0002D50122214B5A619B
S214028E906CB31F4BDA6E03F500539A6603F5D033B4
S214028EA01B6A1C4A23F00103D3611E4BD3F80C1233
S214028EB003F50053C3F8081203F50053D3F88410E1
S214028EC003F5005399674FF03A43D3F8181103F5A8
S214028ED00053C3F81411144B996C03F500535964EC
S214028EE0124903F5803359664FF608431364BDE80A
S214028EF0F88F4FF0000958E7000002B800C001B82A
S214028F0000000101003000B0DF0000FF001002B8D0
S214028F10004000B8002002B810003000003F00B049
S214028F200080E00F004001B800C000B85000002FDB
S214028F309D4B2DE9F04F9F6EDB6E85B01F409B4B1D
S214028F409F664FF03A43D3F81451D3F818311D40B8
S214028F50974BC3F81451974BD3F80822D3F80C3228
S214028F6002EA0309944BC3F8089203F52043DA6930
S214028F701B6A02EA0308914B914A08EA0303D3618B
S214028F80904BD3F80422D20605D4D3F80431C3F3A7
S214028F900016DB0652D502F052FC8B4B5A695E6E07
S214028FA01B6F12F0060F06EA0306884A26F00073C5
S214028FB014BF4FF0010A4FF0000A23F4006374074F
S214028FC0536606D5824A92F88D300133DBB282F8B8
S214028FD08D3002F038FC002F00F0E38017F40043D7
S214028FE000F0D48002F02BFC0146FFF777F9044626
S214028FF0DFF8D4B1DBF82020DBF820309A42FBD031
S214029000DBF820209342FBD0FFF768F9A04217D185
S214029010084602F018FC6F4B1C606F4BD3F840B04A
S2140290201BF4E0520ED124F07F4424F0DF040CB986
S214029030FFF7D8FD4FF0807B002414E0B246CAE763
S2140290400446D7E70192FFF7CDFD5D4B019A1BF46C
S21402905080541A6440F09C801BF4806F0CBF4FF063
S214029060805B4FF0806BB80715D55B4A5448126C8C
S21402907002F460410164002900F08D80110400F1C1
S2140290808D8012F4005F0CBF4FF000524FF000626A
S21402909000244BEA020BC7F340377F004F4A2A40B0
S2140290A0002A4BD015F4206F0AD040F6050206219E
S2140290B00020FAF763FA0020FFF742FE25F4802527
S2140290C0EB0506D5FF213E4A4BF4C06B9160FFF7D5
S2140290D041F915F0090F0BD040F61A0208210020BC
S2140290E0FAF74CFAFFF7FCFD4FF03A4201215163C2
S2140290F015F0106F0CD040F6230209210020FAF773
S2140291003DFAFFF7EDFD002211461046FCF7D2FCB1
S21402911015F4202F0AD040F62B0207210020FAF77A
S2140291202DFA0020FFF70CFE25F48025E80301D572
S214029130FCF72CFE002DB8BF47F0080769070ED5CE
S2140291404FF03A42126B12F4005F4FF4005217BF10
S214029150174923490A634BF4000B08BF0A636A05E2
S21402916048BF4BF0040B15F48023019300F0A18056
S214029170FCF7CAFD0138062834D8DFE810F01701DC
S2140291801A0117011D012001230123019B4653E703
S2140291904FF0804B50E74FF0007279E74FF00042F5
S2140291A076E7BB463C4679E7004000B8006000B868
S2140291B0002000BA004001B8006001B80000F7FFC6
S2140291C0002002B800E100E000C001B800E001B8EB
S2140291D0003E00B00C280020000002B8090B0B89E4
S2140291E0001000BA40F65C0203210020FAF7C6F926
S2140291F04FF03A400121D0F88C20D0F8AC3002F083
S2140292000702063201FA02F2C3F30C0CA2EB0C02BE
S21402921092B2072A12D9754A126C53020ED4744BB4
S214029220C26CC06E5B6D5BB102F007020632914003
S214029230C0F30C00091A89B2072901D84BF4007B47
S2140292406C4A1278002A34D04FF03A42D2F81421EF
S21402925012F4A02F2DD1684A684912789AB9F204FE
S21402926011D40A787AB14FEADB02654842EA4472C0
S21402927082F00102D0F8EC0E02F00102520020FA4F
S21402928002F2930715D10420FDF7ECF95D4A5E4819
S2140292905067FFF773F859490A7832B95B4A5C4956
S2140292A012680BEA02020A4201D14BF4804B26F402
S2140292B08056B9F1000F1DD019F4805F18BF4BF429
S2140292C0802B19F4807F18BF4BF4002B19F4005F33
S2140292D018BF4BF0100B19F4007F18BF4BF0200B91
S2140292E019F4806F18BF4BF0400B19F4006F18BFCB
S2140292F04BF0800BB8F1000F3AD018F4802F18BF4D
S21402930044F4007418F4803F18BF4BF4805B18F4E2
S214029310801F18BF4BF4003B18F4001F18BF4BF019
S214029320020B18F4003F18BF4BF4801B18F4800F92
S21402933018BF44F0100418F4002F19D0304AD2F89F
S214029340C42E12F0C00F13D02849CA68C2F30362B3
S214029350032A01D0072A05D14A6CD00602D48A6CA9
S214029360110732D54FF400212A4A28F40028D16189
S214029370002E00F01581320540F187802648DFF87E
S2140293808490C2782549002A4ED04FF40063013AF1
S214029390D2B24B66C27032B9214A1278C2B140F6D6
S2140293A00141204A5167002200216BE04BF4803BCA
S2140293B01EE74BF4006B1BE74BF4806B18E74BF48D
S2140293C0807B15E74BF0080B12E74BF4001BCFE748
S2140293D0D9F8782012F4A05F15BF4FF4807240F6D9
S2140293E00142C9F85820C9F87820DCE7000002B824
S2140293F0004000B8132B0020122B0020142B002054
S214029400003000B000C001B800000101C011002009
S214029410088D0100002002B8032B002000E001B8EE
S214029420162B002000D001B80320FDF71BF9D9F84F
S2140294301420A34B12F0060F04BF41F61F72A14977
S214029440A14808BF4A674FF400619E4A5166D9F8A0
S214029450142012F0060208BFC9F87820B3F88E204E
S21402946012F400615DD022F40062A3F88E20027826
S21402947002F0FF09002A58D1FDF760FAFFF7B2FBA7
S2140294804A4620214BEA020B0C43B30009D52E2094
S214029490FDF724F84FF000518A4A44F00804116799
S2140294A05166F00606D52B20FDF718F81021854ADE
S2140294B01167516616F0306F05D1F1045DD5BAF129
S2140294C0000F00F0A780320111D52920FDF706F81B
S2140294D0FFF7B0F948B17D4A7D487A494A66026785
S2140294E000F54050C068430422D444F0040416F049
S2140294F0007A28D00420FDF7B5F82720FCF7EEFF07
S214029500FFF770FB4FF000716E4A5166714AD2F84F
S214029510EC1E490678D4704A0221916044F0020497
S21402952028E002784FF40052ACE74FF400423BE7E3
S2140295300A6720204A66FCF7D1FF2D2044F00C046F
S214029540FCF7CCFFD3E716F0807FDFF8909146D089
S2140295500420FDF787F82820FCF7C0FFD9F878200A
S214029560002A39D1FFF73EFB564A584944F0010417
S214029570116751660021594A9165320405D5584A49
S214029580126890474BEA000B0C43730508D5554901
S2140295908A78002A00F08E80013A8A7000221743E9
S2140295A03A4658462146FEF767FF019B0BB1FCF789
S2140295B0DFFB01224C4B05F00435C3F814514B4B2C
S2140295C018F4002FC3F884211EBF4FF40022424B2A
S2140295D0DA6105B0BDE8F08FC9F878A0C4E7F004F8
S2140295E0C8D50420FDF73EF8414AC9F87420FDF7B5
S2140295F0A5F9D9F8642012F0407FBBD12A20FCF7E7
S2140296006DFFFFF7EFFA81E7D2F8C42E930685D4F2
S214029610384A81E733490A7952B1013AD2B20A711D
S21402962012B92B4A3449516700224BEA020BA4E7CF
S2140296300420FDF717F80320FDF714F8274A2C49F3
S214029640516702F0FCF881460DF10F00FDF738FD78
S2140296502A4A824612780AB1FEF77CFEBAF1030F56
S2140296600ED1DFF8A0A00020FDF72AFD032807D1BF
S214029670DAF82820D007F6D4DAF84420D103F2D458
S2140296809DF80F20032A06D101211D4A4846117073
S21402969002F0D9F8C8E74FF03A42D2F8142112F491
S2140296A0A02FF1D1FEF76AFE484602F0CCF84FF43E
S2140296B08042BAE70220FCF7D5FF01226FE700BF1F
S2140296C0003E00B000E001B8162B0020100000207B
S2140296D000D001B8003000B0002002B800C001B8C7
S2140296E0D80B0020032B0020002000BA00E100E087
S2140296F000000101001002B80000010D152B002029
S214029700122B0020000002B80122024B1A62DA6114
S214029710704700BF002002B8074A08B5D369116A2D
S2140297200B40064998B2DB07C86104D5D068C0F37F
S2140297300360FFF7E9FF08BD000002B8002002B888
S2140297400C4A08B5536C926C13400B4A5364DB0701
S2140297500FD50A4B4FF42A621878122100F0010046
S214029760F9F70CFFBDE80840002201200021FEF7B1
S21402977083BE08BD00C000B800E000B8C0110020DB
S214029780184B70B51C6C5A6C1440174A24F0020130
S2140297901164E10705D540F6E72200201968F9F7BB
S2140297A0EDFEA2071CD502220F4B1A64A3F5005346
S2140297B05B68DBB2A3B9FDF78FF804460D460B4E85
S2140297C0D6F8F433DB060BD5FDF786F802460B46D1
S2140297D020462946FCF734FF652871F10001EFD3D5
S2140297E070BD00BF008002B800A002B8000002B838
S2140297F070B580260A4C0B4DD4F88430DB070AD4A9
S214029800A36FD4F884201340074A936770BDFFF70E
S214029810B7FFC5F88461D5F804311A06F7D4EBE72A
S214029820008001B800E100E000A001B870B514465F
S2140298300D4602F004F8064BD3F8C46E74402C4072
S2140298407440C3F8C44E01F0FEFF06EA050070BD80
S214029850003000B0034BD3F8C43E99430CBF01203E
S21402986000207047003000B01E4BD3F8C43E13F001
S21402987001001ED01C4B93F848001C4A40F080732F
S214029880C2F8CC304FF480131949C1F8B430A1F5B0
S2140298908051C1F8B830D2F80C31DBB2FF2B1FD0A2
S2140298A0984294BF0020012040F6D3323C21F9F7BB
S2140298B065BE1A06E1D40F4A92F8471121B1DB06BB
S2140298C002D592F84401D8E74FF480120020084BE4
S2140298D00649C3F8B820C1F8CC00C3F8B4207047D4
S2140298E00120E1E7003000B0003F00B0004000B8C1
S2140298F0006000B8003E00B053B94AB9002908BF5C
S21402990000281CBF4FF0FF314FF0FF3000F082B945
S214029910ADF1080C6DE904CE00F006F8DDF804E0BF
S214029920DDE9022304B070472DE9F04F099D0C468D
S214029930002B4DD18A420F4684469646B2FA82F3EF
S21402994060D94BB102FA03FEC3F120029F4000FA2F
S21402995003FC20FA02F217434FEA1E461FFA8EF461
S2140299604FEA1C42B7FBF6F106FB117701FB04F047
S21402997042EA0742904208D91EEB020201F1FF3783
S21402998002D2904200F231813946121A1FFA8CFC3A
S214029990B2FBF6F006FB102200FB04F44CEA024C83
S2140299A0644508D91EEB0C0C00F1FF3202D2644566
S2140299B000F21E81104640EA0140ACEB040C002186
S2140299C025B12CFA03F30022C5E90032BDE8F08F78
S2140299D08B4205D90DB1C5E9000100210846F5E71D
S2140299E0B3FA83F100294DD1A342C0F0F38090422E
S2140299F080F0F080064623460846002DE6D0C5E9EC
S214029A000063E3E7002B40F0A3808A1A4FEA1E4762
S214029A101FFA8EF60121B2FBF7F407FB14204FEA79
S214029A201C4242EA004206FB04F090420FD91EEBAB
S214029A30020204F1FF382CBF4FF001094FF0000973
S214029A40904203D9B9F1000F00F0CC804446121AB6
S214029A501FFA8CFCB2FBF7F007FB102200FB06F69F
S214029A604CEA024C664508D91EEB0C0C00F1FF329C
S214029A7002D2664500F2B3801046ACEB060C40EA12
S214029A8004409DE7C1F120068B4004FA01FE22FA4B
S214029A9006F720FA06FCF4408A401F434EEA0C03FF
S214029AA000FA01FE4FEA17484FEA13491FFA87FCED
S214029AB0B4FBF8F008FB104449EA044400FB0CF936
S214029AC0A1450ED93C1900F1FF3A2CBF4FF0010B0D
S214029AD04FF0000BA14503D9BBF1000F00F08B80BD
S214029AE05046A4EB09041FFA83F9B4FBF8F308FB0B
S214029AF0134403FB0CFC49EA0444A44506D93C196A
S214029B0003F1FF3801D2A4457BD8434643EA00401E
S214029B10A4EB0C04A0FB02984445CC46434602D371
S214029B2006D1CE4504D20138B9EB020C68EB070326
S214029B30002D6CD0BEEB0C0264EB030422FA01F398
S214029B4004FA06F6CC4000211E43C5E900643DE750
S214029B5002FA03FEC3F1200104FA03F200FA03FC40
S214029B60CC404FEA1E4720FA01F11FFA8EF6B4FBEC
S214029B70F7F00A4307FB1044110C41EA044100FBCC
S214029B8006F48C420ED91EEB010100F1FF382CBF01
S214029B904FF001094FF000098C4202D9B9F1000FCB
S214029BA02CD04046091B92B2B1FBF7F407FB141106
S214029BB042EA014204FB06F1914207D91EEB020279
S214029BC004F1FF3801D291421ED84446521A44EAA2
S214029BD0004120E7861A64EB030301200DE7F444F4
S214029BE002384AE7023C724431E702397244CCE654
S214029BF0F4440238DFE602383C4472E70238714425
S214029C00D0E7023B3C4481E7023C7244DEE7294649
S214029C10DCE600BF704700BF08B5064B044613B12A
S214029C200021AFF30080044B1B6803B1984720461F
S214029C3002F03CFA000000005429002070B50D4DD9
S214029C4000260D4C641BA410A64209D10B4D00261B
S214029C500B4C0AF025F8641BA410A64205D170BD71
S214029C6055F8043B01369847EEE755F8043B0136B3
S214029C709847F2E7EC0E0020EC0E0020EC0E0020D7
S214029C80F00E00200B46034902460868816800F081
S214029C9085BA00BFFC0B0020024B0146186800F094
S214029CA02DB800BFFC0B0020024B0146186800F0DE
S214029CB02BBA00BFFC0B002070B50F4E0C460546B3
S214029CC0316811B900F0FEF930602146284600F0EE
S214029CD0F9F9431C03D14FF0FF34204670BDC41C73
S214029CE024F00304A042F8D0211A284600F0EAF92C
S214029CF00130F2D1EFE700BF142800202DE9F04131
S214029D00CD1C064625F0030508350C2D38BF0C255C
S214029D10002D01DBA94204D90C2333600020BDE8E4
S214029D20F081314F00F0BAF93B681C4644BB294625
S214029D303046FFF7C1FF431C044650D13C6821461B
S214029D40002941D1002C44D02368304604EB030896
S214029D5000F0B8F980453CD1216830466D1A294694
S214029D60FFF7AAFF013034D023682B4423603B68F8
S214029D70002B36D05A68A24229D100225A600EE041
S214029D802268521B1DD40B2A16D96119A3422560DC
S214029D9018BF5960636808BF396062514B6030462D
S214029DA000F082F904F10B00231D20F00700C21A0E
S214029DB0B5D01B1AA350B2E7A3426268DED13A605E
S214029DC0EDE723466468B1E70C464968B8E71346F0
S214029DD0CEE70C233046336000F066F99EE7056056
S214029DE0DDE75B60FFDE00BF18280020002310B509
S214029DF004468360818119464366C28108228361D4
S214029E00C0E90033C0E904335C3009F0C7F80D4BF3
S214029E10246263620C4BA3620C4BE3620C4B23631B
S214029E200C4B9C4206D003F16802944202D0D03317
S214029E309C4205D104F15800BDE8104009F0B6B8BE
S214029E4010BD00BF5F2E0300812E0300B92E030053
S214029E50DD2E03001C280020024A0349034809F0AD
S214029E6055B800BF4C0C00202D330300000C002018
S214029E7041680C4B994210B5044601D009F056FAD7
S214029E80A168094B994202D0204609F04FFAE168D0
S214029E90064B994204D02046BDE8104009F046BA67
S214029EA010BD00BF1C28002084280020EC280020BB
S214029EB010B50B4B04210B4C0B4A20461A600022AD
S214029EC0FFF794FF04F1680001220921FFF78EFFD5
S214029ED004F1D00002221221BDE81040FFF786BF2F
S214029EE0542900201C280020599E0200014809F02F
S214029EF05EB800BF182B0020014809F059B800BF11
S214029F00182B002010B50446FFF7F0FF236A1BB19A
S214029F10BDE81040FFF7F0BF044B2362044B1B68FA
S214029F20002BF5D1FFF7C4FFF2E700BF719E0200D7
S214029F30542900202DE9F7431D46574B04460E468A
S214029F401F68904627B13B6A13B93846FFF7DAFF17
S214029F50B8F1020F06D0B8F1010F00F29980002D79
S214029F60C0F29680636ED90705D4A3899A0502D4F7
S214029F70A06D09F01CF82146384609F0D7F9616B46
S214029F8041B104F14403994202D0384600F0BCF8CD
S214029F90002363630023A3616360A3891B0603D5C2
S214029FA02169384600F0B0F8A389B8F1020F23F40D
S214029FB04A6323F00303A38160D001AB6A462146BD
S214029FC0384608F0F6FFA3891843A0812DBB009DF2
S214029FD02846FFF761FE0646002851D1DDF80090BC
S214029FE0A9453FD14FF0FF35B4F90C3043F00202D9
S214029FF0A2810022A26004F14702226022610122AD
S21402A0006261626ED60704D4980502D4A06D08F089
S21402A010CFFF284603B0BDE8F083002ED8D03B6AB7
S21402A02013B93846FFF76EFFB8F1010F266002BF7C
S21402A030A38943F00103A381B4F90C3013F008029C
S21402A040C4E904651ED0D90745BF00226D42A5604B
S21402A050A26048BFA561626ED20701D49B0513D5E4
S21402A0600025D6E74846FFF717FE06460028B9D071
S21402A070A3894D4643F08003A381D0E70025B3E7CA
S21402A080A946F5E7A260E6E7A06D08F091FFE7E7CC
S21402A0904FF0FF35BDE700BFFC0B0020014808F07B
S21402A0A086BF00BF172B0020014808F081BF00BF03
S21402A0B0172B0020024B0A460146186808F012BF0A
S21402A0C0FC0B002038B50023054D044608462B60DD
S21402A0D0E9F736FA431C02D12B6803B1236038BD78
S21402A0E05829002038B50446064D08461146002277
S21402A0F02A601A4601F0F2FF431C02D12B6803B114
S21402A100236038BD5829002038B50546002941D0BD
S21402A11051F8043C0C1F002BB8BFE418FFF7BEFF33
S21402A1201D4A136833B9636014602846BDE8384098
S21402A130FFF7BABFA34208D9206821188B4201BF95
S21402A14019685B6809182160EDE71A465B680BB16F
S21402A150A342FAD911685018A0420BD120680144D4
S21402A160501811608342E0D118685B680844536057
S21402A1701060DAE702D90C232B60D6E72068211894
S21402A1808B4202BF19685B680918636008BF2160CA
S21402A1905460CAE738BD00BF182800202DE9F04FEA
S21402A1A00D469DB014469846064618B1036A0BB98A
S21402A1B0FFF7A8FE6B6ED90705D4AB899A0502D4C1
S21402A1C0A86D08F0F4FEAB891B0701D52B699BB975
S21402A1D02946304600F0FAF870B16B6EDC0704D5FB
S21402A1E04FF0FF301DB0BDE8F08FAB899805F7D46D
S21402A1F0A86D08F0DDFEF3E70023CDF80C804FF0E3
S21402A2000109DFF8B481099320238DF82930302321
S21402A2108DF82A3023469A4613F8012B0AB1252ACE
S21402A220F9D1BAEB040B0BD05B46224629463046E0
S21402A23008F037FF013000F0A780099A5A440992C5
S21402A2409AF80030002B00F09F8000234FF0FF3278
S21402A2500AF1010A049307938DF853301A93CDE955
S21402A260052354460522544814F8011B09F086F8C3
S21402A270049AD8B9D10644BF20238DF85330130769
S21402A28044BF2B238DF853309AF800302A2B15D072
S21402A290079A544600204FF00A0C214611F8013B5B
S21402A2A0303B092B4BD9B0B1079214E0A0EB080360
S21402A2B0A24609FA03F313430493D2E7039B191D3C
S21402A2C01B68002B0391BBBF5B4242F0020207935E
S21402A2D00793B8BF049223782E2B0AD163782A2BD1
S21402A2E032D1039B02341A1D1B6843EAE3730392BE
S21402A2F00593DFF8D4A003222178504609F03EF8F1
S21402A30038B1A0EB0A004022049B0134824013437A
S21402A310049314F8011B062228488DF8281009F029
S21402A3202DF800283FD0264B1BBB039B073323F098
S21402A330070308330393099B3B4409936AE70CFB24
S21402A34002320C460120A8E7002301344FF00A0C23
S21402A35019460593204610F8012B303A092A03D9EC
S21402A360002BC6D00591C4E70CFB0121044601234D
S21402A370F0E703AB2A4604A930460093114BAFF32D
S21402A38000800746781CD6D16B6ED90705D4AB89F8
S21402A3909A0502D4A86D08F00BFEAB895B063FF562
S21402A3A01FAF09981EE703AB2A4604A9304600935E
S21402A3B0044B00F061F8E4E73E8903004889030095
S21402A3C000000000A33003004489030038B5294B7F
S21402A3D005460C46186818B1036A0BB9FFF792FDDA
S21402A3E0B4F90C30190722D4DA0607D409222A60F7
S21402A3F043F040034FF0FF30A38133E0580712D5F5
S21402A400616B41B104F14403994202D02846FFF73A
S21402A4107BFE00236363A38923F02403A381002326
S21402A420636023692360A38943F00803A381236939
S21402A4304BB9A38903F42073B3F5007F03D02146FA
S21402A440284608F0DBFDB4F90C3013F001020AD0FE
S21402A4500022A26062695242A261226942B913F0E6
S21402A4608000C5D138BD990758BF6269A260F4E77B
S21402A4700020F7E7FC0B00202DE9FF470F7E9146F0
S21402A48080460C46782F9A460C9E01F1430207D866
S21402A490622F0AD8002F00F0DD80582F00F0C3800C
S21402A4A004F1420684F842703AE0A7F16303152BE2
S21402A4B0F6D801A151F823F011A5020025A5020045
S21402A4C0A1A40200A1A40200A1A40200A1A4020069
S21402A4D025A50200A1A40200A1A40200A1A40200D4
S21402A4E0A1A402003BA60200B3A50200F3A5020047
S21402A4F0A1A40200A1A402005DA60200A1A402007B
S21402A500B3A50200A1A40200A1A40200FBA50200BA
S21402A51033681A1D1B68326004F1420684F8423022
S21402A5200123A8E031682368081D30601E0601D5A5
S21402A5300D6803E05D06FBD5B1F90050002D616899
S21402A54078DA2D200029A16084F843002DDA6D42C6
S21402A5505D480A231646B5FBF3F103FB1157C75DA8
S21402A56006F8017D2F460D46BB42F4D9082B0BD1C7
S21402A5702368DF0708D5236961689942DEBF302366
S21402A58006F8013C06F1FF36921B22614B4603AAEF
S21402A59021464046CDF800A008F0D3FD01306FD129
S21402A5A04FF0FF3004B0BDE8F08723F004032360C9
S21402A5B0CDE721683368080653F8045B02D44906DF
S21402A5C048BFADB26F2F33603F4814BF0A2308233B
S21402A5D0002184F843106668002EA660BADB216864
S21402A5E021F004012160002DB4D1002EB2D116460E
S21402A5F0BCE7236843F020032360782733482368A8
S21402A60084F845701F06316851F8045B02D45F0671
S21402A61048BFADB23160D90744BF43F02003236080
S21402A6201DB11023D4E72848E9E7236823F0200366
S21402A6302360F6E724480A23CDE733682568181D09
S21402A640616930602E061B6801D5196002E0680653
S21402A650FBD5198000231646236197E7336800214D
S21402A6601A1D32601E686268304608F087FE08B11E
S21402A670801B606063682361002384F8433085E7AB
S21402A6802369324649464046D047013088D023687F
S21402A6909B0714D4E068039B9842B8BF184681E72C
S21402A6A00123324649464046D04701303FF478AF50
S21402A6B00135E36803995B1AAB42F1DCEAE7002551
S21402A6C004F11906F5E700BF4F890300608903000D
S21402A6D038B50023054D044608462B6001F0E4FC1D
S21402A6E0431C02D12B6803B1236038BD58290020D1
S21402A6F038B50023064D0446084611462B6001F085
S21402A700D6FC431C02D12B6803B1236038BD00BFC0
S21402A7105829002038B50023054D044608462B600C
S21402A72001F0CAFC431C02D12B6803B1236038BD7A
S21402A7305829002038B50446064D08461146002220
S21402A7402A601A4601F0BAFC431C02D12B6803B1F8
S21402A750236038BD5829002038B50446064D084601
S21402A760114600222A601A4601F0AAFC431C02D1B6
S21402A7702B6803B1236038BD58290020094A516866
S21402A780C84390FAA0F048B1B0FA80F0042805DC7D
S21402A790012383400B43536040B270474FF0FF30B3
S21402A7A0704700BF842900200021034B282203485B
S21402A7B0C3E9001108F0F2BB842900205C290020BE
S21402A7C038B50546FFF7DAFF04460448294600EB8B
S21402A7D0C40008F038FE204638BD00BF5C290020C1
S21402A7E0C3B2042B10B515D804230B4A03EBC003DF
S21402A7F0134453E8002F0A4343E80024002CF8D100
S21402A80001220649824051E8003F134341E80030E6
S21402A8100028F8D110BD00BF5C2900208429002042
S21402A820F7B54FF0040C01260827184A1849194DA7
S21402A830106800B30B7806FA03F420421DD0E043FA
S21402A84052E8004F044042E8004EBEF1000FF7D136
S21402A85017FB03C32B4453E8000F43E800E4002C25
S21402A860F9D1019048B1087801AA0B4905EBC0005E
S21402A87008F025FE012003B0F0BD0B785068834235
S21402A8802EBF00230133DBB20B70D1E784290020F0
S21402A890192B00205C29002078563412024B1868C7
S21402A8A0003818BF012070478429002010B50446DE
S21402A8B000F0CCFF074B1B684BB1DB681B1B002B61
S21402A8C0CCBF0024012400F0C7FF204610BD1C4662
S21402A8D0F9E700BF9C29002038B54FF0FF34054643
S21402A8E000F0B4FF084B1A681AB900F0B5FF20460C
S21402A8F038BDD2E903310B445B1B23F000439C4274
S21402A90028BF1C465268EFE79C2900202DE9F84F25
S21402A9100C9F0E461546994680469DF82CA008B117
S21402A92003687BB937B129463046B84740F2034040
S21402A930BDE8F88F002DF9D0002EF7DB284600F090
S21402A94009FCF3E700F082FF8346504600F0F0F978
S21402A9500446584600F080FF8CB947B12946304677
S21402A960B8470320314600F0BBFB1A20E0E7002D73
S21402A970F7D0002EF5DB284600F0ECFBF1E7656128
S21402A98000250A9BC4F80080DFF87080C4E90797A8
S21402A990A660236184F818A0D8F80030656098474E
S21402A9A009EB000600F052FF07461248E66002680E
S21402A9B0114631B1CB689B1B002B13DBCB689E4242
S21402A9C010D09DB90C4B626004601C682CB1D8F89C
S21402A9D000309847FFF780FFA047384600F03CFF5C
S21402A9E00020A5E74B680D461946E2E76B686360F0
S21402A9F06C60F2E79C2900208C2900209429002014
S21402AA002DE9F74F81460D4692461E4600F01EFF80
S21402AA104FF00008DFF874B00190DBF800402CB964
S21402AA20019803B0BDE8F04F00F016BF23684B450F
S21402AA301CD12DB1A3682A6823F00043934215D196
S21402AA407EB96368B8F1000F13D1CBF800300D4B16
S21402AA501F6887B10C4A12689047FFF73DFFB84758
S21402AA6009E051466069B0470028EAD0A04664680B
S21402AA70D5E7C8F804306768204608F0A0FC3C46D4
S21402AA80CDE700BF8C290020942900209C290020B5
S21402AA90014B1860704700BF8C29002070B50B4B25
S21402AAA004460E4615461978094A0A4809F071F80E
S21402AAB00023094A24211360084A07201660084A20
S21402AAC015602246BDE8704000F0B4B8322B002074
S21402AAD0718903001A2B00209C290020942900204B
S21402AAE0902900207FB504461846002303930A4B9C
S21402AAF00D461B68164613B9212004B070BD03A983
S21402AB0098470028F8D10090324629462046039BF3
S21402AB1008F088FCF1E700BF90290020F8B505464A
S21402AB2010200F46164600F0F7FA0A4B044618782D
S21402AB3018B11022214609F02FF844B10123002053
S21402AB40E3602B68C4E9017623602C60F8BD1A2006
S21402AB50FCE700BF1A2B00202DE9F843264FDFF84A
S21402AB60A880264D38603868FFF7A0FE30B9244B1F
S21402AB701B689847BDE8F843FFF7AEBE00F066FED6
S21402AB80D8F800400646ECB16368C8F800301D4BA2
S21402AB90D3F80090B9F1000F0CD100F05DFEA36867
S21402ABA02C6033F0004311D1286808F008FC00231B
S21402ABB02B60D8E7124B1B689847FFF78DFEC847F5
S21402ABC03046EAE700F048FE2C60CCE72368002B0C
S21402ABD0EAD018680028E7D0A26832F00043E3D033
S21402ABE0D0E90069636921688068C8470028DBD11C
S21402ABF0002ED9D03046EFE7A02900209829002061
S21402AC00942900208C2900209C29002038B504466F
S21402AC100D4600F01BFE064B1B683BB1DA6922604C
S21402AC201B692B60BDE8384000F016BE2360F8E7CB
S21402AC30982900202DE9F74F4FF6FC770024164698
S21402AC40DFF884900331DFF884B009EB00150F407B
S21402AC504FEA001ADBF800306A80804629F80A704C
S21402AC6002FB07F0EC60984717FB06F292B2034627
S21402AC7068602A8108B300921148124A9BF80410B1
S21402AC8052F82820404408F085FF21462A89686841
S21402AC9008F084F9214623469E4206DC0020D14471
S21402ACA0A9F8026003B0BDE8F08F6A68E868541835
S21402ACB050500133EC603944EEE71A20F2E700BF49
S21402ACC01B2B0020708A0300D4220020A429002017
S21402ACD070B50B4E044606EB0015696839B1094B90
S21402ACE02A89185C08F057FF686800F033FA06EB0A
S21402ACF004101022BDE87040002108F04FB900BFD2
S21402AD00D42200201B2B0020044B19601A71986075
S21402AD1002010021024808F041B900BFA429002020
S21402AD20D4220020014B185C704700BF1B2B00206A
S21402AD3070B50A4C060104EB0013DD68084B185C7C
S21402AD4018B12946A25B08F027FF2DB12B683444C0
S21402AD50E3606388013B6380284670BDD4220020EE
S21402AD601B2B0020024B03EB00139878704700BFA2
S21402AD70D4220020094B10B403EB00135A88DC6877
S21402AD8001320C60D9605A80054B185C18B15DF828
S21402AD90044B08F002BF5DF8044B7047D422002033
S21402ADA01B2B0020044A010102EB0013505A10B17B
S21402ADB01B89B3FBF0F07047D422002038B500247C
S21402ADC0154B164D1C70164B20461C60154B2C60FE
S21402ADD01C706C60AC60FFF7E5FF80B2A0F10E035A
S21402ADE06B80A0F11403013068812046EB80FFF7E8
S21402ADF099FF04460C4D01460C4A284608F0C9FE47
S21402AE002146681E0A4A08F0C4FE2146681C094A02
S21402AE10BDE8384008F0BDBE302B0020182A0020BE
S21402AE20C82900202F2B00202D2B0020B48A0300D7
S21402AE30BD8A0300C78A030070B5044680B300F0DB
S21402AE4005FD637905466FF382036371237913F078
S21402AE50100605D010232371BDE8704000F0FCBC3C
S21402AE60104903F0030331F823203046013A21F853
S21402AE7023202146FFF77EFF0B4B0C4E1C681CB9A5
S21402AE800A4B28461C70E7E7237A1BB933781BB9AE
S21402AE902468F4E7012BFBD1204663689847F7E75E
S21402AEA070BD00BF182A0020C8290020302B0020C1
S21402AEB010B5044600F0CAFC034B1A6822601C60F8
S21402AEC0BDE8104000F0C8BCC829002010B5064BEB
S21402AED000F0E0001A78541C1C70044B03F8320091
S21402AEE003EBC203596010BD2F2B0020B0290020AF
S21402AEF02DE9F04F0446460789B048BF00F0F70434
S21402AF000492029100F0A2FC614F04F0030607EBE4
S21402AF10860337F826205B8881469A4204F0EF0AB9
S21402AF204FEA860831D20020FFF702FF054640B3FB
S21402AF3037F826304846013327F8263000F08CFCD6
S21402AF40284608F0E8FC029B029AAB71049B85F83F
S21402AF5004A01344EB7100F079FC07464D4B1C68C5
S21402AF60002C40F08C80384600F076FC4A4B985D08
S21402AF7018B14522294608F00FFE284609B0BDE85A
S21402AF80F08F01224846454B1A7000F065FC2507F3
S21402AF901DD51F2C1BD904F0E003039300F056FCCA
S21402AFA007EB08035B8837F826804FF0000B9845BE
S21402AFB02CBF00230123DFF8EC90019300F04CFC39
S21402AFC007EB86030593364B1B789B4508D384F024
S21402AFD004005146C0F3800000F082F80025C5E761
S21402AFE099F80030039A1A4204D0D9F80480D8F8A7
S21402AFF0003023B90BF1010B09F10809E3E70793C7
S21402B0005A79D00708D51A79510705D5019941B959
S21402B0108AEA0202920704D098461B68002BEFD1F8
S21402B020E5E7404608F034FB0579079007A808F0E4
S21402B03011FB2946002000F053F800F007FC059BA0
S21402B04037F826205B8805469A4234BF0123002340
S21402B050019309D20020FFF76BFE079058B137F82C
S21402B0602630013327F82630284600F0F5FB079DE8
S21402B070002DBCD064E70122084B1A70F4E7237A4D
S21402B080012B02D1204663689847246868E700BF10
S21402B090182A0020C82900202C2B0020302B002044
S21402B0A02F2B0020B02900200022014B1A60704787
S21402B0B0CC29002010B5044600F0C8FB074A1368E6
S21402B0C02BB914602360BDE8104000F0C5BBA34254
S21402B0D002D01A461B68F3E710BD00BFCC29002039
S21402B0E070B505460E46054B1C6804B970BD63680C
S21402B0F03146284698472468F7E700BFCC29002047
S21402B100024B034A1978034808F043BD312B00204E
S21402B110D48A0300322B002038B5C41C24F0030462
S21402B120204601F060FA0A4B0546187818B1224606
S21402B130294608F031FD2DB921460220FFF7D0FF3F
S21402B140284638BD22460021284607F027FFF7E7A3
S21402B150322B002010B5044628B1054B187810B1E2
S21402B160214608F01AFD2046BDE8104001F059BA03
S21402B170322B002010B5064C237823B9EDF7D8F809
S21402B18018B901232370002010BD40F20740FBE7E8
S21402B190332B002038B50B4B04461B780D464BB1BB
S21402B1A021462846EDF798F8002840F2074008BFE7
S21402B1B0002038BD04490548FFF7DCFF0028EFD021
S21402B1C0F7E700BF332B0020EFBEADDEBEBAFECAE5
S21402B1D008B501F0E5F9E7F723F901F0EEF9E7F72C
S21402B1E025F9EBF797FFF8E7F2F7C4BB08B5ECF7DB
S21402B1F05FFEBDE80840F3F76BBF10B50446E7F7FD
S21402B20035FE2046E7F7A8FB2046E7F747F910BDCC
S21402B2100120704700B5C3B0F2F73EFB04F088FB8E
S21402B22048B1FFF7F5FF30B101A805F0E4F910B90F
S21402B23001A8FFF7E2FF43B05DF804FB00F082B816
S21402B24008B5E8F7DFF9E8F7F1FCE7F7BBFDE7F743
S21402B250BFFDBDE80840E8F75FB808B500F070F833
S21402B260ECF766FBEBF738FA00F09DFDEBF702FD14
S21402B270EDF75EF800F020FEBDE80840E7F788BD6F
S21402B28008B5EAF7A1F800F01FFBEAF7ADF8BDE84B
S21402B2900840FFF7ABBFE7F7D9BE7047E7F7FABF3C
S21402B2A0FFF7B8BF7047E7F781BD0120704701205E
S21402B2B0704738B5E8F728F80546F2F715FB041E7E
S21402B2C018BF2C46FFF7F1FF002818BF204638BDEE
S21402B2D038B5ECF747F80446E8F70CF804281ED011
S21402B2E002284FF0000508BF012404F063FB04287F
S21402B2F017D0022808BF0124E7F75EFD042812D003
S21402B300022808BF0124FFF7D2FF04280DD0022826
S21402B31008BF0124002D18BF0024204638BD012591
S21402B320E3E70125E8E70125EDE70024F5E782B02B
S21402B33002AB03E90300012002B070477047704772
S21402B3400F2070470E20704708B501213A20E8F713
S21402B3501BFFBDE80840FFF771BF01213A20E8F75E
S21402B36013BF70B5002506462C46052C20D8DFE80C
S21402B37004F003070B0F13175B210820E8F7A2F966
S21402B3800C210820E8F79EF9D1210820E8F79AF95F
S21402B39080210820E8F796F900210820E8F792F9BC
S21402B3A06C1C2946E4B208202546E8F78BF90624E9
S21402B3B0A4F10E03012B05D85A210820E8F782F9DA
S21402B3C00134D2E7102C05D1BDE870405D2108207B
S21402B3D0E8F778B9B31F195DEFE7012307B520F048
S21402B3E07F4040EA8170019068468DF80030FFF792
S21402B3F0B8FF03B05DF804FBFEE710B53AB10023D0
S21402B40050F8234041F8234001339A42F8D110BD48
S21402B410002070474FF4004070474FF47A70704730
S21402B42000230360704703680B600160704743683F
S21402B43003B1184722207047436903B11847FF201B
S21402B4407047C36803B118477047036903B11847CA
S21402B450704710B40A6808461378022B13D01421DA
S21402B4603023147913FB041303F1A04303F570335E
S21402B4701B685179CB40DB4303F0010313705DF880
S21402B480044BE7F75DBA5DF8044B7047036818781B
S21402B490704702681378022B27D0142130231079C4
S21402B4A013FB001303F1A04303F5703351791B68B5
S21402B4B0CB40917903F00103012912D1508843EA67
S21402B4C040034FF6E07063F03F039BB2834202D123
S21402B4D01170538070474FF6DF718B42F9D100210D
S21402B4E0F6E711B983F001031370704703681A7800
S21402B4F0022A03D100225A80E8F732B8704713B501
S21402B50004682378022B10D0A379022B0BD10021DA
S21402B5106079E8F7A3FB0023627920791146CDE92A
S21402B5200033E9F71FFB0223237002B010BD4FF071
S21402B53060420123D2F8001E83400B430020C2F86B
S21402B540003E70474FF060410122D1F8003E824033
S21402B55023EA02030020C1F8003E7047D0E9000348
S21402B5601847836800681847C3680068184710B50C
S21402B570044601213A20E8F707FEA3782078B3FABA
S21402B58083F3042261785B09E9F746FB002010BDCD
S21402B5900122417803788A4030214B4343F210015E
S21402B5A003F1A04303F570335A507047102130233D
S21402B5B00246007813FB001303F1A04303F5703331
S21402B5C01B685178CB4003F0010093780BB980F0EA
S21402B5D00100704710B588B004460E980092079096
S21402B5E00D98224606909DF8300005900B98049020
S21402B5F09DF8280003900020CDE901300B4601217A
S21402B600E8F7AAF808B010BD704713B5044601A8BB
S21402B610E9F7E6FC9DF8063023804FF480736380DA
S21402B620E9F7FEFC6060002002B010BDE9F75EBCE0
S21402B63008B5E9F74BFC002008BD10B5044644EAFD
S21402B640010313F00303084609D1934201D10020F7
S21402B65010BD54F8231040F823100133F5E72146B5
S21402B660920007F0EFFBF2E70A4601390144EBF7D6
S21402B67063BB08B5E7F708FFBDE808400021E8F716
S21402B6805DBD1FB5002380280446019371D02AD8D9
S21402B690002872D0A0F12004412C32D8412C30D898
S21402B6A0DFE804F06B6E6B6E7E7E7E7E6E6E883C8E
S21402B6B09E623C6E6E6E2F2F2F2F2F2F83546E6E30
S21402B6C06EA8A36E2F2F2F2F2F2F2F2F2F2F2F2F18
S21402B6D02F6B2F6B6B6B7E2F2F2F2F2F2F2F2F2F34
S21402B6E02F2F2F2F6B6BB0F5806F59D021D8B0F566
S21402B6F0007F50D008D8B0F5807F60D0B0F5C07F0C
S21402B7003BD0019804B010BDB0F5607F43D0F8D8A6
S21402B710B0F5207F34D0B0F5407FF2D1E7F7A2FE35
S21402B72002464FF42070E8F7DFFCB2FBF0F2520854
S21402B7302FE0B0F5C06F53D00DD8B0F5A06F34D05F
S21402B740B0F5B06F36D0B0F5906FDAD1002101A80F
S21402B750E8F7CEFBD5E7B0F5E06F46D0B0F5F06F70
S21402B76048D0B0F5D06FCCD1002101A8E8F718FC7C
S21402B770C7E7E7F75DFE0190C3E7E7F773FEFAE770
S21402B780E7F770FE02464FF42070E8F7ADFCB2FB16
S21402B790F0F20192B5E7E7F74BFE02462046F4E7E1
S21402B7A0002101A8E8F75EFBABE7002101A8E8F755
S21402B7B06BFCA6E7002101A8E8F778FBA1E7029355
S21402B7C04FF0E0231B695B0705D5E7F74BFE0290B7
S21402B7D0029B019395E703A902A8E8F7BDFBF7E7EA
S21402B7E0002101A8E8F7B8FB8BE7002101A8E8F7DB
S21402B7F003FC86E7002101A8E8F722FC81E700297E
S21402B800CCBF01210021E8F799BC02214FF4207039
S21402B810E8F760BF10B5E7F725FE0446E8F716FB23
S21402B820C0F102012046FFF7EAFF01210020E9F7F6
S21402B830E1F8E8F7B5FFBDE81040E8F7C5BCEFF35E
S21402B840108072B6704700B962B67047EFF3118087
S21402B850302383F31188704780F31188704770474E
S21402B86070470020E8F7C6BF0120E8F7C3BF70475D
S21402B87070B5054614460E46FFF7E1FF2B685C409E
S21402B88034405C402C60BDE87040FFF7DCBF704778
S21402B8904FF0B0435A6812B19A6A002AFAD170473A
S21402B8A0012200F580535A60CB43934003F00A030B
S21402B8B04361416111B900F50050426070478369E7
S21402B8C05B06FCD5C1637047F8F7DCB90020704709
S21402B8D013B51AB10024009400F0BEF802B010BDF1
S21402B8E0F0B58DB005AC84E807001C46A1420D46B3
S21402B8F028BF2546129B0DB304B3114628460026E0
S21402B90003F53813CDE90A468DE8030003F2411326
S21402B9105F02C5EB4323099302950CAA059B12E925
S21402B9200700069500F09EF9A54207D23146621B33
S21402B930381B0DB0BDE8F04000F092B90DB0F0BD76
S21402B94030B591B001AC84E807001C461346DA0015
S21402B95049BF029A6200033222F00302014604A89B
S21402B960FFF7B6FF04A800F08CF81499224601F5FA
S21402B970381101F241114D0208A8C4EB41210023FF
S21402B980FFF7A6FF05F5007100232246091B0CA847
S21402B990FFF79EFF0CA800F074F808A904A800F0B0
S21402B9A050F811B030BD10B58CB005AC84E8070075
S21402B9B00E9ADDE9060102F5381202F5A07252026D
S21402B9C0CDE9092300228DE803000B9202930CAA0C
S21402B9D0059B12E9070000F045F90CB010BD2DE9F1
S21402B9E0F04B4FF0000899460746164645468AB081
S21402B9F003AC84E8070002F0805B07AC049A424579
S21402BA0002D80AB0BDE8F08B139B13B9AA1E012A0E
S21402BA100AD9129BCDE90779099600955BB194E89D
S21402BA2007004B46FFF75CFFBBF1000F00D14F4407
S21402BA300135C844E2E74B4694E80700FFF7B3FF38
S21402BA40F2E708B5E9F7BAFDE9F7EEFDE9F7F6FD24
S21402BA50BDE80840E9F706BE10B5044622F070427B
S21402BA60103060602160A26039B1A26803F07043B2
S21402BA701343A360029BE36010BDA36843F08043B8
S21402BA80F7E701234360C36843F02003C36083687B
S21402BA9043F000538360704737B515464A6804463C
S21402BAA03AB18C680093096845EA0403FFF7D4FFAD
S21402BAB00446204603B030BD2DE9F04FD3B0CDE9A1
S21402BAC00123DDE95D7BDDE95FA900230390042005
S21402BAD003ACCDE9050307C907AB83E80700214697
S21402BAE01846619E0494E9F7D1FD8046002840F08E
S21402BAF0B3805C9A0AAB07CADBF8045083E80700F7
S21402BB00DAF804304C421D44D9F804306D425B42E8
S21402BB100093BB6805F00F05DA0048BF7B6804F0A7
S21402BB200F0442BF033323F003037B60B368DB00DA
S21402BB3041BF7368033323F0030373600023DBF80B
S21402BB400400DAF80420CDE9153381182944CDE93A
S21402BB500E1379680D93494201F00F01CDE91031B9
S21402BB6071681293494201F00F01CDE91331CDE914
S21402BB70173319935C9B5B684BB9D9F804301343AF
S21402BB80184301BF1024CDE90B4016AB0A931123CC
S21402BB904FF0005204A932A8FFF77EFF40F61103C9
S21402BBA04FF0005207A9FFF777FF42F611034FF056
S21402BBB000520299FFF770FF44F611034FF000524D
S21402BBC00199FFF769FF412300225946FFF764FFF8
S21402BBD02B024FF00052514643F04103FFF75CFF41
S21402BBE023024FF0005243F001030AA9FFF754FF65
S21402BBF0009B4FF000521B0203F47063494643F069
S21402BC000103FFF749FF1038FFF73BFF00230DA99A
S21402BC101A461AA8FFF740FF002339461A46FFF7CE
S21402BC203BFF002310A91A46FFF736FF00233146D2
S21402BC301A46FFF731FF002313A91A46FFF72CFF17
S21402BC40002362991A46FFF727FF1038FFF719FFFD
S21402BC501AA932A8FFF7F5FE404653B0BDE8F08FAA
S21402BC6007F09CB982B02DE9F0438BB005AE86E8AA
S21402BC700700079D1F4615F0804513938046DDE9B1
S21402BC8014328946169C16D18C4228BF0C46D20026
S21402BC9016D584B10F2C1AD8A9EB0502042A3B68E4
S21402BCA028BF042208EB050009A90435099307F00A
S21402BCB0C9F8AC42F0D80BB0BDE8F04302B070470A
S21402BCC09C4228BF1C46002CF5D00F2C13D9DDE968
S21402BCD014018DE803000294139B96E80700E9F727
S21402BCE075FCE9F7A1FCE9F7A9FC0BB0BDE8F04347
S21402BCF002B0E9F7B7BC224639460BB0BDE8F043BE
S21402BD0002B007F09FB882B070B586B00E9E0B9355
S21402BD100C9B03ADB3EB460F85E8070027D1012243
S21402BD20314626200F9BE9F78BFB0446C8B9012350
S21402BD30CDE9003395E8070006253346FFF74FFEA8
S21402BD4000950BAA07CA3346FFF7FAFD234622469A
S21402BD5021462846E9F760FBE9F78EFB041E18BF6A
S21402BD600524204606B0BDE8704002B0704707249E
S21402BD70F7E708B5E9F79AFB10F00E03FAD0022BA4
S21402BD80F8D010F4806018BF062008BD10B504462F
S21402BD90E9F7B0FB2046E9F725FD18B9BDE81040E3
S21402BDA0E9F78CBD10BDFFF791BDF0B515464922E7
S21402BDB08FB0149C8DF8242004F10C060DF1250298
S21402BDC054F8047BB44242F8047BF9D12478147008
S21402BDD04FF48074ADF834409DF8544000228DF83C
S21402BDE0364004240694169CCDE9001505941324C7
S21402BDF0049409ACCDE902340B4611468DF8322084
S21402BE008DF83350E9F7B6FD0FB0F0BD30B5C02A55
S21402BE1093B02FD0B2F5807F29D0802A2CD14FF450
S21402BE20807480F00100204301901698012502904C
S21402BE3010242120039504940590069301AB0795E0
S21402BE40089409900A9306AB0B9304230C931123D0
S21402BE500D930AAB0E910F9340F61103D20802A976
S21402BE600EA810921193E9F755FD13B030BD4FF4AA
S21402BE708274D6E70F20F8E72920F6E71FB5079C5D
S21402BE8002949DF81840CDE9003413460A4601464E
S21402BE900020FFF78AFF04B010BD1FB5079C02946E
S21402BEA09DF81840CDE9003413460A4601460120A3
S21402BEB0FFF77BFF04B010BD08B5E9F7AFFEBDE89B
S21402BEC00840E9F7DFBE10B50446FFF7B8FC4FF0AE
S21402BED0A8431A6822601B696360FFF7B4FC00205F
S21402BEE010BD10B50446FFF7AAFC4FF0A84322681F
S21402BEF01A6062681A61FFF7A6FC002010BD70B5D2
S21402BF0006460D4614468CB0CAB11022002108A877
S21402BF1007F044F8002207AB029305AB019306AB89
S21402BF2000933046294608ABCDE90522E9F708FF1B
S21402BF3018B9099B6360059B23600CB070BD6FF057
S21402BF408600FAE770B505460E46E9F7A1FE0446F6
S21402BF5048B931462846EAF70FF9044628B1E9F708
S21402BF60A3FCE9F7A1FE204670BDBDE87040E9F7E4
S21402BF709BBE10B5436A8AB0041DCDE90143002377
S21402BF80CDE9052310223C30CDE90331CDE9082363
S21402BF900790E9F77DFE60B907AB1A4604A901A827
S21402BFA0E9F7B0FB0446E9F77FFE002C18BF6FF0F6
S21402BFB092000AB010BDEAF713BA08B528B14C22AF
S21402BFC0002106F0EBFF002008BD6FF08600FBE7BD
S21402BFD00020704738B51C460023084623601146E9
S21402BFE01546FFF7AFFF00B9256038BD08B501203A
S21402BFF0E8F730FB002008BD70B50C46154610B9B0
S21402C000EAF75EFB38B143682BB12A462146BDE803
S21402C010704000681847232070BDF7B50D461646D7
S21402C0201C4648B103B901AC87685FB12346324665
S21402C03029460068B84706E0EAF742FB04B901ACB5
S21402C0400028F1D1232003B0F0BDF8B50C46154602
S21402C050064658B9EAF734FB20462946FDF712FE93
S21402C0600446002CD4BF37200020F8BDEAF728FB90
S21402C07086420746F0D03046EAF716FB29462046A7
S21402C080FDF700FE04463846EAF70EFBE9E70EB473
S21402C09003B503AA52F8041B0192FFF7D6FF02B0BB
S21402C0A05DF804EB03B0704700207047FEE74FF4DC
S21402C0B0005300204B6070470120704700207047F5
S21402C0C007B5002001AB0190FFF7A7FF01980028F3
S21402C0D008BF4FF0FF3003B05DF804FB10B51446FE
S21402C0E00020FFF789FF204610BD034670B190F886
S21402C0F0382090F83C002AB1022803D1012283F8A6
S21402C1003C20704704284FF00102F8D00120704707
S21402C11080F82C10704790F82C00704790F8390081
S21402C12070473022037A534303F1A04303F580237A
S21402C130D96ED0E903231344994214BF0846104629
S21402C1407047F8B504460D4690F8393081B173B998
S21402C15090F83A60FFF773FB054601213046EAF78E
S21402C16023FF2846FFF76FFB012384F83930F8BD1A
S21402C170002BFCD090F83A70FFF761FB0646294682
S21402C1803846EAF711FF3046FFF75DFB84F8395070
S21402C190EDE72DE9F843044616460D4690F82C8046
S21402C1A0FFF754FB94F8382003469AB1FFF754FB86
S21402C1B094F83B90FFF743FB074601214846EAF70F
S21402C1C0F3FE3846FFF73FFBFFF740FB002203462D
S21402C1D084F838201846FFF73FFB2E44B54204D1B8
S21402C1E001212046236A98473DE094F82D302BB370
S21402C1F0FFF72CFB237E0746EBB12046FFF791FFA5
S21402C200E1680138884238BF2069D4F830C03CBFA4
S21402C21000F1FF30401803469C450BD013F8012965
S21402C220112A01D0132A21D1A2F111035A425A41EE
S21402C23084F8342020633846FFF70EFB94F8343037
S21402C240002BCBD0B8F1000F06D02B780A2B03D1E7
S21402C2500D212046E36998472046E36915F8011B3D
S21402C26098470028BAD00020BDE8F883994282BFDA
S21402C270236903F1FF335B18CEE7F8B590F8383040
S21402C280044603F0FF06A3B93146036A9847012322
S21402C29084F8383094F83B70FFF7D1FA05463146F9
S21402C2A03846EAF781FE2846FFF7CDFA022384F8DD
S21402C2B03C30F8BD026CD36C43F00403D364704781
S21402C2C010B50446026C93695906FCD5002394F80F
S21402C2D049101A4694F84800E8F79EFC002394F8A2
S21402C2E04B101A4694F84A00E8F796FC94F8503039
S21402C2F0DA0707D5002394F84D101A4694F84C0036
S21402C300E8F78AFC94F850309B0707D5002394F888
S21402C3104F101A4694F84E00E8F77EFC206C002177
S21402C320C36C23F00103C364C36C23F00403C36429
S21402C330FFF7B6FA606C0021E7F726FF002010BD73
S21402C34008B5006CFFF7BBFA002008BD036CDA6C78
S21402C35019B142F00102DA64704722F00102DA648F
S21402C360012203F500539A64704738B50468206CBE
S21402C370856C15F001050BD0012200F500539A6476
S21402C38083699B060FD52046BDE83840FFF775BF88
S21402C390042384F83C30237E33B9C36C23F00403B1
S21402C3A0C3640123237638BD637E1BB394F82D3015
S21402C3B003B3132184F83550FFF781FA236CDA6C45
S21402C3C042F00402DA645B6ADBB2112B0DD1012360
S21402C3D084F834303022237A534303F1A04303F522
S21402C3E08023DB6E013B2363DDE7132BDBD184F86E
S21402C3F03450EFE7C36C23F00403C364D3E708B5F5
S21402C400EAF7FCFC08BD10B5FFF719FA0446EAF78E
S21402C41041FD2046BDE81040FFF715BA70470120DF
S21402C42070474FF4C870EAF765BE70472DE9FF41C2
S21402C4300D4616461F460446A8B14FF00008C0F83F
S21402C4401C80EBF7AFFABDF82C30424602939DF8FB
S21402C45028302946CDE9007320463346EBF708FA22
S21402C46004B0BDE8F0812220FAE7F0B50D46164684
S21402C4701F46044685B090B10023C361EBF792FADB
S21402C480BDF82C302A4602939DF828302946CDE97D
S21402C490007320463346EBF7EBF905B0F0BD2220D9
S21402C4A0FBE7F0B51F46002387B00D461646044646
S21402C4B08DF81730A8B1C3610DF11701EBF7A2FA98
S21402C4C09DF817207AB9BDF83430294602939DF8B4
S21402C4D030302046CDE900733346EBF7C9F907B092
S21402C4E0F0BD2220FBE70320F9E7F0B51F46002344
S21402C4F087B00D46164604468DF81730B0B1C361B4
S21402C5000DF11701EBF77EFA9DF8173083B9BDF8E7
S21402C51034302A4602939DF830302946CDE900731E
S21402C52020463346EBF7A4F907B0F0BD2220FBE71E
S21402C5300220F9E738B5FFF789F9054600F008F852
S21402C54004462846FFF788F9204638BD00F025B88D
S21402C5504FF0B0439A6A1207FCD4186A70478207F3
S21402C5604FF0B04200F00103916948BF43F0400328
S21402C5700B43936170474FF0B04301285B6904D0C8
S21402C580022805D1C3F38010704703F001007047FC
S21402C590002070473E20FFF774B83E20E7F7DABE69
S21402C5A008B5E6F73DFBFEF74BFEFEF756FEFEF736
S21402C5B067FEBDE80840FEF76EBE08B5FEF76DFEE4
S21402C5C0FEF76CFEFEF76CFEBDE80840FEF76ABE9C
S21402C5D0E6F79EBF08B500F0C9FC01F057FC02F072
S21402C5E0E2F9002008BD38B50446FFF728F90546EB
S21402C5F02046FDF751FB04462846FFF724F920465D
S21402C60038BD70B504460E46FFF719F931460546A1
S21402C6102046FDF74FFD04462846FFF714F920464C
S21402C62070BD38B50546FFF70AF904462846FDF7F9
S21402C6303BFB2046BDE83840FFF705B910B5044677
S21402C64008B1EBF741FC2046BDE81040FFF7E9BF12
S21402C65000F4E040B0F5805F04D0A0F500535842E5
S21402C66058417047012070473AB1002918BF00238D
S21402C6702121D21A184406F091BC704738B50379C6
S21402C68004460D463BB9A368022120462B6000F003
S21402C690D9FA38B938BDD0E9091200F069FB00288A
S21402C6A0F1D0F7E700232B60F4E700232DE9F341EE
S21402C6B0D0E9016804460F4630461146136000F082
S21402C6C028FB054688B9304600F025FB054660B9CA
S21402C6D0F6B276B9B8F1000F05D1E36823F47F43CA
S21402C6E023F0030363B16FF08605284602B0BDE867
S21402C6F0F0810146A06800F094FA0028EDD1F2E736
S21402C7004FF6F87362889A421ED8238B012BEAD81A
S21402C710394601A8EBF772FE05460028E5D10FCC94
S21402C7203F683E460FC694E807003B7986E8070056
S21402C7300BB9019BBB603B8B012123F001033846FA
S21402C7403B8300F07FFAD0E76FF08505CDE741F234
S21402C750052398421AD8B0F5905F09D241F2010338
S21402C76098420CD0B0F5885F09D06FF0850070470C
S21402C7702923A0F5905080B2C340DB07F5D511F00F
S21402C780070F0CBF00206FF086007047B0F5105FF1
S21402C790EBD121F04003802B06D0B1F5807F0CBF91
S21402C7A000206FF0860070470020704770B5446A1C
S21402C7B005460E463CB90120FFF723FF686228B102
S21402C7C02046AE6270BD6FF08A00FBE76FF08C0009
S21402C7D0F8E7F8B50F46114606461546FFF7E6FF98
S21402C7E0044620B92A463946706A06F02BFB2046D4
S21402C7F0F8BD2DE9F041089D88461F46048802B31D
S21402C8002046FFF725FFE0B12B680BB9D3002B605B
S21402C81020462968FFF79BFF044678B9CE1DB2EB87
S21402C820D60F11D1069B9A4211D84146384606F0D9
S21402C83009FB2B68079A0733DB0813602046BDE81E
S21402C840F0816FF08504F9E76FF08604F6E76FF083
S21402C8508904F3E72DE9F04F476885B03F0A04469E
S21402C860DDE90E9A0D4616469846DDF840B015D11B
S21402C870CDE901ABCDF80090E9F7EAFC10F1860F9E
S21402C8800ED14346324629462046CDE90FABCDF8B7
S21402C890389005B0BDE8F04FFFF7ABBF6FF08600EB
S21402C8A005B0BDE8F08F10B50446406A10B1A16A23
S21402C8B0FFF7C4FE0020C4E9090010BD38B50546DE
S21402C8C0FFF7F1FF95F820300446043B012B0CD805
S21402C8D0EB69002B0CBF04466FF096042C22002155
S21402C8E0284606F05BFB204638BD6FF09604F5E757
S21402C8F010B5044638B1042100F0A4F92046BDE87C
S21402C9001040FFF7DBBF10BD38B590F82030054663
S21402C910052B16D10479FF2C07D1FFF7CFFF041E93
S21402C92008BF6FF08404204638BD1CB1806800F052
S21402C93004FA04462846FFF7C1FF002818BF04463B
S21402C940F1E76FF08804EEE707B558B1012201A9B6
S21402C950EBF790FD30B9019800F0ACF928B10198D8
S21402C960FFF7D2FF03B05DF804FB6FF09900F9E71A
S21402C9702DE9F0411F46002388B005468846164634
S21402C980CDE905333B60002A54D0B2F1005F54D2A1
S21402C99006AA05A9FFF789FE0446A0B90598436AC8
S21402C9A0ABB1059B41465A882846079207AA0292CF
S21402C9B003F1280201929A6A00925B6A3246FFF7F6
S21402C9C049FF044680B10598FFF792FF28E06B689E
S21402C9D01B0A02D06FF08604F5E73146FFF7E6FE43
S21402C9E004460028DDD0EEE70598079B4288DAB9B0
S21402C9F043804FF6F872934219D82B8813B10288F7
S21402CA009A42E7D12B6A002BE4D16B8813B1428895
S21402CA109A42DFD13946FFF731FE04460028D2D1CA
S21402CA20204608B0BDE8F0819A42D3D1E1E76FF024
S21402CA308504C8E76FF08604F2E76FF08504EFE737
S21402CA4010B50446006868B106280CD104F1080047
S21402CA50FFF7B3FA00232360A38823F4FF7323F0BF
S21402CA600103A38010BD6FF08600F3E72DE9F043C3
S21402CA700546984600238DB002932B680846174653
S21402CA80002B47D1B8F1000F134602A914BF4FF48A
S21402CA9080624FF40062EBF73FFB044600283BD16E
S21402CAA0DDF8089003AC4E46CDE90A000FCE0FC45F
S21402CAB096E8070084E807003846BDF80C102A1DE1
S21402CAC0EBF79AFB044638BB6B79049968F30003CC
S21402CAD06B71090AD9E90923B8F1000F12D011BB0C
S21402CAE0009703A905F10800E9F77AFC044698B90D
S21402CAF0062302982B6000F0E2F8044620460DB0AA
S21402CB00BDE8F08379B9009703A905F10800FFF79D
S21402CB1052FAEBE76FF088042846FFF791FF029877
S21402CB2000F0CDF8EAE76FF08604F5E70123FFF799
S21402CB309DBF38B50546006898B112B90024204654
S21402CB4038BD06280AD105F10800E9F77BFC044641
S21402CB500028F3D02846FFF773FFF0E76FF086044D
S21402CB60F8E76FF08804EAE72DE9F0410546006829
S21402CB70884616461F46F8B16A79D2071CD52A7926
S21402CB80D2B1B2421BD806281CD105F10800E9F73B
S21402CB90A9FC044610B100233E602B7132462146A2
S21402CBA040463B68FFF760FD2846FFF749FF002C2A
S21402CBB018BF2046BDE8F0816FF08804EBE76FF0FF
S21402CBC08904E8E76FF08604E5E710B50446C06915
S21402CBD0FFF727FD2046BDE810402422002106F07C
S21402CBE0DDB92DE9F04105460F4690461C469BB13D
S21402CBF019460120FFF705FD064678B12246414652
S21402CC0006F020F9E86908B1FFF70BFD0020C5E938
S21402CC1007642F80BDE8F0811E46F3E76FF08C00B4
S21402CC20F8E703466FF040420846591E914207D382
S21402CC3038B103F1404393428CBF00200120704775
S21402CC400120704790F82030052B11D8DFE803F05A
S21402CC50030B16141F214B1E012B09D9042907D0DA
S21402CC606FF087007047022902D00B1F012B0BD8EA
S21402CC7080F8201000207047022902D0CB1E022B1B
S21402CC80F5E7C369002BF3D06FF0880070470529DB
S21402CC90EED00029ECD0F7E710B503210446FFF7E3
S21402CCA0D1FF30B9E3695A1C0EBF6FF0960001330C
S21402CCB0E36110BDC069B0FA80F04009704708B958
S21402CCC00020704790F82020032A08D1C269EAB1F2
S21402CCD0013AC261002AF3D10221FFF7B3BF052A47
S21402CCE009D0042A0FD1C26982B1013AC261002A70
S21402CCF0E6D1FFF7E3BDC26942B1013AC261002A3A
S21402CD00DED1FFF701BE6FF0880070476FF0960025
S21402CD10704700207047C0B2FF280CBF6FF0860035
S21402CD200020704707B500216A46FFF7E8F88C3006
S21402CD3018BF012003B05DF804FB13B500216A4654
S21402CD400446FFF7DCF88C3002D1002002B010BD9A
S21402CD5000212046E9F7CEF9014610B16FF098009F
S21402CD60F4E76A462046FFF7CAF88C30EDD0F5E7BE
S21402CD702DE9FF4107461446884600293FD0002A7F
S21402CD803DD0B2F5005F3DD202F1240631460120C5
S21402CD90FFF737FC0546C0B303463A4621464046EF
S21402CDA0EBF7E2FBBF6800243846FFF7BBFF01281B
S21402CDB01FD021462B46324638460094E9F7D8F86B
S21402CDC00146C8B9384602AAFFF799F8044620B9C0
S21402CDD0029B9E4205D06FF0980438460021E9F780
S21402CDE089F931462846FFF729FC204604B0BDE8FB
S21402CDF0F0816FF08A04F4E76FF09804F1E76FF0C1
S21402CE008604F2E76FF08D04EFE76FF08C04ECE730
S21402CE10FFF714BC2DE9F047D0F808A086B081468B
S21402CE20884617465046002104AAFFF768F80446CB
S21402CE3010BB049E01203146FFF7E3FB054600289F
S21402CE4037D02146504604AA0394FFF758F8044602
S21402CE5070B903AB02462146CDE90053504633462D
S21402CE60E9F7F2F8039B04469E4209D06FF0980455
S21402CE7031462846FFF7E2FB204606B0BDE8F087BB
S21402CE800028F5D13B46424631462846CDF800906A
S21402CE90EBF788FB04460028EAD1D8F800302BB11D
S21402CEA03B68002B08BF6FF09104E1E76FF0910436
S21402CEB0DEE76FF08C04DFE750E8003F0B4340E804
S21402CEC00032002AF8D17047C94350E8003F0B40B1
S21402CED040E80032002AF8D17047431E032B06D8DA
S21402CEE0DFE803F0020402040320704704207047C0
S21402CEF07047CB69184770477047002070477047E5
S21402CF004FF00000704700207047704770470020BF
S21402CF1070470020704700207047002070470020AE
S21402CF207047704700207047002070477047704770
S21402CF3000207047704770471120704700207047E6
S21402CF400020704770477047002070474FF0FF3050
S21402CF50704711207047002070470120704700205C
S21402CF6070470020704700207047704701F082B972
S21402CF7038B50446FEF76AFCD4E910120546204688
S21402CF80EBF754FBE18C228DE060521A40F27121DD
S21402CF9001FB020303F59C53083328462361BDE8D0
S21402CFA03840FEF759BC08B52030FFF785FFBDE8CC
S21402CFB008404FF08050F0F7E9BC38B50D460446FD
S21402CFC00830EDF7DFF8294600252046EEF7F6FB97
S21402CFD0E06EE56110B1ECF721FAE56604F1500067
S21402CFE0BDE8384006F036BB38B5044619B390F8AB
S21402CFF038208AB190F839300133DBB29A4280F891
S21402D000393009D10121FFF7D8FF4FF08071204651
S21402D010BDE83840FFF7C7BF236ADA030BD5E36BD8
S21402D02062689B1A002B06DA01212046FFF7C5FF2D
S21402D0304FF08061EBE7236A1B0426D402F06CFBF8
S21402D0401123B0FBF3F303EB0313C01A94F9613018
S21402D05085B213FA80F0102888BFC5F110056DB2AC
S21402D060083B2B4484F8613020460121EEF7A6FBEC
S21402D07040F27121E28C63682A4401FB02332046A7
S21402D0806360BDE83840EEF74BBB0025ECE72DE9C0
S21402D090F84F1D46C3690F4604461646DDF8308033
S21402D0A09DF838909DF840B09DF848109DF850A025
S21402D0B0002B40F0D180EB0600F1BE8005F00303A2
S21402D0C0032B08BF05F0FD0505F0F705BDF83C305B
S21402D0D0A806A3869DF8540048BF05F0FC05FFF796
S21402D0E0FCFE47F6FF731BF0020F84F83600A4F826
S21402D0F0783040F0A4801BF0040F00F0A28000F00D
S21402D100FD00012814BF0323042394F87F209DF812
S21402D110580063F3030284F87F20FFF7DEFE47F62B
S21402D120FF738A0784F83700A4F8883000F18B80F2
S21402D1304B0740F18A8000F0FD00012814BF03214E
S21402D140042194F88F30606E61F3030384F88F3005
S21402D150FFF7F1FE00222046216CEBF767FA40F259
S21402D16071237343984279D849F6FF7104F120007F
S21402D170FFF7AAFEFF2384F85430BAF1000F03D05B
S21402D180236A43F480532362290705D506263746C9
S21402D190236A43F484132362236A6A0723F4C04390
S21402D1A023620CD419F0010F1CBF43F40053236210
S21402D1B0236A19F0020F1CBF43F480432362236ADA
S21402D1C0A5852B43236204F12E03B8F1000F3ED04F
S21402D1D0D8F80020C4F82E20B8F804209A809DF8CB
S21402D1E02C30012B03D14FF48061FFF765FE236AD2
S21402D1F09DF8282023F4407343EA0223236202F0B8
S21402D2008BFA94F860309DF84C2084F85F0023F087
S21402D2100F03C0F30320034362F3071384F860305E
S21402D2209DF834302046E784268584F82A30FFF7B6
S21402D2309FFE0020BDE8F88F01218B4646E70223B9
S21402D24063E7012361E702217BE7012179E7C4F85E
S21402D2502E80A3F80480CAE70C20EBE74520E9E716
S21402D2602DE9F743894617460446019330B901A8CB
S21402D27006F0F0F9422003B0BDE8F083012920D081
S21402D280022910D089B9C369C3B900F140054FF429
S21402D2900036236AD9061ED55A0726D501A806F0F7
S21402D2A0D9F90020E7E7406E20B901A806F0D2F9C6
S21402D2B00C20E0E71946FFF73FFEDCE700F14805E1
S21402D2C0E5E7C36923B900F144054FF48026E0E799
S21402D2D000F14C05F9E79B0707D5B9F1000F04D119
S21402D2E001A806F0B7F91220C5E704F12008404667
S21402D2F03146FFF7E9FDF80702D5284606F0AAF9F7
S21402D300019921B1284606F035FA002301932868D0
S21402D31006F025FA236AD90605D51F2801DC032F55
S21402D32016D02846DDE740F27262904204DD2846B7
S21402D33006F090F907209EE7B9F1000F08D1BF2842
S21402D34006DD9A0704D0284606F084F9452092E7BF
S21402D3502046D4E91212EBF769F9E3696BB140F2A1
S21402D3607122E38C5343984207D9238D8342EAD332
S21402D37000F51C70B0FBF2F0E084FEF767FAE36992
S21402D38005467BB1BB070DD531464046FFF794FDF7
S21402D3906368C3F57A7602F0FBF9F04202D52046BE
S21402D3A0EEF728FB2846FEF757FA7AE708B548B1A3
S21402D3B0CB0701D4002008BD4FF400112030FFF740
S21402D3C07BFDF7E74220F6E708B548B1CB0701D464
S21402D3D0002008BD4FF400112030FFF775FDF7E777
S21402D3E04220F6E7EBF708BC38B5C36904460D469B
S21402D3F03BB1036A13F0010011D194F82430FE2BDE
S21402D4000CD004F120004FF48001FFF755FD0120F7
S21402D4102B68C4F85530AB88A4F8593038BD0020C4
S21402D420FCE7036A10B5044613F4602030D09A0372
S21402D43007D504F1400006F00DF9A36C236400231F
S21402D440A364236A5B0307D504F1440006F002F9DD
S21402D450E36C63640023E3644FF4602104F120006C
S21402D460FFF732FD2046FFF783FD012094F8602087
S21402D47094F85F3002F00F0143EA0123013384F887
S21402D4805F3022F00F02C3F303231A4384F86020AE
S21402D49010BD10B50446503006F06CF92046BDE8C3
S21402D4A010404FF00071FFF77EBD50E8003F0B437F
S21402D4B040E80032002AF8D17047C94350E8003FDE
S21402D4C00B4040E80032002AF8D1704738B50446CF
S21402D4D0D0F8A00010B9D4F8A40058B194F8375187
S21402D4E006F0E9F805F00F0581B206312846EEF798
S21402D4F0E5FF80B240F27122B4F8783000F5487049
S21402D50053439842B8BF184638BD38B505460C4650
S21402D51002F0C4F920B149F640439C4228BF1C469B
S21402D520EA68A2420BD240F27121B5F87A304B4338
S21402D530934238BF1346A34228BF23461A462A619F
S21402D54038BD03469A6A4430920404D5D3F828219B
S21402D550998FEFF78BBF93F86F10EFF77DBF002020
S21402D5607047012070470020704700207047012056
S21402D5707047C820704700207047002070477047E9
S21402D58070471120704770477047002070477047F9
S21402D590002070477047012070477047704790F828
S21402D5A0852010B5531C03F00F03072B28BF00235A
S21402D5B0044663F30302034480F8852083F87E1052
S21402D5C090F885306F2B4FEA13129EBF013262F33A
S21402D5D0071380F88530FFF7E1FF94F837112046ED
S21402D5E001F00F01FFF7CCFF10BD70477047704780
S21402D5F0002070470020704710B101F1B00070475C
S21402D60001F1D4007047F8307047806A70472830BE
S21402D610FFF74BBFC06A70472C30FFF746BF2C306F
S21402D620FFF74BBF00F59C70704708B50B79DB0718
S21402D63002D4FFF7DAFF08BD91F90510BDE80840ED
S21402D640FFF7ADBF02290346808F11D0032909D008
S21402D650012906D11A8F5B6B1201B2FBF3F3184451
S21402D66080B270475A6B4FF47A43B3FBF2F3F6E795
S21402D6705B8F073000EB4300F2E770B540F271268D
S21402D68006FB01F345685643826A1D4412070446A8
S21402D69045600ED500F14005294600F13402EDF74B
S21402D6A03BF9334629462046BDE87040012201F088
S21402D6B0AFB905EB5605456070BD836A590505D4BA
S21402D6C0D0F8A03013B15B799A0708D4D0F8A4003A
S21402D6D000B9704743799B0701D40068F8E7012038
S21402D6E0704780F87710704738B5044601F0A2FB01
S21402D6F004F1A40005F0AEFF04F1A80005F0AAFFAD
S21402D70004F1AC0005F0A6FF04F1A00005F0A2FFAC
S21402D7102046EBF7DBFBC4B22046FFF7F8FB0546D4
S21402D7202046FFF7F6FB01462846FFF7EFFB38BD1B
S21402D73038B5836A04461B0713D50246B0F87C3018
S21402D74052F8341F4B4340F271214B4300F1400123
S21402D750EDF7E2F8236C20469D08FFF7B7FE284453
S21402D760E06040F27125616B204601396943FFF79C
S21402D770CCFE20460121EEF721F8636BB4F87C203C
S21402D78020465A43636805FB02336360BDE83840AF
S21402D790EDF7C6BFB0F8303110B5A0F83431044604
S21402D7A0EBF794FBC0B2FFF7E4FE94F8373194F837
S21402D7B0362103F00F0304F1440102F068F8EEF795
S21402D7C0C3FEB4F93021824205D0A4F83001EFF747
S21402D7D063FBA4F83201B4F93421B4F930319A4229
S21402D7E009D0A36A9B0306D52046BDE810404FF435
S21402D7F00041EBF781BB10BDFFF7CCBF836A0A4638
S21402D80000F14401C3F34030EFF7DABD10B5A0F8DB
S21402D8107810A0F87A200446FFF758FE2169E060E7
S21402D8202046BDE81040FFF770BE38B504460D46E8
S21402D8303AB94FF4C0212830FFF73FFE9DB90020C9
S21402D84038BDFFF7A2FE98B128344FF4C021204617
S21402D850FFF733FE1DB14FF40031FFF726FE4FF4FB
S21402D8608021204601E04FF40031FFF71EFEE6E776
S21402D8701120E5E72DE9FF41836A04469B032CD578
S21402D880B0F93081B0F934710020EFF7F9FB80452A
S21402D890CCBF0025012501F0FFFF94F83711C822FE
S21402D8A001F00F01EFF7F6FB06462046EBF70EFBFC
S21402D8B0B045B4BF00260126002394F83711A8EB22
S21402D8C007073FB245EA46051A46CDE900850297A4
S21402D8D001F00F0180B200F0A3FC04B0BDE8F081B5
S21402D8E0FFF7C8BF86307047F8B504460E460029D3
S21402D8F05AD040F27123476B30465F43A7F28A271D
S21402D9007F083946EEF7EAFD94F88E30851FADB2F1
S21402D9109D4239463046A8BF1D46EEF7DFFD94F815
S21402D9208F20831F9BB29342A8BF1346F21E012A82
S21402D930B4F88610B4F888202BD8B1F5296F44F2D3
S21402D9409020B8BF4FF429618142A8BF0146B2F5C4
S21402D950296FB8BF4FF429628242A8BF02461B2D28
S21402D960B8BF1B251B2BB8BF1B23304684F891304B
S21402D97084F89050A4F88A10A4F88C20EEF7AEFD36
S21402D980831F9BB2AB42A8BF2B46DBB284F8923011
S21402D990F8BDB1F5A47FB8BF4FF4A471B2F5A47F69
S21402D9A0B8BF4FF4A472DAE71B23EFE770B549005D
S21402D9B0466B89B28E4218BF40F27125044617BFE5
S21402D9C04068002105FB060005FB1100658F1EBF9F
S21402D9D06060616301219542208F17D0834262877F
S21402D9E000D02387238F626B1B01B3FBF2F394F8FC
S21402D9F037112046A4F89C3001F00F01FFF774FFA0
S21402DA002046BDE870400421EBF776BA8342E8D19F
S21402DA10A36A1B07E6D50029E4D170BDF0B585B030
S21402DA2004460E466A4600F1860300F18E07154646
S21402DA3018685968083303C5BB422A46F7D11868E6
S21402DA40314628609B882046AB80FFF74DFF9DF845
S21402DA500B2094F891309A4211D1BDF80620B4F802
S21402DA608C309A420BD19DF80A2094F890309A4254
S21402DA7005D1BDF80420B4F88A309A4207D04FF494
S21402DA808141204605B0BDE8F040EBF735BA05B057
S21402DA90F0BD37B5044694F88E50BDF818008D4296
S21402DAA00BD1B4F88650954207D194F88F509D4218
S21402DAB003D1B4F8885085421DD08DF80610ADF813
S21402DAC00420019D84F88E1094F8371184F88F3064
S21402DAD0A4F88800C4F840512046A4F8862001F035
S21402DAE00F01FFF79BFFB4F88A30A4F88630B4F82B
S21402DAF08C30A4F8883003B030BD90F8373170B55A
S21402DB0003F00F03044616460D46D9B18B4219D0D0
S21402DB100122FFF738FD294600222046FFF731FD95
S21402DB2094F83731204665F3030384F8373105F05D
S21402DB300F01FFF773FF2046BDE870404FF48441A3
S21402DB40EBF7DAB919462046FFF768FF002EF2D146
S21402DB5070BDF8B51D46C36A04465B070F461646F7
S21402DB6010D404212C30FFF7A0FC84F89A702046CB
S21402DB70A4F89660A4F898504FF40061BDE8F84007
S21402DB80EBF7BAB9F8BD10B511B190F89A400C701F
S21402DB9012B1B0F89610118013B1B0F898201A801E
S21402DBA0C06AC0F3800010BD4FF400412830FFF772
S21402DBB07CBC00F5A270704790F8370100F00F00A9
S21402DBC0704770B50446FDF741FE6568064601F0EB
S21402DBD0DFFD2D1AB5F5FA7504D53046BDE870405E
S21402DBE0FDF73ABE40F27122636B94F8701053430D
S21402DBF0B5FBF3F5A38FAAB29B1AA38794F86F30EE
S21402DC00154602FB1133252193FBF1F001FB10337D
S21402DC10002BB8BF5B1884F86F30B4F89C302046EF
S21402DC209B1AA4F89C300021EDF7C8FD40F2712241
S21402DC30636B20465D43636802FB15336360EDF752
S21402DC406FFDCAE700232DE9F3474E790446B00775
S21402DC5058BF06F0010608460D4648BF0326ADF833
S21402DC60043058BF0136FFF74BF9074607F01F038B
S21402DC70002BE36A15BF4FF001084FF000084FF083
S21402DC8003094FF0020999050CD59DF80430294680
S21402DC9066F3010368F345138DF804302046019AB3
S21402DCA000F08EF9284605F05AFD82464946284677
S21402DCB005F010FD9DF80430AA7966F3010368F3B7
S21402DCC045138DF804308DF805A0BDF804300C32EB
S21402DCD0AB529DF80430A9189A066B7948BF8F702C
S21402DCE043F001036B71FDF7B1FD06462046294657
S21402DCF050F8A48F05F03EFD94F84631013384F8BF
S21402DD004631A36A1B070CD5B4F87C30012B02D926
S21402DD102046FFF756FF304602B0BDE8F047FDF753
S21402DD209BBD656801F034FD0746EDF75DFE844253
S21402DD30F1D1ED1BB5F57A7FEDDDB8F1000F03D01A
S21402DD40D4F8A030002BE6D1EEF7E6F9E3E708B503
S21402DD50022005F0ECFD10B100F0A1FD012008BD87
S21402DD6010B504464FF440712830FFF7A6FB204654
S21402DD70BDE810400021EBF73FBD012310B5A1F12D
S21402DD802002C1F1200423FA04F403FA02F2224329
S21402DD908B40D0E9084123400A40134314BF0120B8
S21402DDA0002010BDC36A10B5044613F0080012D056
S21402DDB00123A1F12002C1F1200023FA00F003FAA8
S21402DDC002F202438B40D4E9080103400A4013439F
S21402DDD014BF0120002010BD10B50C46C9B2FFF7D3
S21402DDE0E1FF70B1ECF784FDC4F12002A4F1200338
S21402DDF0E04001FA02F2104321FA03F3184300F05E
S21402DE00010010BD70B504460E46ECF7A3FEFDF702
S21402DE101DFD05460221204684F87760EBF76CF874
S21402DE2020460021EDF7CAFC2846BDE87040FDF703
S21402DE3013BD70B504460D46FDF708FD0646EDF720
S21402DE40D3FD844201D1EEF747F93046FDF704FDD3
S21402DE5029462046BDE87040FFF7D4BF0B68C0F8DD
S21402DE604031704738B540F64805D0F840310C4688
S21402DE700B609BB2AB4204D90B21FFF7ADFF08B98A
S21402DE80258038BD44F290232380FAE708B500F0D7
S21402DE90FBF8EBF799F900F00EFB00F008F8ECF748
S21402DEA091FDEDF7CFFABDE80840EDF733BB7047BA
S21402DEB070B515460E461C46FFF7A5FB2B684EB1FD
S21402DEC003606B6843602368C0F825302368C0F897
S21402DED0153070BD83606B68C3602368C0F8293054
S21402DEE02368C0F81930F4E770B50546FFF78BFBD8
S21402DEF00446FDF7ABFC06464FF480712846FFF752
S21402DF0086FB4FF400612846FFF786FB3046FDF796
S21402DF10A3FC0023284623612375236284F8243059
S21402DF20FFF773FB802310F0080F14BF237584F8E5
S21402DF30243070BD10B50446FFF712FF2046BDE838
S21402DF4010401021EAF7D8BF10B504464FF46061BE
S21402DF50FFF765FB2046BDE81040FFF701BF7FB51F
S21402DF6006460C46FFF74FFB4FF4C06105463046A7
S21402DF70FFF752FB4FF400613046FFF750FB4FF4B9
S21402DF808060ECF75BFC224670B969462846ECF7DF
S21402DF9019F86B4605F1100213F8011B02F8011D71
S21402DFA0AA42F9D104B070BD6C4602F110062346AF
S21402DFB010685168083203C3B2421C46F7D1E8E73C
S21402DFC0F0B587B00D46ADF80C20FFF71CFB0446F3
S21402DFD0284605F0C4FB064600B32846ECF730F8A0
S21402DFE09DF80C3005AF03F023032246314600931A
S21402DFF0019704F12003FDF750FF2846ECF736F8A8
S21402E00004223946284605F03DFD236A0133236281
S21402E01023B994F82430013384F8243007B0F0BDD5
S21402E02030B585B00391ADF80820FFF7ECFA044648
S21402E030039805F094FB051F002D02DC002005B0B6
S21402E04030BD0398EBF7FCFF431901939DF80830A7
S21402E050224603F023030093294604F11003FDF73A
S21402E0600DFF0028EAD10398ECF700F8042103A874
S21402E07005F0C0FB2369013323610BB10120DEE703
S21402E080237D01332375F9E708B54FF40060ECF7FA
S21402E090D5FB40B94FF48050ECF7D0FB40B9BDE851
S21402E0A00840EFF72DBAFFF7A3FA0028F2D008BD12
S21402E0B0FFF7A0FA0028F2D0F9E741F0004141F458
S21402E0C0E0210160704700207047002070477047CB
S21402E0D070477047704710B5DC1D0433837343796D
S21402E0E0C47123F0030343F003030E244371012398
S21402E0F044738371C3730182827410BDD31CC371CF
S21402E1003E2343734379827323F0030343F00303EE
S21402E11043710123C173837170470F234373042332
S21402E12083734379A0F8111023F0030343F003032B
S21402E130437140F20173C3800123C27303747047B4
S21402E140D31CC3714379417323F0030343F00303E3
S21402E1504371012382738371704708B50023FFF76A
S21402E160BAFFBDE80840ECF76FB82DE9F8438046E1
S21402E1700220894617461E4605F0D9FBD0B10C236D
S21402E18043730823837340F601334579C38025F031
S21402E19003059DF8203045F003054571A0F8108070
S21402E1A080F81290A0F81370A0F81560C373ECF70D
S21402E1B04BF80120BDE8F883F8B504460F4616462C
S21402E1C013211D460922FFF799FF83790C331C445D
S21402E1D0A170E77026712B68C4F80530AB88A4F8E6
S21402E1E00930BDE8F840ECF72FB870B506460220B5
S21402E1F00D4605F09CFB044668B114210422FFF785
S21402E2007DFF83790C331C44A170A4F8036065710A
S21402E210ECF71AF8012070BD08B501F023FC08BD22
S21402E2202DE9F041074602200D4690461E4605F0AF
S21402E2307EFB0446E0B109222121FFF75FFF0A2296
S21402E24083790C331C44BDF9183084F8038093FBA1
S21402E250F2F323729DF81C30A7806372BDF920305A
S21402E260A67193FBF2F3E571A372EBF7EDFF0120C3
S21402E270BDE8F081704710B5ECF720F883790021ED
S21402E2800C33C418E078EAF73DFA6168FFF78EF8B7
S21402E2900446ECF719F82246BDE8104000234FF674
S21402E2A01941FFF718BF10B5ECF708F8837900217B
S21402E2B00C33C418E078EAF725FA6168FFF784F8A9
S21402E2C00446ECF701F82246BDE8104000234FF65C
S21402E2D01A41FFF700BF70B5EBF7F0FF0021867911
S21402E2E00446FE20EAF70EFA0546FFF7ECFE50B1AA
S21402E2F00C24EBF7E9FF2246BDE87040002342F209
S21402E3000501FFF7E8BEFFF7E0FE0028F0D134442F
S21402E3100F342DB121462846FFF766F80028E7D0CD
S21402E3202046ECF7D7F90024E3E72DE9F041EBF7B6
S21402E330C5FF837900250C33C418E678EBF7BEFFD9
S21402E3400768EBF7BBFFA6F1FE0359425941056089
S21402E3503046EAF7D7F93B4629462279FEF780FF90
S21402E3600446EBF7B1FF2B462246BDE8F04142F2E7
S21402E3703701FFF7B0BE2DE9F041EBF79FFF837937
S21402E38000250C33C418E678EBF798FF0768EBF71E
S21402E39095FFA6F1FE035942594105603046EAF759
S21402E3A0B1F93B4622790121FEF75AFF0446EBF704
S21402E3B08BFF2B462246BDE8F04142F23801FFF7BA
S21402E3C08ABE2DE9F047EBF779FF83790C33C41840
S21402E3D0277994F8038027B9B8F1010F27D0EAF716
S21402E3E0F3FB00260534BE420ADB0025EBF76CFF82
S21402E3F02A46BDE8F047002342F23901FFF76BBE1A
S21402E4002078B4F80150A0F1FE035942594194F81D
S21402E41003900434EAF776F958B12A464B46414649
S21402E420EAF7CEFA05460028E0D10136DBE71225E8
S21402E430DCE74225DAE710B5EBF740FF83790021E7
S21402E4400C33C418E078EAF75DF980B1211DFEF7B7
S21402E450CBFF00280CBF0C240024EBF735FF224626
S21402E460BDE81040002342F23501FFF734BE4224D5
S21402E470F3E7FE282DE9F8430646894690461F46EE
S21402E48016D0022005F053FA044690B10622122155
S21402E490FFF734FE1223A57920460C352544AB70CF
S21402E4A085F803902E71A5F80580EF71EBF7CCFE88
S21402E4B00120BDE8F883704710B5FFF704FE044656
S21402E4C0FEF736FD2043C0B210BD10B5EBF7F6FEE0
S21402E4D083790C3318444479B0F80300EAF7E2FC77
S21402E4E060B12146ECF71CFE0446EBF7EDFEE2B205
S21402E4F040F20641BDE81040FFF70FBE0224F4E7E3
S21402E50070B5EBF7DBFE83791844B0F80F50FDF7D1
S21402E5109DF904462846EAF7C5FC80B11621FFF7A6
S21402E52088FC00252046FDF797F9EBF7CDFE2A4634
S21402E530BDE8704000234FF60441FFF7CCBD02252C
S21402E540F0E7F8B5EBF7BAFE847905460C340444D6
S21402E550B4F80300EAF7A6FC064640B9EBF7B4FEA9
S21402E5600222BDE8F84042F21301FFF7D6BDAB79AE
S21402E570E97903F10C020220CB1A2A44002105F0A5
S21402E580AEFA014618B9EBF79FFE0722E9E7837950
S21402E590033383713046B4F80D50B4F80F70ECF7BD
S21402E5A073FD04463A4629463046FFF72FF9EBF745
S21402E5B08BFE2246D5E738B5FDF748F90446FFF745
S21402E5C07BFF00280CBF0C250025EBF77DFE2A46B4
S21402E5D042F20E01FFF7C1FDFFF77AFD2046BDE8C5
S21402E5E03840FDF739B910B5EBF768FE8379184461
S21402E5F0B0F80F00C0B2EAF7A3FFEBF765FEBDE87E
S21402E6001040002342F224011A46FFF764BD2DE9AA
S21402E610F84381460220884617461E4605F087F9CB
S21402E620044690B10A220321FFF768FD0023A5796C
S21402E63020460C352544EB70A5F80490A5F8068014
S21402E6402F816E81EBF700FE0120BDE8F8832DE9ED
S21402E650F043814685B002200E461F469DF8448050
S21402E6608DF80F2005F063F90546002844D02222D3
S21402E6702921FFF743FD0022AC7930460C342C44A6
S21402E68004F10E0304F11401C4F80E209A806261AC
S21402E690228300913A460DF10F01FEF754FC9DF8D5
S21402E6A04030A4F80490E37006F00103A3719DF8CD
S21402E6B00F3016F0FD0FE3713B68A360BB88A381A1
S21402E6C04FF6FF7304D0032E08BF43464FF0FF08F1
S21402E6D0BDF8302028466283BDF8342084F82180B5
S21402E6E0A283BDF838206384E2839DF83C2084F838
S21402E6F02020EBF7A9FD012005B0BDE8F083F8B5B0
S21402E7000746022016461D4605F011F9044690B14A
S21402E7100C220421FFF7F2FCA1799DF818300C3187
S21402E720214420468F80C1F80660C1F80A50CB709B
S21402E730EBF78AFD0120F8BD70B5064602200D46AD
S21402E74005F0F5F8044668B103223021FFF7F8FC1D
S21402E750A37920460C332344A3F803609D70EBF79D
S21402E76073FD012070BD70B5064602200D4605F009
S21402E770DEF8044688B104220821FFF7E1FCB5FA68
S21402E78085F2A37952090C3323442046A3F803608A
S21402E7905A719D70EBF758FD012070BD2DE9F843C4
S21402E7A081460220884617461E4605F0C0F80446F3
S21402E7B0B0B10B220721FFF7A1FCA579BDF82030E6
S21402E7C00C3525442046A5F80390A5F80580A5F843
S21402E7D00770A5F80960A5F80B30EBF735FD0120A8
S21402E7E0BDE8F883F8B5074602200E46154605F042
S21402E7F09EF80446A0B10D220521FFF77FFCA379FF
S21402E80020460C332344A3F80370A3F80D602A684D
S21402E810C3F805206A68C3F80920EBF715FD012046
S21402E820F8BD2DE9FF4116466A4680460F46154654
S21402E8300A9C03F1100E9446186859680833ACE82F
S21402E840030073456246F6D124B9022005F06FF83C
S21402E850044608B31D22ED212046FFF74FFCA3799C
S21402E8600C332344A3F80380A3F80D702EB132684C
S21402E870C3F805207268C3F809200F3304AE2A468F
S21402E88003CAB24218605960154603F10803F6D16E
S21402E8902046EBF7D9FC012004B0BDE8F08113B5A1
S21402E8A01321827901900C32841881544FF44072FD
S21402E8B0C280EBF75FFAA07020B901A804F0CAFE86
S21402E8C002B010BD8000013060700198EBF7BCFC0E
S21402E8D0F6E770B5064602200D4605F028F804460F
S21402E8E078B104220521FFF72BFC0022A3792046EB
S21402E8F00C332344A3F803605D719A70EBF7A4FC13
S21402E900012070BD13B5837901900C33C418C05C26
S21402E910EAF7C8FA20B901A804F09CFE02B010BDBE
S21402E9206378019913F0300F0CBF012200228B7915
S21402E93004338B714B7962F300034B71EAF75CFF89
S21402E940ECE72DE9F041EBF7B9FC83790C33C418F8
S21402E950B4F803801FFA88F0EAF7A4FA054600B373
S21402E960A2796179FEF761FF0646EBF7ADFC074632
S21402E9700223324642F27A01FFF7ADFBBB793846F4
S21402E9803B44A3F81280EBF75FFC46B9A37933B198
S21402E9902846FFF711F901462846FEF7F8FDBDE8BE
S21402E9A0F0810226E1E700F007BE50E8003F0B4385
S21402E9B040E80032002AF8D17047704770B50E461C
S21402E9C01546EAF72DFC044648B93046EAF7E0F960
S21402E9D0044620B92846EEF7BFFC044640B10020A4
S21402E9E0EAF71EFC0020EAF7D3F90020EEF7B4FCA3
S21402E9F0204670BD4FF40010EEF7C8BFEDF7A6BE76
S21402EA00EBF74ABE4368143B4360A0230B60704793
S21402EA101AB94268A2EB530242600A6802EB83020A
S21402EA200A607047884210B518D8052816D9B1F57D
S21402EA30486F13D8B3F5FA7F10D240F67644A2F1A7
S21402EA400A0080B2A04209D801339BB24B435B0056
S21402EA50B3EBC20F94BF0120002010BD0020FCE7DC
S21402EA60C94350E8003F0B4040E80032002AF8D184
S21402EA707047002070472DE9F04104460F460026F5
S21402EA804FF00108214686F00100FEF7B5FD4FF46F
S21402EA908051FFF7E5FF836833B940460EB1BDE803
S21402EAA0F08101268046EDE7028ABA4206D10022AC
S21402EAB00121204698470028EFD1EFE70268D205E9
S21402EAC0EBD500221146F4E708B5FEF7ABFD0023AE
S21402EAD00380436008BD70B506460C46FCF7B6FEDA
S21402EAE005463046FEF79EFD30B103781C4304709F
S21402EAF04FF40070EEF74AFF2846BDE87040FCF778
S21402EB00ABBEEAF779BE07B542798DF8071022F058
S21402EB10030242F00302427140F203320DF1070192
S21402EB20C280012204F079FD03B05DF804FBF8B55B
S21402EB30174606460C461D46FEF76CFD020713D521
S21402EB4002213046FFF719F970B111212046FFF76E
S21402EB50DAFF2046EBF7A6FF45708770214630465F
S21402EB60BDE8F840EAF748BE28204FF08861C5F1B4
S21402EB702002A5F12003E94000FA02F220FA03F38C
S21402EB8011431943CB07E0D40D212046FFF7BBFF04
S21402EB902046EBF787FF4770E0E770B50C46054660
S21402EBA0072120461646FFF7AEFF2046EBF77AFF10
S21402EBB0214646702846BDE87040EAF71DBE38B5C5
S21402EBC00C4600210546FEF73DFD47F6FE73241A65
S21402EBD0A4B29C4205D928462821FFF713F9002043
S21402EBE038BD0120FCE738B504460D460146002034
S21402EBF0FEF702FD03689B0505D429462046BDE8BC
S21402EC003840FFF7DCBF002038BD2DE9F04115463D
S21402EC101F469DF81880FEF7EFFC0446FCF716FE2A
S21402EC20B8F1010F064623D154E8003F43F480733F
S21402EC3044E80032002AF7D105B354E8002F42F424
S21402EC40007244E80023002BF7D1FF212046FFF78D
S21402EC5007FF54E8002F48EA020244E80023002B8C
S21402EC60F7D13046A5602782BDE8F041FCF7F4BD37
S21402EC704FF480712046FFF7F3FEDDE74FF4007194
S21402EC802046FFF7EDFEE0E773B5064601200C4688
S21402EC90FEF7B2FC002305461A460093214630468C
S21402ECA0FFF7B3FF6B6863B14FF480712046EAF753
S21402ECB023F955E8003F43F4007345E80032002A82
S21402ECC0F7D1FCF7C3FD05462046FEF7ABFC28B19C
S21402ECD003881BB14FF40070EEF758FE284602B0C8
S21402ECE0BDE87040FCF7B8BD38B505460C46FEF7E1
S21402ECF083FC83684BB102212046002298472146B6
S21402ED002846BDE83840FFF7BFBF38BD012938B5F1
S21402ED1005460C4608D0CC1E012C03D8014601201D
S21402ED20FFF7E2FF012038BD2221FEF7DAFC20467B
S21402ED302946FFF7D9FF0020F5E708B5FEF75CFC89
S21402ED40006800F0F00008BD10B501460446012038
S21402ED50FFF7F3FF20B92146BDE81040FFF7EDBFED
S21402ED6010BD70B506460C4601460120FEF744FC6F
S21402ED70314605460020FEF73FFC2B680268014636
S21402ED8043EA0200C0051ED49B0502F4007203D4B7
S21402ED909AB94FF0FF3070BD2B8A1B1B98B27AB11E
S21402EDA0098A091B89B28842A8BF08464FF6FF7334
S21402EDB0984208BF4FF0FF30EDE74FF6FF70EFE7DF
S21402EDC04FF6FF71EFE70120E5E72DE9F341044630
S21402EDD00191014601201546FEF70EFC2146064625
S21402EDE00020FEF709FC80462046FEF70EFC810650
S21402EDF006D501A804F02EFC0C2002B0BDE8F08176
S21402EE00FCF724FD336807469A0503D4D8F8003089
S21402EE109B0509D50199301D8D6004F0ABFC384680
S21402EE20FCF71AFD0020E8E7FCF716FD20460199DC
S21402EE30A847E2E738B5014604460120FEF7DCFBA8
S21402EE4005460C3004F006FC281D04F003FC21469F
S21402EE500020FEF7D1FB04460C3004F0FBFB201D1D
S21402EE60BDE8384004F0F6BB70B501460546012001
S21402EE70FEF7C2FB0646043004F069FC044670B195
S21402EE804FF400713046FFF7EBFD21462846A36893
S21402EE90984720B12046BDE87040FBF7CDBF70BD55
S21402EEA000238260C0E90031704708B50B46014670
S21402EEB01846FEF7A1FB0068C0F3402008BDFFF726
S21402EEC025BFCB1E012B70B504460D46164606D846
S21402EED01A21FEF706FC40212046EAF70DF83246D4
S21402EEE029462046BDE87040FFF710BF38B50446F5
S21402EEF00D46FEF7E2FB28B1012D04D12221204661
S21402EF00FEF7EFFB002038BDF8B50C468B790746B6
S21402EF100B44D3F80D60D3F811303246EAF74EFCB4
S21402EF2009212046FFF7EFFD2046EBF7BBFDA5794A
S21402EF30EBF7DEFC0C3566F0FF0625440640C5F806
S21402EF400160EBF7D5FC3846C5F805102146FFF7F9
S21402EF50D8FD02213846FFF7BEFDF8BD70B50E4655
S21402EF60054601460020FEF747FB012E044603D065
S21402EF70022E11D0012070BDC16828468B79194433
S21402EF800D31FEF73BFCE068FBF756FF00202946F2
S21402EF90E060FFF779FEEDE7C068FBF74DFF002360
S21402EFA0E360E7E738B50D46044601460120FEF762
S21402EFB023FB012D08D100F112012046FEF71EFCAC
S21402EFC021462846FFF760FE012038BD08B5FEF749
S21402EFD01CFBC0F3C00008BDF8B50C460746FFF799
S21402EFE0F5FF80F00106F6B239463046FEF704FB1E
S21402EFF00546C068012C837903D0022C1BD0012061
S21402F000F8BD0C33C41823893846E288A188FEF777
S21402F010CDFC618862784900384689B25200FEF714
S21402F0202CFBE868FBF708FF002339463046EB6006
S21402F030FFF72AFEE3E7FBF7FFFE0023EB60DEE7BF
S21402F04008B5FEF7E7FA00F0010008BD38B50C4631
S21402F05002210546FEF7E0FA0C212046FFF753FD93
S21402F0602046EBF71FFD4FF0FF3383700223C37079
S21402F0700D2343706FF02F0303710523214643715E
S21402F0802846BDE83840FFF73CBD042910B50446C3
S21402F09001D0002010BDFFF799FFC0F10200EBF788
S21402F0A0CDFB0028F5D104F042FC014608B9022047
S21402F0B0F0E72046ECF706F80028F8D10120E9E749
S21402F0C008B5FEF7A2FAC0F3C00008BD2DE9F0416C
S21402F0D00F4604469046FFF7F3FF80F00105EDB2B7
S21402F0E021462846FEF788FA012F064603D0032F4C
S21402F0F00FD001200BE02046FEF726FF22212046F5
S21402F100FEF7EFFA28462146FFF7EEFD0020BDE89F
S21402F110F081C068FBF790FE00232046F360FEF7FE
S21402F12013FF20465FFA88F1FEF7DBFA204620211D
S21402F130E9F7E2FE21462846FFF7D6FDD9E7F7B5FE
S21402F140014604460020FEF757FA054600F112076C
S21402F1504FF48060EBF772FB50B92046E9F7B6FE33
S21402F1603A46698B80B203B0BDE8F040FFF73ABB7F
S21402F1702046E9F7ABFE064620466D8BFEF743FABD
S21402F18000220346009229463A46B0B2FFF749FBF0
S21402F19003B0F0BD83781A2B09D81B23837002882C
S21402F1A0B2F5A47F07D24FF4A473038007E0FB2BCB
S21402F1B0F5D9FB23F2E744F290239A42F5D870473A
S21402F1C0F0B50446CA798B7987B043EA0223ADF8D4
S21402F1D00C308B8803A88DF80E30CA788B7840F6F0
S21402F1E0480543EA0223ADF810300B8805A98DF8CE
S21402F1F01230FFF7CFFF04A8FFF7CCFF2046FEF73A
S21402F20031FE0B212046FEF7E7FD44F2902300284C
S21402F21018BF1D46BDF80C709DF80E30BDF8146080
S21402F220BDF810209DF816009DF81210AF42D4BF0C
S21402F23000970095FB2BA8BFFB23B242A8BF32461D
S21402F2408142A8BF01462046FEF723FC07B0F0BD68
S21402F25037B5144605461046FFF755FC2046EBF731
S21402F26021FC01A904462846FEF7FCFD0B21284690
S21402F270FEF7B2FD6FF004036370002344F290229F
S21402F280A37040F64803002818BF1346A4F80330BC
S21402F2909DF80630A4F80530BDF80430A4F807300F
S21402F2A003B030BDFFF732BD022973B505460C46E2
S21402F2B003D00024204602B070BD0521FEF75DFD96
S21402F2C00028F6D0EAF742F91B28F2D94FF400409C
S21402F2D0EBF7B4FA0028ECD104F029FB0646002826
S21402F2E0E8D0284601A9FEF7BDFD314628469DF81E
S21402F2F00630BDF80420ECF723F90028D9D1012402
S21402F300D8E730B190FAA0F00123B0FA80F083403B
S21402F310D8B2704770B50646FEF77CF980F0400416
S21402F32002060546C4F3801406D408213046FEF7CA
S21402F33039FD08B144F00204EB0506D40B21304631
S21402F340FEF730FD08B144F00404204670BD2DE9F6
S21402F350F843044691460F46FEF75CF9C0F34015A3
S21402F3602046FEF726FC214680462846FEF744F94C
S21402F370494606462046FEF7B4F998F80110384684
S21402F38001F00F0100F0BCF9062814BF0146002167
S21402F3902A462046FEF7B1FB21462846FFF774FCB4
S21402F3A020212046FEF73BF956E8003F43F48053FF
S21402F3B046E80032002AF7D1BDE8F883F8B50E46D3
S21402F3C004461546FEF726F9032EC0F340170DD065
S21402F3D0042E16D0012E12D122212046FEF781F9E4
S21402F3E038462146FFF780FC0020F8BDEAB200212D
S21402F3F02046FFF7ACFF21463846FFF775FC012092
S21402F400F3E70C22F3E7012910B504460BD1FEF709
S21402F41001F92146C0F34010FEF7EEF80022817C87
S21402F4202046FFF794FF012010BD2DE9F7430F4653
S21402F4300546FEF7EFF800F02009C0F3401828460C
S21402F440FEF7B7FBBB790C333B445E789B781E40D5
S21402F4500378C3F3030000EA13103040FFF751FFAE
S21402F460044648B9B9F1000F06D12846FFF752FF05
S21402F4703040FFF746FF04462846FEF79DFBEDF7B1
S21402F48041F8A04223D01CB302212846FEF7DAF840
S21402F490002106462846FEF727FA18213846FFF7C7
S21402F4A032FB3846EBF7FEFAB6B239464470847041
S21402F4B0A0F803602846FFF724FB23462246294687
S21402F4C040460096ECF776F803B0BDE8F0830024D9
S21402F4D02646E2E770B504460D46FFF735FC28B926
S21402F4E029462046BDE87040FFF79FBF40282946C0
S21402F4F02046BDE870404FF0160314BF2A2223228E
S21402F500FFF715BB38B505460C46FEF783F88306AB
S21402F51004D42046BDE83840FBF78EBC2146284678
S21402F520BDE83840FFF781BF73B58C7906460C34C8
S21402F5300C440D46FEF76EF8A278C0F34010032A7C
S21402F54014D0052A28BF00226378032B10D0052B7F
S21402F55028BF0023B4F8031000913146ECF72AF8CE
S21402F560284602B0BDE87040FBF766BC0022EBE717
S21402F5700023EFE708B58B790B441B7B162B03D0D1
S21402F580172B05D0002008BDFFF7A4FF0120FAE7DD
S21402F590FFF7B8FFFAE708B58B790B441B7B162BEF
S21402F5A003D0182B05D0002008BDECF72DF801205B
S21402F5B0FAE7FFF7B9FFFAE770471FB54A1E042AB3
S21402F5C003460C465FD8012902D1008804B010BD5C
S21402F5D0022905D100885B88984238BF1846F5E7AD
S21402F5E04A00014601A803F02DFC032C07D1002394
S21402F5F0ADF80A304FF6FF73ADF80C3001E0042C7C
S21402F600F8D0BDF80620BDF80430934284BFADF8AA
S21402F6100630ADF80420BDF80A30BDF80C2093423F
S21402F62088BFADF80A20BDF80A2088BFADF80C30B6
S21402F630BDF80430934288BFADF80A30BDF8062004
S21402F640BDF80C309A4288BFADF80630BDF80820E7
S21402F650BDF80630934284BFADF80830ADF80620F8
S21402F660BDF80A30BDF808209A4288BFADF80830C7
S21402F670BDF80820BDF806309A4238BFADF808300B
S21402F680BDF80800A2E74FF6FF709FE710B5418964
S21402F69004468389C2890846FFF7C4F9E0B1E279D5
S21402F6A0531E072B19D86389934216D922899A4288
S21402F6B013D8237C43B9637C33B9A37C23B9E07C9B
S21402F6C010B9237D0F2B07D9607D1B3000F01F0079
S21402F6D00B288CBF0020012010BD0020FCE708B5D7
S21402F6E0EDF766FBBDE808400020EDF7CFBBC94347
S21402F6F050E8003F0B4040E80032002AF8D170473D
S21402F700022808D0042803D0012818BF0620704714
S21402F71001F00101C81C7047EDF71CBF0A2802D889
S21402F7200130C0B27047242801D80230F9E72528F4
S21402F73005D0262805D0272818BFFF2070470020AE
S21402F74070470C20704708B5ECF758FFBDE8084034
S21402F7504FF00060EEF71AB908B5EDF701FF20B1D9
S21402F760BDE808401020FFF7EEBF08BD704770479F
S21402F7707047704770470020704770477047704761
S21402F78070477047104619467047002000217047A0
S21402F79002F099BFF4F7DAB803F04DB808B5EDF702
S21402F7A02FF920B1BDE808400420FFF7CCBF08BD02
S21402F7B0F0B587B00D4616468DF8070002B9A3B31A
S21402F7C029469DF80700FDF7CAFB0446B8B9294644
S21402F7D09DF80700FDF7C7FB40BB16B39DF8071060
S21402F7E0003918BF012128460DF10F02EDF774FD0E
S21402F7F0F8B99DF80F40013418BF012416E004AF93
S21402F800012239460DF10700FDF7ABFB04464EB167
S21402F8109DF80730191E18BF0121002818BF3D4663
S21402F820E1E70124FDF78CFB00B90124204607B06E
S21402F830F0BD4FF0FF34DEE737B50246136A0846DE
S21402F84003F4007403F40015DB0505D47CB9EAF76B
S21402F8501BFF204603B030BD4CB9B5FA85F4D2F88A
S21402F860551064090160B2F859208280F1E70190D0
S21402F87092F95430B5FA85F4009300231A461946D5
S21402F8801846FDF766FB6409E3E7704770470246D1
S21402F89019460020EDF7FEBB002070470020704797
S21402F8A007B500214FF0FF336A46084600938DF8ED
S21402F8B00430EDF785FD03B05DF804FB38B5054668
S21402F8C0006803F069FD0446287900F01F0003F083
S21402F8D063FD2044C0B2012894BF0020012038BD39
S21402F8E07047914270B50D4614461E4609D2FFF780
S21402F8F013FF641B013490FBF4F303FB140005446E
S21402F900ACB23480FFF708FF33880133B0FBF3F262
S21402F91002FB1300049B188070BD70477047704747
S21402F92008B5202000F0D4FE003818BF012008BD1C
S21402F93008B5FFF7F5FF20B1BDE80840202000F02B
S21402F940CFBE08BD73B506460D461446D2B100F0CA
S21402F950BCFEA84218D8304600F0CCFE0146019004
S21402F960A0B100232A46204603F06AFE01A803F04F
S21402F97071FE2246022052F8041B00F068FE0020A8
S21402F98002B070BD2220FBE72120F9E72D20F7E721
S21402F99008B5FAF783FF08B1012008BD00F064F845
S21402F9A0FAF784FF0028F7D1EFF7B8FE003818BF41
S21402F9B00120F2E708B5EDF797FF00280CBF0420F8
S21402F9C0012008BDEDF79EBF0020704730B5044603
S21402F9D0154687B00846FFF713F8122200210DF1EC
S21402F9E0060003F0DBFAA368ADF804500293E3685E
S21402F9F00393E38BADF81030238CADF81230FFF78B
S21402FA00E3FF029B8DF8140043F41053029300F0B8
S21402FA10CEFD18B1029B43F004030293029B01A899
S21402FA2043F480330293EAF71BFF10F0FF0516D16A
S21402FA30A38C0DF10201ADF80030E38C6846ADF8F8
S21402FA40023000F04CFDEDF7F9FFFEF7D7FF01217B
S21402FA5002F01CFDEFF73EF8284607B030BD40F234
S21402FA600C40FAE7EDF7FABFFCF764BDE8F732B8E8
S21402FA7070470020704700207047532838B5054667
S21402FA800C4604D1BDE83840084600F0E2BC062029
S21402FA90FBF780FB68B96379142D03F03F036371AB
S21402FAA004D0722D08D163F03F0363710020A57164
S21402FAB038BD40F20740FBE72120F9E71FB550F8B2
S21402FAC00C4BADF80A3094F87040069BADF8061061
S21402FAD08DF8082040F2035101AA8DF804400393E2
S21402FAE003F0EDFC10B906A803F0B4FD04B010BD97
S21402FAF02DE9F0414FF0000886B004460E46154642
S21402FB00CDF80C8000F1440712B303A803F0A2FD5F
S21402FB10384603F09FFD84F81C800023324600938B
S21402FB2018212B46204600F06AFF05F58855204628
S21402FB3050F80C3B40F2055193F8703004AA8DF849
S21402FB401030059503F0BBFC002006B0BDE8F0813E
S21402FB5043691A0710D4A846384603F099FD0346AF
S21402FB600390C0B903A803F075FD384603F072FD92
S21402FB700023237755B1D0E723F00803436103A897
S21402FB8003F068FD384603F065FD2577204600F051
S21402FB90B2FF0025CBE79979204601F10C021A4400
S21402FBA0B2F801600531B2F803209971314601F0CE
S21402FBB0C4FCCDF80C800028CED00546D2E72DE94D
S21402FBC0F84F0E4691469A4605469DF828B010B163
S21402FBD0037C012B60D0284601F0C6F9304601F0BE
S21402FBE03FFB002231468046284601F0ACFB074622
S21402FBF0304601F02EFE42F6052398421CD118F03C
S21402FC00300F26D1BBF1000F33D018F0200F3FD0B3
S21402FC10BA073FD5EB8B002B38D153464A463146BE
S21402FC20284600F09AFF0446E8B940F20A41284600
S21402FC30EE8301F0A7F916E0284601F04AFA0028FA
S21402FC40DDD0284601F05AFA0028D8D041F2121424
S21402FC5009E0B907D6D03146284601F010FC002844
S21402FC60D0D000F58854284601F083F92046BDE836
S21402FC70F88F18F0100F0BD0FB070BD553464A46E9
S21402FC803146284600F046FF0446ECE70524EAE73C
S21402FC902124E8E70224E6E70724E7E72DE9F04710
S21402FCA0002586B09DF8389090F81CA004460F46B2
S21402FCB090460F9E0577B9F1000F09D00A464B46CB
S21402FCC05146009600F09BFE284606B0BDE8F08737
S21402FCD0BAF1080FADF8169026D145893246043D92
S21402FCE0ADB29D424FF002014FF00900A8BF1D467B
S21402FCF000F016FE0222814605A93046ADF81470C1
S21402FD0003F0C0FE2A464146304603F0BBFE0546D7
S21402FD10831C3146204689F80130EFF7F1FEADF834
S21402FD201650BDF81600D0E7BAF10A0F0DF116020A
S21402FD300CBF0B210D21CDE901620093012243463F
S21402FD4000F081FE1A28ECD111233A46514620468D
S21402FD50CDF80090ADF8169000F051FEE1E7F0B550
S21402FD60002589B01746012204460E460393ADF8D5
S21402FD70165001F017FB8DF81500002846D13046C4
S21402FD8001F088F910B1304601F046FA304601F02B
S21402FD9077FAB8B103A803F05DFC204650F80C2BA6
S21402FDA0237F92F8702040F202518DF8182006AA9E
S21402FDB0ADF81A608DF81C30ADF81E7003F07FFBAC
S21402FDC009B0F0BD0DF115030DF1160231462046BD
S21402FDD001F085FB9DF8153002465BB9BDF816307A
S21402FDE0BB4235BF0723DB1B8DF81530D21928BF5F
S21402FDF0ADF81630039B314601939DF81530204628
S21402FE000093BDF81630FFF749FFD9E72A46F1E717
S21402FE10F7B51E4600231360338004460D46174688
S21402FE2001F038F910B1204601F0F6F9214600201B
S21402FE300DF105030DF1060201F051FB9DF8054098
S21402FE4024B9BDF806402CB9002001E004F588501C
S21402FE5003B0F0BDAC4204D32844641B386034803F
S21402FE60F2E741F20710F3E770B504460D46164670
S21402FE7001F010F940B933462A46214601F05DFBEF
S21402FE8008B100F5885070BD41F20310FBE71FB5BC
S21402FE9050F80C4BADF80A3094F87040069BADF85B
S21402FEA006108DF8082040F2015101AA8DF8044090
S21402FEB0039303F004FB10B906A803F0CBFB04B0CF
S21402FEC010BD1FB550F80C4BADF80A3094F87040D0
S21402FED0BDF81830ADF806108DF8082040F204512F
S21402FEE001AA8DF80440ADF80C3003F0E8FA04B02D
S21402FEF010BDF0B5122785B0039207770222054699
S21402FF000E4601F04FFA044668B103A803F0A2FBBE
S21402FF1000232B77002332460093122123462846DD
S21402FF2000F06DFD0FE0039A304693790333937128
S21402FF3001F0A6F948B1039B3A46009331462346A0
S21402FF402846FFF7BBFD05B0F0BD42F6293001F0AA
S21402FF50E7FBB04220D1039830B903A803F07AFB3E
S21402FF6000230D242B77D5E703F0F9FB80B2012896
S21402FF70F3D1039B28469A791344197B01F0E4F8DF
S21402FF80044603A803F066FB00232B77002CC1D19E
S21402FF90284600F077FDD6E7224631462846039BE0
S21402FFA001F0CBFA0446EFE72DE9FF410392042263
S21402FFB004460D4601F0F6F9074628B103A803F0F9
S21402FFC049FB04B0BDE8F0814FF05208039A284678
S21402FFD093790333937184F81C8001F051F9064635
S21402FFE040B1039B4246009329463B462046FFF714
S21402FFF065FDE6E742F6293001F092FBA842039B34
S2140300000BD19A7920461344197B01F09DF803A877
S21403001003F020FB00232377D3E732462946204606
S21403002001F08BFAF6E72DE9FF418B7904460C3392
S2140300300B44B3F801700E463846B3F8038001F05C
S21403004007F9002858D002223946204601F0AAF9BB
S2140300500546E8B9384601F013F968B11622227747
S214030060B37939460533B371204643460096FFF706
S21403007025FD04B0BDE8F081FAF774FE33461B682D
S2140300800135EDB2002BFAD10635A8421DDC092551
S21403009004F1440003F0DEFA2B463A4616212046C6
S2140300A0009600F0ACFC092DE3D1204650F80C3B3B
S2140300B040F2055193F8703002AA8DF8083041F2E9
S2140300C00913039303F0FBF9D3E70121304603F04A
S2140300D0A4FC01460028DAD004F1440003F04AFBEE
S2140300E0B37942460533B37139463346204604B0E6
S2140300F0BDE8F04100F0D5BC0125C9E713B50446B9
S21403010041B9443003F0A6FA204602B0BDE81040D9
S21403011000F0F1BC18224369027713F0080306D0F7
S214030120002319460093FFF7C9FC02B010BD1A4618
S214030130194602B0BDE81040FFF7DABC7FB5C58BA1
S21403014004462DB342F6052001F0EAFAA84207D189
S2140301500021204600F0D9FF636923F001036361A1
S214030160002640F20A41204600F012FF29460DF110
S2140301700E022046ADF80E6001F0E5F8BDF80E203D
S21403018003460092294602222046FFF79AFEE6839C
S21403019004B070BD2DE9F74305460F46904601F0BF
S2140301A057F898B3284601F05BF810F0300F30D0BC
S2140301B0284601F055F80646002000F05EFF044688
S2140301C006F010091CB9204603B0BDE8F0830022F0
S2140301D02946204601F0B7F8B9F1000F01D0C10750
S2140301E012D4B20617D5830715D5012300933A46D2
S2140301F0434629462046FFF7E2FC1A28E4D0204669
S21403020000F03BFF0446DDE70023EFE741F2011071
S214030210DAE72120D8E70220D6E7F7B504461F46DB
S2140302200E46154600F0A0FE237C012B58D0237FF4
S214030230182B2CD063691B0713D5217F16292DD0C5
S21403024008D8122914D00225204600F092FE28462C
S21403025003B0F0BD18291AD05229F4D1002323770E
S21403026013E0304601F00CF80028E6D12125EBE731
S2140302700023237735B1009332462B46204600F001
S214030280BEFB02E0204600F0FDFB0025DCE72A4625
S21403029031462046FFF72CFC0546D5E70023237797
S2140302A0002DE8D105211720BDF82430089A0095C3
S2140302B000F05AFB20B91123324612210095DDE7E0
S2140302C000F00FFB6269034642F00802626182791E
S2140302D03146053282713A46204600F0E2FBD4E707
S2140302E00725B1E72DE9F041054688B042F605201B
S2140302F001F016FA064604A8F0F710FC102205F1E2
S21403030021010DEB020002F01FFE50B10121284629
S21403031000F0FBFE284601F0B5FA6B6923F00103F3
S2140303206B6142F60303022003A9ADF80C30F0F725
S2140303303DFD012407464FF0000820463A464FF697
S214030340FF7101F0B2F9044610B908B0BDE8F081B8
S21403035000F07EFF0134A4B20028EED0A64203D1FB
S21403036031462846EDF708FD214628460DF10E02D4
S214030370ADF80E8000F0E7FF03460028DDD0BDF899
S2140303800E202146009228460122FFF79AFDD4E765
S21403039008B5F0F7B1FB0020EEF77CF9002008BDA6
S2140303A010B90120EEF76ABA70470220EEF75CBA7E
S2140303B00020EEF759BA38B50C460546E9F77EFF36
S2140303C04379C47523F0030343F0030343710923FE
S2140303D0837104F10C03C371A0F81550153038BDB2
S2140303E02DE9F3410D4616468046E9F767FF05F10A
S2140303F00C03C3714379044623F0030343F003035A
S2140304004371092301908371A0F8158000F1150745
S214030410304603F0A4F933460544E5753BB901A815
S214030420314603F0A7F9384602B0BDE8F0815A79A1
S21403043022F0030242F002025A711B68EEE708B587
S214030440E9F742FF83790C33184408BD7047002050
S21403045070470F20704770470020704713B5044657
S21403046001A8019103F0F6F802220821002003F008
S214030470CCFA024648B1052183790C331844D1548B
S21403048041700621204601F0E4FA02B010BD8368ED
S21403049043F4007383600020704770477047002062
S2140304A07047704708B5EEF737F9F0F775FFEDF7C5
S2140304B029FBF0F7EBF9BDE80840FFF779BF10B565
S2140304C00446EEF7A9FA20B92046BDE81040FAF72D
S2140304D043BB2046FAF740FBFFF767FFF1E773B528
S2140304E00E4603F07AFB044600BB42F6072001F0F3
S2140304F017F90546D0B10A22B6F900300021002BC1
S214030500CBBF0533053BB3FBF2F393FBF2F35BB2CE
S2140305108DF8073001230DF10702184603F0DFFAC2
S214030520002203462946104601F007F8204602B08B
S21403053070BD430803F05503C01A00F03303C0F33D
S214030540850000F03300184400EB101000F00F0095
S2140305507047002110B5421D441E14F8010FFFF723
S214030560E8FF94420144F8D1084610BD0078EFF73F
S2140305703DBB13B50C460DF107020DF10601EFF76F
S21403058025FC30B19DF80600031B5842584102B0C3
S21403059010BD0120FBE770477047EEF7ADBE70470E
S2140305A070477047704700F005BB704770470020E0
S2140305B07047704770477047F8B504460F461646AF
S2140305C013680A461D0A0021043502F0E7FCEDB263
S2140305D021222046394602F08BFF2046294603F0A7
S2140305E010F8A27933681444E360F8BD7047704787
S2140305F070477047704702464FF482712020FFF71A
S214030600A1B9014608B500F03800EEF7BBFF78B194
S214030610D0E901324078C1F3074110F0020F08BF5A
S2140306201346043B53F8040F10B102788A42F9D1FB
S21403063008BD38B505460C4604B938BD013C55F827
S21403064024301B69002BF7D09847F5E770477047AF
S214030650F8B543780546DB0701D4EEF7D5FF002649
S2140306606B786F6823F00C0343F002036B7057F844
S21403067026402CB9202005F10C01FAF727FC0FE0E1
S214030680A3680136002BF2D0984704460028EED024
S21403069031463846FFF7CDFF6B7823F002036B70C5
S2140306A02046F8BD4078C0F340007047437813F007
S2140306B00E0F0CBF01200020704710B5EFF70EF8A1
S2140306C00446EFF723F8204610BD4FF482707047B8
S2140306D008B5EEF757FFC068003818BF012008BDFD
S2140306E008B5EEF74FFF20B1BDE80840C06802F03A
S2140306F0E2BF08BD38B5EEF745FF044650B1FBF739
S214030700A5F8054604F10C0002F0C2FF044628468D
S214030710FBF7A2F8204638BD37B58379019003442A
S2140307200446D86800F03800EEF72CFF054628B9D3
S21403073001A802F08FFF022003B030BD204602F06E
S21403074093FFFBF783F80446019905F10C0003F0C9
S21403075011F82046FBF780F8EDF7D4F80020EBE716
S2140307602DE9F04104461F462502C4F3072305F48A
S214030770E06524F47F441D4324F0C704EE1944F0D7
S21403078080048B7944EA16243602B6B20C3334431B
S214030790084601EB0308CC501146FFF7BDFF20B90E
S2140307A04544EF704046BDE8F0814FF00008F9E796
S2140307B0427810B50432044601F00400D2B2002198
S2140307C040F0290003F021F918B183792268034425
S2140307D0DA6010BD10B50021FFF7EAFF044608B93A
S2140307E0002010BD0179FFF797FF0028F8D1A37901
S2140307F00C33E018F5E72DE9F04117461A4603686F
S21403080001F004011C0204F4E064C3F307231C4351
S21403081041F02905043406463B462146284603F0A4
S2140308205EF9804650B1E1B202F054FF3B462A46D9
S21403083041463068BDE8F041FFF792BFBDE8F0815E
S2140308402DE9F341002401F004010768064641F050
S2140308502905106829461460019002F005FF0198E7
S21403086002F07DFF390201F4E061C7F3072739433D
S21403087080460122043101A803F096F830B101A89E
S21403088002F0E8FE204602B0BDE8F08143462A4661
S21403089001993068FFF764FFF5E77047002307B553
S2140308A0CDE9003369468DF802004FF0FF3001F0C2
S2140308B089FE03B05DF804FBA0F86E1070470123B1
S2140308C08B4090F87110194380F87110704708B583
S2140308D00120FAF767FAC0B208BD83790C331844CF
S2140308E070471438704710B50446A1F1140002F09F
S2140308F036FF201A20EAE07080B210BD70B51C46A1
S2140309000D461646FFF7EFFFA04207D322463146B1
S214030910A5F1140003F0B6F8012070BD0020FCE733
S21403092070B506460D4614467AB90A46204608218F
S21403093003F06BF8044690B92A460821292003F0F1
S21403094064F8044658B9204670BD104602F082FE8D
S214030950204602F0E0FF08231D44A371E571A37946
S2140309600C331C442670EEE72DE9F0411646069A32
S214030970074688461D46FFF7D3FF0446F0B11438F2
S2140309802A463146069003F07DF8854217D9069B22
S21403099006A81C7904F0200402F05CFE74B94246F3
S2140309A00821292003F031F82A463146069003F041
S2140309B069F8854206D906A802F04CFE00242046B4
S2140309C0BDE8F081069A93790C33D418D754F6E72A
S2140309D011B11439EFF794B81A20704738B50022CE
S2140309E004460D4602200321FFF79AFF014608B18D
S2140309F0A0F801502046BDE83840FFF7E9BFF8B538
S214030A0004460F46164605210120069A1D46FFF7A3
S214030A1087FF014638B14770468005712046BDE81A
S214030A20F840FFF7D5BFF8BD38B50D460321044699
S214030A300846FFF775FFA0F8015001462046BDE8BB
S214030A403840FFF7C5BF73B50546084611466C899F
S214030A501A46641ABDF81830A4B29C4228BF1C4636
S214030A60079B089E00932346FFF77EFF014630B19F
S214030A702846348002B0BDE87040FFF7A9BF1A20AD
S214030A8002B070BD012110B5002204461320FFF703
S214030A9047FF014620B12046BDE81040FFF798BF48
S214030AA010BDF7B54489054618460F46164601930A
S214030AB002F055FE053CA4B2844203DA011B01A8EA
S214030AC002F098FE0521019802F035FF014628B989
S214030AD001A802F0BFFD1A2003B0F0BD83790C33E2
S214030AE0C2181720C8542846A2F80170A2F803605B
S214030AF0EFF706F8F0E7012110B5002204461920A7
S214030B00FFF70EFF014620B12046BDE81040FFF771
S214030B105FBF10BD73B50E46002144890546033CEE
S214030B20A4B2A342009128BF234603211B20FFF74C
S214030B301BFF014670B1012210F80F3CA0F80160BC
S214030B4062F3071300F80F3C284602B0BDE8704076
S214030B50FFF73EBF1A2002B070BD73B50E460021E4
S214030B6044890546033CA4B2A342009128BF23460A
S214030B7003211D20FFF7F8FE014638B1A0F80160F7
S214030B80284602B0BDE87040FFF722BF1A2002B025
S214030B9070BD4B88042B07D1836C08885B89984209
S214030BA08CBF00200120704700207047002070474C
S214030BB000F004B80020704700F002B80E2070471B
S214030BC00020704710B50446806920B10021EEF777
S214030BD0D3FE0023A36110BD38B5A0224FF4A07343
S214030BE00025C0E907230723044680F83130C58172
S214030BF08571103002F02EFD04F1140002F02AFD78
S214030C002046FFF7DFFF40F20113E3857F2384F8D6
S214030C1032302046A5626562BDE83840FEF728BF3D
S214030C2007B501228DF807100DF1070102F02AFF20
S214030C3003B05DF804FBF7B505464FF428500C46A1
S214030C4000F06EFD064600F003FBB0B3022C02D89C
S214030C50002003B0F0BD002731460DF105030DF16A
S214030C6006023846ADF8067000F039FCBDF80620DB
S214030C70631E934206461EDC072C1AD9023CADF8C7
S214030C8006400824BDF80630002BE1D00133D9B264
S214030C902846FFF7C5FF21462846FFF7C1FF314622
S214030CA02846BDF8062002F0EDFEBDF80600023029
S214030CB0CFE7ADF806700924E4E74FF0FF30C8E746
S214030CC002292DE9F34104460D461746184603D874
S214030CD0002002B0BDE8F08100F022FD064600F0D9
S214030CE0B7FA0028F4D04FF0000831460DF105039B
S214030CF00DF106024046ADF8068000F0F0FBBDF8A5
S214030D000630BDF820200646934228BF1346AB4262
S214030D1028BF2B469DF80500ADF80630C0B9002B5A
S214030D20D7D001339AB29542D3D9D9B22046FFF72A
S214030D3077FF39462046FFF773FF31462046BDF856
S214030D40062002F09FFEBDF806000230C0B2C0E7E0
S214030D504046BEE738B50446EEF77AFF38B10229B7
S214030D6005D82046BDE838400022EFF7FFB821201B
S214030D7038BD91F8393073B55B0706460C46154601
S214030D802DD40846EEF702FF6B1E042B16D8032D50
S214030D9014D0A379142B24D0A3697BB90093ADF8A0
S214030DA004308DF80630ECF767FF6946EEF75AFD18
S214030DB018B91A25284602B070BDA061636AE573A8
S214030DC043F016036362ECF7D7FE3046EFF724F8DA
S214030DD005460028EED02046FFF7F4FEEAE7022594
S214030DE0E8E72125E6E7002337B580F8723040F6BA
S214030DF0FF73A0F86E3083680446DA040D46C160BC
S214030E0010D443F480636A46A36040F2032120466D
S214030E10CDE9004502F053FB00212046EEF7ACFD7A
S214030E2003B030BD90F87600EFF7FCF9A36823F41F
S214030E308053E8E773B56E4604464A7930460D4656
S214030E400631ECF75FFF96E80300A4F85010090C90
S214030E5011F0800FE06484F8521004F1530312D0AB
S214030E600122184605F11201ECF74CFF0C35284613
S214030E70FFF76FFB28B10122294604F15A00ECF76D
S214030E8041FF02B070BDB4F8501094F85220C4F875
S214030E90530099809A71E9E71FB590F874200446C9
S214030EA002F0010301908DF808300BB102F0020343
S214030EB08DF8093094F8753020468DF80A30039182
S214030EC0FFF7C9FA4FF4017101AA204602F0F7FAB8
S214030ED02046EEF7DDFD04B010BDEEF725BDFFF7A7
S214030EE0F6BC0A460021F0F795B813220121F0F765
S214030EF091B8826838B5C2F380320446B0F86E0003
S214030F000D46F0F7FDF820B9A3681DB143F400536E
S214030F10A36038BD23F40053FAE70020704710B5EA
S214030F20044660B1806C50B1EFF7C4FCA06C002897
S214030F30FAD12046BDE810400321EEF71DBD10BDD3
S214030F40438907B58B420CD050F80C2B40F2014175
S214030F5092F87020ADF806308DF8042001AA02F04E
S214030F60AEFA03B05DF804FB436943F00403436140
S214030F707047436923F00403436170474069C0F335
S214030F808000704747F2305300220068F9F7AABD85
S214030F90006802F031BA38B5436904469B070D462C
S214030FA003D540F20941FFF7F3FFEEF7C1FD08B1A1
S214030FB0A3691D702046BDE8384040F20941FFF79B
S214030FC0E1BF07B5027C012A09D00122027440F270
S214030FD00942914206D040F20A4291420ED003B033
S214030FE05DF804FB4FF4816150F80C3B01AA93F8BB
S214030FF070308DF8043002F062FAF0E750F80C3BDC
S21403100001AA93F870308DF80430F4E738B522F06F
S21403101000430D46114640F20322934204461AD07B
S214031020B3F5017F09D240F20122934213D040F276
S2140310300222934209D0002038BD6FF48162134424
S214031040012BF8D8FFF7BDFFF5E700F022F920469D
S214031050FFF748F9EFE763699B0704D540F20941B8
S2140310602046FFF795FF2846FFF759FFE3E708B545
S214031070EEF744FC00B1806C08BD08B500B100680B
S214031080EEF74AFC08B9034602E0836C002BF7D060
S214031090184608BD10B5044642F62A3000F040FB59
S2140310A0031B5842584110BD022806D142F62A3384
S2140310B00888C31A5842584170470020704710B535
S2140310C0044642F6293000F02BFB031B58425841D6
S2140310D010BD90F8200000F0010070471FB50446CD
S2140310E06846EFF71BFD1022694604F1210001F064
S2140310F02BFFB0FA80F0400904B010BD08B5FFF727
S214031100EDFFB0FA80F0400908BD70B5044600F163
S214031110210591B92846EFF701FD236893F9750079
S214031120FFF74AFD78B120682B46BDE870401022D1
S2140311300D2190F97500FFF73BBD102200212846CC
S21403114001F02CFFE9E770BD38B50446002390F89C
S214031150202041FA03F0C50703D442FA03F0C00780
S2140311601ED40133082BF4D101F0010523682A436A
S21403117084F8202093F97500FFF71EFD40B123463F
S21403118053F8200B01220C2190F97500FFF710FD90
S2140311900DB9002038BD00212046FFF7B6FFF8E75B
S2140311A01320F7E768B13F290AD800EBA10090F8AF
S2140311B0310001F003014900084100F003007047C5
S2140311C00020704710B50368044693F97500431C66
S2140311D00DD0FFF7F1FC50B12346BDE8104053F89D
S2140311E0310B10220B2190F97500FFF7E1BC10BDFF
S2140311F010B590F87430DB0706D490F975300133D8
S21403120014BF0F20052010BD847CFFF748F98442E5
S21403121034BF0C200020F6E730B5044685B0684698
S214031220EFF77CFC1021684602F06EFC2046EFF7D1
S21403123087FE6B46C26804AD06321C4603CCAC423E
S21403124010605160234602F10802F6D105B030BDA6
S21403125008B5EFF775FE08B1EFF746FEC0B208BD56
S214031260013810B580B2EFF76BFE044608B90020CC
S21403127010BD408800F07FFB0028F8D0207BF7E7FE
S21403128008B5EFF75DFE18B1007AC31F5842584100
S21403129008BD70B5054655F8213B044693F975001D
S2140312A0431C04D12846BDE87040EFF737BCFFF770
S2140312B083FC0028F6D0234653F8310B10220B216B
S2140312C090F97500FFF772FC234653F8200B0122B2
S2140312D00C2190F97500FFF769FC20682B46BDE8E2
S2140312E0704010220D2190F97500FFF75FBC0130A6
S2140312F02DE9F04185B228460E46EFF721FE42F669
S2140313000217044642F603089CB12046EFF7ECFDAD
S21403131078B1204600F03EFBB84205D10EB12388D3
S2140313203380607BBDE8F081204600F033FB404508
S21403133002D14FF0FF30F5E70135ADB22846EFF79F
S214031340FFFD0446E0E72DE9F04707460E469046C4
S2140313500D4642F6021942F6030A0135ADB2284697
S214031360EFF7EEFD044678B1EFF7BEFD60B1204619
S21403137000F010FB484505D1237A072B04D1032040
S214031380BDE8F0875045E8D141463046FFF7AFFF4A
S214031390431C014604D03846BDE8F047FFF702BFBA
S2140313A00020EDE770B5054608461646EFF7C8FD7C
S2140313B0044608B9012070BDEFF796FD0028F9D062
S2140313C0F00713D4B10734D4720702D5A3885B079A
S2140313D032D516F0060F31D116F40060EBD0A38891
S2140313E013F4006F14BF00200620E4E7A388DA078F
S2140313F043D513F0700F0AD1980610D45806E1D5DA
S2140314002B6893F975300133DCD10820D3E72868BD
S214031410FFF7EEFEA388990608D50028CBD12A68E5
S21403142092F874209207E9D40520C4E70028C2D1B5
S214031430E4E7A3889907C7D40320BCE7A38813F47B
S214031440E06F09D198050FD45B05C5D52B6893F9D2
S21403145075300133C0D1D8E72868FFF7C9FEA388E3
S214031460990507D50028A6D12A6892F87420920712
S214031470EAD4D9E700289ED1E6E702209BE738B5F1
S21403148004460846EFF75CFD054608B9012038BD5B
S214031490EFF72AFD0028F9D0AB8813F4E04F0CD100
S2140314A0980412D413F48040F1D0236893F975009E
S2140314B0431C58425841C000E9E72068FFF798FEEE
S2140314C0AB88990408D50028E1D1226892F87420E5
S2140314D09207E7D40520DAE70028D8D1E2E72DE91A
S2140314E0F0474FF00009044683F800900846A2F838
S2140314F00090884616461D46EFF722FD074620B99C
S214031500012300202B70BDE8F08774B1EFF7ECFCE5
S2140315100028F5D04046FFF7D2FD30B1012385F809
S214031520009004F120003380EDE72B46324639461F
S2140315302046BDE8F047EFF77DBA2DE9FF410746A1
S2140315400846884616460393EFF7FAFC044638B96E
S21403155003A802F07FF80125284604B0BDE8F08111
S2140315601FB1EFF7C1FC0028F2D0237A072B05D86A
S214031570DFE803F017262F381C17172126BB03981E
S214031580002835D13246257A022D62D0032D64D049
S214031590012D3BD0002F7FD1002503A802F05AF877
S2140315A0DAE703A802F056F80325D5E703A802F006
S2140315B051F80625D0E703A802F04CF88025CBE7C0
S2140315C0E3685D88B54209DA03A802F043F8072505
S2140315D0C2E7E3689A88B242F6D35D88039840B9B7
S2140315E0024609E0022EEFDC039868B90246CAE712
S2140315F0354602F0B4F882B29319AB42C3DD03A8B2
S21403160002F028F80D25A7E70225F2E7E068063082
S21403161000230399304402F013F8002FBCD0237A3A
S214031620032B39D103A802F015F800212046EFF763
S21403163041FC68B30588617B3846FFF7B3FD01229A
S214031640034629463846CDF80080FEF73AFC0025C7
S21403165082E7E068B3188380D9E7039B9A79D97940
S214031660891AC9B2481E012810D8134402291A7BC6
S21403167004BF5B7B42EA0322237B32EA03038CD15B
S21403168001233846617BEFF7ABF9C6E70D2584E700
S21403169008F1FF35ADB2CEE7039B414600933846CB
S2140316A033463A7FFEF7F3FBD1E7884270B504462C
S2140316B00D46164611D8012838BF01242046EFF7F9
S2140316C03FFC10B14388B34208D00134A4B220468D
S2140316D0EFF71AFC08B1A542F0D20024204670BDED
S2140316E070B50C4616461D460146B8B1B3B1022C7A
S2140316F001D0102C12D1E0B2EFF758FB4FF6FF7172
S2140317008842024602D141F20A1070BD3046FFF706
S214031710CCFF0028F7D028800020F6E72120F4E746
S214031720002307B50122ADF80400ADF80630022108
S2140317300DF1060301A8FFF7D3FFBDF8060003B0BB
S2140317405DF804FBF8B50F461646441CA4B22046C3
S214031750EFF7F6FB10B9013CA0B2F8BD00F01AF99A
S2140317600546304600F0F2F820B1284600F0EEF8C1
S2140317700028F0D1304600F0E2F820B1284600F009
S214031780DEF80028E7D10134A4B22046EFF7BCFB0D
S21403179008B1BC42DBD94FF6FF70DEE72DE9F04F08
S2140317A09A4687B08B880D460C88814604A902208A
S2140317B0ADF810309046EFF7F9FAAB680090A888BA
S2140317C0AF89059300F0BBF838B1102F05D105A8F3
S2140317D0EFF7D2FA022808BF02274FF6FF7B33E063
S2140317E02046009AFFF761FF064680B3AA886988F9
S2140317F0FFF7A8FF04463046FFF72AFD00B30DF1B6
S2140318000F03314648460DF11202FFF768FE9DF8B6
S2140318100F302BB1A8F80060184607B0BDE8F08F6C
S214031820BDF81220BA420BD13A460599019301F04E
S2140318308BFB019B20B9A8F80060AAF80040EBE7F1
S2140318405C4504D00134A4B26988A142C8D80A23EF
S214031850E2E708B5EFF774FBBDE8084000F09AB876
S21403186038B505460846EFF76BFB044610B94FF646
S214031870FF7038BD0DB96088FBE7EFF735FB00282E
S214031880F9D1F4E770B5044642F60520FFF748FFA2
S214031890B0B10021FFF72BFD054601462046FFF7B2
S2140318A081FC06461022002104F1310001F076FB8C
S2140318B0324629462046BDE870400023EFF790B82D
S2140318C070BD7FB504460D4610220021684601F020
S2140318D065FB0026AB575A1C1BD031462046FFF744
S2140318E061FC1946002BB8BFD91C04AA02EBA10160
S2140318F000F00302584200F0030003F0030358BF4E
S21403190043425B0002FA03F311F8102C134301F869
S214031910103C0136402EDDD16B4604F1310504AE92
S2140319201A4603CAB24228606960134605F10805E1
S214031930F6D1204604B0BDE87040FFF743BCA0F5DF
S214031940205001288CBF00200120704742F6030375
S214031950C31A58425841704708B5030409D4EFF731
S214031960F1F9A0F5205080B201288CBF0020012099
S21403197008BD0020FCE7020408B507D4EFF7E2F938
S21403198042F60303C31A5842584108BD0020FCE739
S214031990C00B70470346B3F902304088002B01DBC7
S2140319A0EFF7D0B90020704708B5FFF7F3FFA0F5AF
S2140319B0205080B201288CBF0020012008BD13B53B
S2140319C08B7904460B441B7B0A4613F001000191F6
S2140319D00AD01D2B0AD101211E20FEF7A1FF0146C6
S2140319E02046FEF7F5FF012002B010BD01A801F066
S2140319F031FEF8E74B88052B05D108880E288CBFE7
S214031A0000200120704700207047F8B505460F46B2
S214031A10164604210A22002001F0F7FF0246B8B159
S214031A20847905210C3403194FF0060C00209970B5
S214031A30D87002F804C013241C7102245F71587016
S214031A40D8719C7128461E81BDE8F840ECF762BF4A
S214031A50F8BD73B50546104601920C4601F07FFEAD
S214031A60042186B2019801F066FF024628B901A850
S214031A7001F0F0FD1A2002B070BD837901900C339B
S214031A80C1184C80C65221462846ECF743FF002077
S214031A90F1E72DE9F04106468846174604210A2257
S214031AA0002001F0B2FF0246B8B1857900240C3558
S214031AB04319052106209970DC70505501201871D2
S214031AC002205C70987183F805803046DC711F81B4
S214031AD0ECF720FF2046BDE8F0811A20FBE7002044
S214031AE070470020704707B501A8019201F0B2FDC8
S214031AF003B05DF804FB70470020704770474369E6
S214031B00406CDA1C1438B2FBF0F203EBC203CA1DB6
S214031B100333B2FBF0F2B3FBF0F30132023301EB13
S214031B20C20100FB0310704738B5446905462146D9
S214031B30FFF7E5FF6A6CE31D143AB3FBF2F30133D8
S214031B4004EBC304204438BD73B506460D46002493
S214031B50F36B012201A928195B699847019B01339E
S214031B6009D10434736C62195B426A401A42EFD09F
S214031B70204602B070BD0024FAE770B505460C4651
S214031B80E2F756F9EB6B2046DB68BDE87040184772
S214031B9070B5002586B004460562E369AB4202D8F9
S214031BA0206A06B070BD666C0522206801A9E36B47
S214031BB006FB05005B69984701A800F010FC00F0DF
S214031BC033FC10B1236A013323620135E5E738B5E8
S214031BD00446456C006804F1400305FB0101E06B15
S214031BE000F02FFC05462046FFF7D2FF284638BDF7
S214031BF0F0B5054687B00026EC69013CB44203D82D
S214031C000C46204607B0F0BD01B14C1E6F6C052292
S214031C10286801A9EB6B07FB04005B69984701A8DA
S214031C2000F0DDFB00F000FC0028EAD10136214677
S214031C30E2E7F0B5044687B0466C0D460068052219
S214031C40E36B01A906FB05005B69984701A800F052
S214031C50C6FB00F0E9FB20B101A800F097FB07B034
S214031C60F0BD29462046FFF7C3FF676C0646E36BC5
S214031C70206805225B6901A907FB0600984701A8AF
S214031C8000F084FB431CEAD0B54238BF0130E6E7D8
S214031C902DE9F043D0F824804FF6FF7987B0044649
S214031CA00E46C84514BF454600250027E369BB42D8
S214031CB002D807B0BDE8F083E26B01A92368606C25
S214031CC0D2F814C0052200FB0530E04701A800F057
S214031CD086FB022806D0C8450CD1721C294620462E
S214031CE0FFF775FF0135E3690137B5FBF3F203FB35
S214031CF01255DBE729462046FFF79BFFB0F1FF3F6F
S214031D0014BF024632460132E8E70368F0B5CC1A40
S214031D10436C87B006460025B4FBF3F4F3693768D3
S214031D205A1E706C954208D3706C336800FB0430FF
S214031D3007B0BDE8F04000F082BB013401A9B4FB54
S214031D40F3F203FB1244F36B05225B6900FB04709A
S214031D50984701A800F043FB00F066FB0028E3D198
S214031D600135DBE710B423F003049B07436C2244DE
S214031D70C3F100030A4418BF043282EA0104234273
S214031D8003D05DF8044BFFF7C0BF10465DF8044B65
S214031D9070472DE9F041D0E90A3686B004469E42E4
S214031DA028D1C3691422456802FB1355284606B09A
S214031DB0BDE8F081206801A9676C331AE26BB3FBB8
S214031DC0F7F3D2F8148007FB03000522C04701A8E7
S214031DD000F005FB012804D0636C1D44013B33402F
S214031DE0ED1A31462046FFF790FF0646A36AB34234
S214031DF0E0D1DBE70025F9E7F0B5002587B0044618
S214031E002E46E369B34202D8284607B0F0BD636C9A
S214031E100522276801A903FB0677E36B38465B694F
S214031E20984701A800F0DBFA00F0FEFA58B13846EE
S214031E3000F005FB01462046FFF786FE636C143B65
S214031E40834208BF01350136DBE708B50830134681
S214031E50D1E90012F0F736FF012008BD13B50C4692
S214031E60002121760093134661682246EFF7B4FCFF
S214031E7018B1E37D03B1A07EA075A07D02B010BDAE
S214031E8073B500F1080516460C460DF107020968FE
S214031E90284600F0A1F9032E06D16368834203D1D6
S214031EA02168284600F07FF9012002B070BDD01EDD
S214031EB0009B42424241187E824211D11A688A42EE
S214031EC00ED85A688A420BD35A6901325A61D3E94B
S214031ED0030282423FBF986840F8221001321A611B
S214031EE001207047032A10B5029C07D1A26A53400B
S214031EF0626C5242134201D100F055F9012010BD25
S214031F0008B5C36800209847BDE80840E1F798BFC6
S214031F10012870B514BF04200220002442431C701D
S214031F20CC7D101D02F002024CB91AB1012220F03A
S214031F3003001A7000F108034868184470BD1AB10C
S214031F40012220F003001A700C7E002301F1200505
S214031F50DAB2944201D80020F0E735F833205E1C4D
S214031F60824206D901EBC30300F10802D869104484
S214031F70E4E7801A3346EBE773B590F8426005460C
S214031F801C460DF103033046FFF7C2FFEB6B012E31
S214031F905B690DD1324601A998479DF8033013B10A
S214031FA0BDF806300193BDF80430236002B070BD5F
S214031FB00122214602B0BDE870401847F0B5054639
S214031FC0002487B04868EB6B27460E4601225B6900
S214031FD002A908300294984795F84230012B40F046
S214031FE08480632C02D9029807B0F0BD612C08D810
S214031FF005AB224631462846FFF7BEFF9DF8143050
S2140320001BB305AB2246314628468DF81070FFF702
S214032010B3FF95F84230012B059B55D14FF6FF725F
S214032020934200F09680082205A904A800F05EF902
S214032030059B9DF81010C3F30722914240F0898058
S214032040DBB2029A1A44029283E095F84230012BDF
S21403205030D103AB224631462846FFF78DFF04AB4B
S214032060621C31462846FFF787FF05ABA21C3146A4
S2140320702846FFF781FF102208230DF107000DEB1A
S21403208002018DF8073000F031F9102205A90DF191
S214032090070000F02BF9039BDAB2002A52D19DF811
S2140320A00720B2EB132F4DD1DDE9043203EB0243D5
S2140320B0029347E0302C2BD944E09DF80720B2EB7F
S2140320C0134F3FD1049BF3E7013342D0102205A9F7
S2140320D00DEB020000F00AF9059B9DF81010C3F300
S2140320E00742914235D19BB2ABE7312C3FF67BAF2B
S2140320F087D005AB224631462846FFF73DFFBDF89D
S2140321001430002B7FF47DAF95F84230012BA0D01E
S21403211003AB224631462846FFF72EFF04AB621C6C
S21403212031462846FFF728FF102320220DF107002B
S2140321300DEB03018DF8073000F0D8F8039B9AB235
S214032140002ABAD095F84230012B14BF012302238C
S2140321501C44013440E713B500240194049C009406
S214032160EFF7CEFE02B010BD13B501240194049C14
S2140321700094EFF7C5FE02B010BD30B500234468E7
S2140321804FF0FF329C4202D10023037230BD016838
S21403219001EBC30541F8332001336A60F2E7C0E977
S2140321A00012FFF7EABFF0B5002345689D4210D042
S2140321B00468DF0054F8332004EBC306B2F1FF3F94
S2140321C008D0C2F31302914204D14FF0FF33E35118
S2140321D07360F0BD0133E9E7F0B5002345689D421F
S2140321E002D14FF0FF300EE00468DE0054F83340AF
S2140321F0671C09D0C4F31307B94205D1240D147024
S214032200036833445868F0BD0133E8E713B5002389
S214032210044601461B220DF107008DF8073000F037
S21403222065F822689DF80730B3EBD26F0CBF012028
S214032230002002B010BD13B5002304460146202239
S2140322400DF107008DF8073000F050F80DF1070088
S2140322501A22211D00F04AF862689DF80730B3EB96
S214032260926F0CBF0120002002B010BD0068431C13
S214032270584258417047006810F07E0F0CBFC0F3F9
S214032280C160002070470068C0F3D3107047006831
S21403229000F07F0001288CBF0020012070470368F0
S2140322A013F07E0F14BF042008207047036813F052
S2140322B07E0F03D1406820F07C40704713F078000F
S2140322C01CBF03F07F03D81F7047006800F07F0031
S2140322D07047032809D0022803D1C1F10201C8B20E
S2140322E0704700290CBF0720002070471F2A0B6881
S2140322F09EBF4FF0FF3191408B43590801F0553193
S2140323005B1A03F033319B0803F033330B44017835
S21403231003EB13130A444FF0013103F00F334B431F
S214032320A2EB13620270704737B501F10C04054641
S21403233043696946012220469847BDF800300122CA
S21403234001A901932046AB69984703B030BD37B562
S21403235001F10C0443690122694605462046984765
S214032360009B4FF6FF7299B291420DD11B0C0122CE
S21403237001A920461B0443F4254343F0A503019318
S214032380AB69984703B030BD0020FBE737B504467A
S21403239000251B22011D0DF107008DF80750FFF7DE
S2140323A0A5FF60689DF80720B2EBD06F03D120F03D
S2140323B0784003B030BD0DF107001B2204F108017D
S2140323C08DF80750FFF792FFA0689DF80730B3EB30
S2140323D0D06F01D1C043EAE74FF0FF30E9E7036867
S2140323E04BF29A22B2EB134F10B5044613D19BB2AD
S2140323F0012B13D1FFF7CAFF01300CD0E0684FF66C
S214032400FF72B2EB104F4FEA104309D180B2C01AE5
S21403241018BF012010BD2368013303D00420F9E759
S2140324200220F7E70320F5E701288CBF00200120F0
S2140324307047033801288CBF0020012070471430F2
S21403244070472DE9F04105469846036908460E464F
S21403245017469847044638B943463A46314628460F
S214032460F0F70CFD044618B131462846FFF75CFF2B
S2140324702046BDE8F0810220704700207047012007
S21403248070470020704700207047704737B50446F2
S2140324900D4601A8F2F718FD01A8FFF7F6FF204640
S2140324A001A98DF80650F0F7E3FD03B030BD0846EA
S2140324B01146F0F7BBBE7047431E012B03D9031F1B
S2140324C05842584170470120704700F0C1BB4FF493
S2140324D0C472002100F062BD10B50446002100F06E
S2140324E085F82046BDE81040F2F72CBCF1F7CABFCA
S2140324F0F1F7CEBFF8B505460E46F0F75FFED5F802
S214032500C03073B15B6963B1F4F7B2FBD5F8C03082
S21403251040F26B125B6942211B1A58425841F1F78D
S2140325202DF800224FF6FF734FF0240CF768D0B255
S214032530B84208D31C4621462846F0F7C7FF00F0EA
S2140325408AFB2046F8BDB1680CFB0011CC899C427F
S21403255002D2002CEFD023460132E8E7F0F7B6BFED
S214032560008B70470A7838B505461046FFF7A4FF78
S21403257060B14C782046FFF79FFF38B122435307DC
S21403258004D42846BDE83840F1F7A2BF012038BD81
S214032590FFF7E8BF10B504460878FFF78DFF58B17C
S2140325A04A781046FFF788FF30B1042A04D0204645
S2140325B0BDE81040F1F7C2BF012010BDFFF7EABF28
S2140325C0F1F7CEBC0846F3F71FB9F1F749BE70B56D
S2140325D004460D461646F0F779FF30B932462946CB
S2140325E02046BDE87040F6F79FB970BDF2F712BEFD
S2140325F0F5F7ACBC38B5044600200D4600F029FBC1
S214032600D4F8D4302BB929462046BDE83840F2F733
S21403261061B8022038BD38B5044648880D4600F038
S21403262018FBD4F8D4302BB929462046BDE83840E9
S214032630F1F7BABF022038BD00F00CBB00F07FB93B
S21403264000F012BB38B505460C46F9F7F8F82B6BC5
S2140326501C40EB6A2343EB62F9F7F5F8211E18BF1B
S21403266001210020490238BDF2F716BBF1F780BD01
S21403267000F0B3B900F0D5B908461146F3F79CBB92
S214032680F2F75CB900F06FB938B50446154609B1E0
S21403269000F0E7F925B12046BDE83840F2F746BA20
S2140326A038BD00F0ECB900F0F6B90846F3F7CCBE37
S2140326B010B5044600F08BF820B92046BDE810405C
S2140326C0F1F738B810BD00F0D3BAF4F775B92DE9B1
S2140326D0FF41984604460E461746F9F7B7F80546EF
S2140326E02046FFF7E5FF0A9B3A460293002331464E
S2140326F0CDE900832046F1F76BF804462846F9F740
S214032700ABF8204604B0BDE8F08138B50446F9F7C7
S2140327109DF805462046FFF7CBFF2046F1F736F82F
S21403272004462846F9F798F8B4FA84F0400938BD09
S21403273038B50446F9F78AF805462046FFF7B8FF8A
S214032740204600F053F804462846F9F785F8204655
S21403275038BD38B50446F9F779F805462046FFF73D
S214032760A7FF204600F048F804462846F9F774F811
S214032770204638BD70B504460E46F9F767F8054699
S2140327802046FFF795FF31462046F1F76FF80446DB
S2140327902846F9F761F8204670BD134607B50022B0
S2140327A08DF807100DF10700194600F01EFA03B066
S2140327B05DF804FB084611461A4600F016BA0020D8
S2140327C0704701207047F2F75BBF00F0B7B9F0F728
S2140327D0EBBE10B5F9F73AF8044600F015F8F0F733
S2140327E009FF2046BDE81040F9F736B8024608B59B
S2140327F0F0F7DAFE507D08BD024608B5F0F7D4FEC2
S214032800507D80F0010008BD00F032BAF1F7C2BD7A
S21403281000F06BB8437C03B108470220704710B53D
S2140328200446F2F795FE2046BDE810400321F1F773
S214032830F1BBFFF7F4BF437C0BB1F2F74FBE0220A8
S2140328407047437C0BB1F2F76DBE0220704738B574
S214032850447C0D46BCB1053C012C8CBF00240124EE
S21403286049682246F2F7AEFE286890FAA0F0000AFE
S214032870F4F71EFCA97A2889224681F00101F2F7B3
S214032880D1FE002038BD0220FCE71FB5ADF80830A6
S2140328909DF81830CDE9001269468DF80A30FFF727
S2140328A0D6FF05B05DF804FB002070470020704794
S2140328B002210120F1F7F6B87047436B03F060037B
S2140328C0402B0DD0602B03D0203B58425841704715
S2140328D049B10B68012B06D9486940F001007047DF
S2140328E040F201107047002070470220F3F7DEBF66
S2140328F0D0F8C8304BB11A68022A06D993F82500D7
S21403290028B11B6AB3FBF0F07047FFF7EFBD7047C3
S214032910D0F8C8207AB11368022B0CD9536A13F483
S2140329207F4FC3F3072106D0126ADBB253438B42B1
S214032930B3FBF1F201D2FFF7DBBD10467047034647
S214032940D0F804010860B3F8083100208B80704784
S21403295090F804310E2B14BF807DFF2070474FF490
S2140329608071F6F777BFF8B507460E468D88F1F700
S21403297095FD7F7C0446082F737C4FEAC5051ED160
S214032980012B014604D80120F5F732FC033502E09B
S2140329900020F5F72DFC03230544B371DCB1B5F530
S2140329A0803F18D84FF22442630902FB05332409FB
S2140329B0B3FBF4F300203268D21A3260F8BD053F49
S2140329C0FFB2012F01468CBF00200120F5F710FC53
S2140329D0012FE0D8DAE70220F0E7084610B510F03A
S2140329E0030411461BD13F2B15D9B3FA83F3C3F166
S2140329F01902D2B2062A01D8192B0ED0062A28BFEE
S214032A0006220124931DDBB29C40A4B2A14228BF38
S214032A102146F2F75DFF204610BD2246F1E700246B
S214032A20F9E7084611F0030110B518D113883F2BB8
S214032A3015D9B3FA83F3C3F11904E4B2062C01D80B
S214032A40192B03D0062C214628BF062101238C1DF3
S214032A50E4B2A3401380F2F759FF002010BD012013
S214032A60FCE7F1F7D3B910B5144608460121F4F78D
S214032A70C5F92046BDE810400121F4F7BFB910B5EB
S214032A800A011021F6F7D2FE0446F6F7EDFE201EE5
S214032A9018BF012010BD1021F6F7DCBEF8B50446BA
S214032AA00E461746F8F7CBFE3A460546314620460D
S214032AB000F07CF904462846F8F7C5FE2046F8BD24
S214032AC00220704703207047F3F7E8BE10B5F2F70D
S214032AD081FA044608B9F5F719FF204610BD38B544
S214032AE004461D46F2F776FA28B929462046BDE87D
S214032AF03840F5F7DFBF38BD8021F6F7ABBE38B5F3
S214032B000546F1F7A1FA04462846F1F77BFA0728AB
S214032B1011D1D5F8C43024F47F41DB6921F00801D4
S214032B2003B15B7841EA032141F020012846BDE862
S214032B303840F1F78FBA24F02001F7E7F2F7A0BD8B
S214032B4038B5054610460C46F2F70EFE65B1D5F8C5
S214032B50C4304BB15B693BB12268013204BF6FF0EE
S214032B600102226022681A60002038BD00207047E8
S214032B702DE9F74F01251C469DF830300646019394
S214032B800368174603F0070306339D4005F1FF3835
S214032B900B46A1B1416804EA080BA5EB0B0A41F00A
S214032BA00059524509EB0B0114D95246184600F05A
S214032BB049F949467A1B5A44504400F043F9019BAD
S214032BC02BB13C4448EA050804EA0804F46003B061
S214032BD0BDE8F08F1846F0E737B500251446009594
S214032BE0FFF7C6FF204603B030BD70B50E46154648
S214032BF0044608B9002070BD0378042B18D020784B
S214032C00F3F7E0F9B0B923780E2BF3D10EB1FF2317
S214032C103370CDB1FF232B7016E020780130C0B29D
S214032C2003282070EBD8F3F7CDF90028F5D0E6E7B4
S214032C300020F5E71EB12078F3F7F8F930701DB1E0
S214032C40207800F009F828700120D4E7F2F7BEBA1E
S214032C50704770477047704710F0FD0F14BF4FF072
S214032C60FF300020C0B27047704700200021704735
S214032C7008B5F3F731FEBDE80840F3F76BBE08B5B9
S214032C80F3F742FEBDE80840F3F764BE10B504460A
S214032C90F3F722FE844288BF01F1FF312046BDE8E8
S214032CA0104001F00301F3F755BE38B50446FFF7AD
S214032CB0DFFF0546FFF7DCFF431BA342FAD338BD0D
S214032CC008B521B1920000F0BDF8002008BD012030
S214032CD0FCE70B0CB3F5384FF7B506460D468FB237
S214032CE016D04BF60102934214D04BF602029342DF
S214032CF012D0B3F5304F14BF04240324D6F8C430DF
S214032D000BB1196851B9D6F8C0309BB928680FE0E3
S214032D100024F3E70124F1E70224EFE7234668469D
S214032D203A46F3F76FFE9DF804300098002BEAD17D
S214032D3003B0F0BD19680029E8D0234668463A4632
S214032D40F3F760FE9DF804300098002BDED1EFE722
S214032D5000F03003202B10B513D110F4E02FC0F38E
S214032D6002440AD0C0F3C423B3FBF4F410F4C01F28
S214032D7018BF6400052C0ED86408F4F70BF96043FB
S214032D8010BD6FF01204C0F382131C4104F001045B
S214032D90C4F10204F1E70424EFE74FF0384359691E
S214032DA09A6903F500530A405A617047F7B505461A
S214032DB00F4668461146F4F7E3F9064698B197B10D
S214032DC0DDE900311B0A43EA0163A5FB0343090A55
S214032DD005FB0135F3F74CFF002302462946204640
S214032DE0F6F78AFD3860304603B0F0BD032070471F
S214032DF0704730B14FF47A735843A0F57A60F5F70D
S214032E00EBB849F64040FAE7F6F792B8F6F790B80B
S214032E10F6F78EB8F6F78CB8F6F78AB800228A4229
S214032E2002D14FF0FF30704750F8223093FAA3F3E5
S214032E300BB90132F3E7B3FA83F000EB42107047A5
S214032E40002070470A44431E914200D1704710B5D4
S214032E5011F8014B914203F8014FF9D110BD10B59B
S214032E600C46B1F90E10F7F777FC0028ABBF636D7D
S214032E70A3891B1823F48053ACBF6365A38110BDDD
S214032E802DE9F0411F468B8905460C46DB051646A1
S214032E9005D502230022B1F90E10F7F74BFCA389E0
S214032EA03246B4F90E10284623F48053A3813B46DA
S214032EB0BDE8F041F7F716B910B50C46B1F90E1098
S214032EC0F7F738FC431CA38915BF606523F48053CA
S214032ED043F48053A38118BFA38110BDB1F90E102C
S214032EE0F7F7F6BB70B5A1FB02543CB92946F6F7D3
S214032EF005FF064628B90026304670BD0C22026040
S214032F00F9E72A46214600F049F8F5E72DE9F843A4
S214032F100746884614460026D4E90195B9F1010907
S214032F2005D52468002CF7D13046BDE8F883AB8975
S214032F30012B07D9B5F90E30013303D0294638469D
S214032F40C04706436835E9E70139024410B59042A5
S214032F5001D1002005E0037811F8014FA34201D008
S214032F60181B10BD0130F2E7884210B501EB0204CE
S214032F7002D98442234607D8431EA14208D011F83B
S214032F80012B03F8012FF8E7024401468A4200D1D9
S214032F9010BD13F8014D02F8014DF7E7024403464E
S214032FA0934200D1704703F8011BF9E77047704757
S214032FB0704770B50C46B1F90E1096B01546002949
S214032FC01E460CDAA389002113F0800F14BF40239A
S214032FD04FF48063002031602B6016B070BD6A46E4
S214032FE0F7F786FB0028EDDB019901F47041A1F5A4
S214032FF00053594259414FF48063EBE78B89F7B589
S2140330009D0706460C4607D504F147032360236154
S2140330100123636103B0F0BD01AB6A46FFF7C9FF46
S214033020009F054630463946F6F768FE48B9B4F9B8
S2140330300C309A05EED423F0030343F00203A38176
S214033040E2E7A389206043F08003A381019BC4E9E0
S21403305004075BB1B4F90E103046F7F75BFB28B1F3
S214033060A38923F0030343F00103A381A3891D432C
S214033070A581CFE79368013B002B936010B408DA71
S2140330809469A34201DB0A2903D15DF8044B00F0DF
S2140330901AB81368581C1060084619705DF8044B7C
S2140330A07047F8B506460F461446D518AC4201D10C
S2140330B0002007E03A4614F8011B3046FFF7DAFF14
S2140330C0431CF3D1F8BDF8B50E461446054618B1B1
S2140330D0036A0BB9F6F716FFA369A360A3891A0759
S2140330E001D5236943B921462846F7F76FF918B186
S2140330F04FF0FF373846F8BD2368F6B222693746E5
S214033100981A6369834205DC2146284600F00EF9C7
S2140331100028EDD1A368013BA36023685A1C2260F4
S2140331201E70431C62699A4204D0A389DB07E1D56B
S2140331300A2EDFD12146284600F0F8F80028D9D019
S214033140D6E72DE9F047164698468A6807460B6980
S2140331500C46DDF820909342B8BF1346336091F8CF
S21403316043200AB1013333602368990642BF3368AC
S21403317002333360256815F0060506D104F1190AF3
S214033180E36832689B1AAB422BDC94F84330226820
S214033190003B18BF0123920630D404F14302414694
S2140331A03846C847013023D023681A3454F80A2C0B
S2140331B003F00603042B0ABF54F80E5C002533689D
S2140331C04FF0000608BFED1A54F8123C08BF25EA74
S2140331D0E5759342C4BF9B1AED18B5421AD1002079
S2140331E008E00123524641463846C847013003D11A
S2140331F04FF0FF30BDE8F0870135C1E7E1185A1CF0
S21403320030200233224481F8430094F8451082F8B4
S2140332104310C2E70123224641463846C8470130D9
S214033220E6D00136D9E7B1F90C202DE9F0411707AE
S21403323005460C4656D44B68002B02DC0B6C002B61
S2140332403DDDE66A002E3AD0002312F480522F6842
S214033250216A2B6025D0626DA389580705D563685C
S214033260D21A636B0BB1236CD21A216A0023E66A67
S2140332702846B047411C24D000236360236923609B
S214033280A389DA0400D56065616B2F60B9B104F1D8
S2140332904403994202D02846F6F736FF00236363B9
S2140332A00DE001232846B047461C0246D4D12B68BE
S2140332B0002BD1D01D2B01D0162B2AD12F60002036
S2140332C02EE02A68B4F90C3042B11D2A01D0162A22
S2140332D021D10023636023692360D5E762602269F6
S2140332E02260CEE70F69002FE9D093070E680F60C0
S2140332F00CBF4B690023A6EB07088B60B8F1000FE1
S214033300DDDD43463A46216A2846A66AB0470028CA
S21403331008DCB4F90C3043F040034FF0FF30A381D0
S214033320BDE8F0810744A8EB0008E7E738B50B696A
S21403333005460C4613B90025284638BD18B1036A5E
S2140333400BB9F6F7DFFDB4F90C30002BF3D0626E41
S214033350D00704D4990502D4A06DFFF728FE2846AB
S2140333602146FFF760FF636E0546DA07E4D4A389B8
S2140333709B05E1D4A06DFFF71BFEDDE7C9B203464C
S214033380024410B59342184601D1002003E00478A6
S21403339001338C42F6D110BD430803F05533C01AEF
S2140333A000F03333800800F0333018444FF0013315
S2140333B000EB101000F00F305843000E704710B5A6
S2140333C0044678B1036A41696BB180689847002365
S2140333D0207E63611028636004D82146F7F7CAFC91
S2140333E01123237610BD0029F1D08368002BEEDB72
S2140333F00846F7F7AFFEEAE7002307B51A4601913A
S21403340001A9F7F7FDFA03B05DF804FB1FB5002426
S21403341002949DF81C400194069C0094F7F776FAF4
S21403342004B010BD13B507240194049C0094FFF761
S214033430EDFF02B010BD002307B50093FFF7F2FFC0
S21403344003B05DF804FB03680B60016070472DE969
S214033450F0410E46174600240546006808B9BDE845
S214033460F081D0E90083B3420BD18368BB4208D115
S21403347054B9C5F80080C368DB0701D5F7F76AFEC1
S214033480204604464046E9E7C4F80080F3E7D1E95E
S2140334900112FFF7DCBF002370B51A46194605462E
S2140334A00468F7F7ADFA0CB92C6070BDE3682668BC
S2140334B0DB0702D52046F7F74DFE3446F3E72DE942
S2140334C0F8430E461746054610B90020BDE8F883B4
S2140334D00468002CF9D0D4E900893B4632462946D5
S2140334E0A068C8470028F1D14446F2E72420704775
S2140334F038B5054614460A460021FFF74FFD24F06B
S2140335001C046B7944F0100443F004032C716B71B4
S21403351038BD2DE9F74F1F469DF830308A46804662
S2140335200093002850D0002967D00C68002C66D082
S2140335304FF0000BE679A179761AF6B2BE4208D3AD
S2140335400C31394408EB020945462144F61BC845AD
S21403355037E02068A346BF1B002835D00446E9E7BA
S214033560AB19994538BFA9EB050632462846FFF73F
S21403357069FC009B002B3DD0E279A079F3B237BB00
S2140335801844A071E279A37927689A4232D1DAF80F
S2140335900030A34208BFCAF80070BBF1000F01D089
S2140335A0CBF800702046F7F747FC3C4635444CB151
S2140335B00027A379E67903F10C01F61A2144F6B243
S2140335C04D45CDD3A5EB080003B0BDE8F08F121A26
S2140335D0D2B2F918914209DA0C302044D21BD21A1F
S2140335E0014438440193FFF7BFFC019BE279D31AE9
S2140335F0E371C7E7A3462468D8E70846E4E720460E
S214033600E2E710B5C4790246C4F14503D8B288424E
S21403361028BF08460444D47110BD38B50546C079A2
S214033620C0F14504E4B2944288BFD4B20C302246BB
S2140336302844FFF707FCEB7920462344EB7138BD9B
S2140336401FB503910021009103A9FFF762FF05B0A0
S2140336505DF804FB38B50446206800B938BD056834
S214033660F7F7EAFB2560F7E7034610B501F0EC0130
S21403367003B910BD1A7902F013020A431A711A1A13
S214033680544254415A7964F300025A711B68EFE7B7
S21403369010B558B1016802685AB1136823B15C7952
S2140336A0E40704D5002414600360084610BD0360D5
S2140336B0F1E71346F8E7034658B10020DA7999791B
S2140336C01B68521A50FA82F01BB15A79D207F5D505
S2140336D07047704770B50D460446E8B186798E424A
S2140336E003D3751A8571012070BDC27906F14503AF
S2140336F09B1ADBB299420FD806F10C010144921BC8
S214033700A81BD2B20844FFF72FFC0023A371E3796A
S2140337101D44AD1BE571E6E70020E5E710B50C4652
S21403372098B191B18979E279C379521AC3F1450305
S214033730D2B2DBB2934208D30C312144FFF76DFFBC
S2140337402046F7F779FB012010BD0020FCE703466F
S214033750006818B102681A600023036070470346C6
S214033760002003B97047DA7999791B68521A50FA20
S21403377082F0F6E703680BB9016070471A461B68C8
S214033780002BFBD111607047036803B10B60016027
S214033790704739B10B461A461B68002BFBD10368EA
S2140337A013600160704770B5046806460D4644B161
S2140337B02046FFF7D4FFA84211D8236813B9E3794C
S2140337C0A37170BD20463360F7F736FB3468F4E721
S2140337D0ED1A236820463360F7F72EFB3468002D76
S2140337E0EFD0A279E3799B1ADBB2AB42F0D92A4435
S2140337F0A271E6E7F8B5066805460C4646B13046BC
S214033800FFF7ADFFA0421DD8336813B9F379B37140
S214033810F8BD30462B60F7F70FFB2E68F4E7064635
S21403382038460768002FFAD1C2798379D31ADBB2F8
S214033830A34202D9121BC271EAE7E41AF7F7FCFAAD
S2140338403EB13760002CE3D028680028E0D000267D
S214033850E7E72E60F6E7F8B504460F46BC4200D10C
S214033860F8BDA179E5796D1AEDB2C5F14506B6B294
S2140338700EB92468F2E749B10C312A46214404F113
S2140338800C00FFF771FB0023E571A3712368BB42AD
S214033890EFD05A79D207ECD49979DD79A0796D1AED
S2140338A0EDB2B54228BF3546E2790C3010440C31F0
S2140338B02A4619442044FFF7C5FAE379206853FAE9
S2140338C085F3E3718379761B53FA85F5C379EDB2F5
S2140338D0AB42B6B2857103D103682360F7F7ACFA3F
S2140338E0002ED3D1C5E738B50C46016809B9046084
S2140338F038BD0D4609680029FBD1236823B120464D
S214033900FFF7A9FF2C60F3E721462846FFF706FFDB
S2140339100028EDD1F6E748B100230279436003603F
S21403392083604379027143F00403437170470022B6
S2140339301146F7F7DDBA38B504460D46FFF7CAFE5B
S21403394098B984B12079FFF7F2FF58B163794279C9
S214033950C3F3400363F3410245235D1B04604271D6
S214033960C371857138BD0120EDE72046FAE738B507
S214033970036804460D469BB11879FFF7D8FF88B154
S2140339802368427903605B79C3F3400363F3410220
S21403399045235D1B4271C37185712060002038BDCD
S2140339A00120EAE71920FAE738B50C46054640B386
S2140339B0006830B309B9002038BD4AB9C9B2FFF769
S2140339C089FE0028F7D12B689A799871A41A06E025
S2140339D0452918D8C9B2FFF77DFE0028EBD1442C41
S2140339E007D8002CE7D02846E1B2BDE83840FFF7F9
S2140339F0BEBF45212846FFF7BAFF0028DCD1453C69
S214033A00EDE72220D8E72120D6E75318452B02DC22
S214033A10C9B2F7F76DBA00207047F7B5002605461A
S214033A200F4601960DB9019C09E00022384611465F
S214033A30F7F75EFA044628B901A8FFF70BFE2046FF
S214033A4003B0F0BDAB798371EA79C27168796179A5
S214033A50D21A60F30001617169796079C1F340019C
S214033A6061F34100607103F10C002918D2B22044BF
S214033A70FFF7E8F9019B03B9019406B134602646C3
S214033A802D68CFE72DE9F8430D461446064610B3D6
S214033A9019B3DAB1034699461B68002BFBD12746B8
S214033AA0C8463A4629464046FFF7B7FDC145A7EB49
S214033AB00007054418BFC9F8008037B10022B17962
S214033AC03079F7F715FAC14618B9E41B2046BDE866
S214033AD0F8838046E5E70446F8E70C46F6E737B58D
S214033AE01546C9B200221C46F7F702FA019040B108
S214033AF022462946FFF7C6FF844202D901A8FFF7EC
S214033B00A9FD019803B030BD034610B501391A1A52
S214033B10914200D810BD445C1A7803F8014B425416
S214033B200139F4E700230144884200D1704700F8C6
S214033B30013BF9E738B505460C4604B938BD013CE8
S214033B4055F834305B68002BF7D09847F5E72DE936
S214033B50F0410446002654F836302BB904F1040825
S214033B60B34203D100250FE00136F4E754F83320BF
S214033B705F1C12685AB158F833009047054630B1B7
S214033B8039462046FFF7D6FF2846BDE8F0813B4678
S214033B90E6E770477047704770477047F7F7BCBA59
S214033BA038B50446FBF778FE054658B9C820E9F74A
S214033BB0B1FAC82202212846E9F76CFA8442A8BF64
S214033BC0044624B22046E9F7A5FAFBF765FEBDE8EE
S214033BD03840C8220221E9F75DBAB0F90020B1F9EE
S214033BE000302DE9F0479A4204460D4648DCF7F7C5
S214033BF02DFE8046E5F7B6FB00283ED1E9F740FAEE
S214033C008246FBF749FEC8220221E9F743FA47F644
S214033C10FF73B5F9002081469A4202D1E9F754FAB8
S214033C20288047F6FF73B4F900209A4202D1E9F7D9
S214033C3045FA2080B5F90000FFF7B2FFB4F900306B
S214033C4007468342C8BF2080B4F90000E9F742FA6A
S214033C50F9F791FC064658B15046E9F73BFA484651
S214033C60E9F758FA4046F7F7F7FD3046BDE8F08720
S214033C70E9F706FA20802F80F4E741F20C06F1E715
S214033C802126F2E70000000000000000000000000C
S214033C90000000000000000000000000000000001C
S214033CA0F8B500BFF8BC08BC9E467047F8B500BF21
S214033CB0F8BC08BC9E4670475FF800F0750E0020FF
S214033CC05FF800F0CD0D00205FF800F0150D002022
S214033CD000000000000000000000000000000000DC
S214033CE000000000000000000000000000000000CC
S214033CF000000000000000000000000000000000BC
S214033D005B495D200041747472696275746520773F
S214033D1072697474656E3A203078253032780020E4
S214033D204E6F74696669636174696F6E2073656E3E
S214033D30743A203078253032780A005B455D2000DF
S214033D407363005374617475733A202573203D20A2
S214033D5030782530347820005B435D20002E2E2FEC
S214033D606170702E630025733A2564203A25733AF2
S214033D702000417373657274696F6E206661696CA7
S214033D80656400436F6E6E656374696F6E206F7053
S214033D90656E65642E0A00436F6E6E656374696FA5
S214033DA06E20636C6F7365642E0A004C4544206F67
S214033DB066662E0A004C4544206F6E2E0A00496E36
S214033DC076616C69642061747472696275746520C7
S214033DD076616C75653A203078253032780A004E65
S214033DE06F74696669636174696F6E20656E61627C
S214033DF06C65642E004E6F74696669636174696FDF
S214033E006E2064697361626C65642E0A00736C5F6E
S214033E1062745F6F6E5F6576656E740042524434FB
S214033E2031303841002E2E2F736C5F676174745FD8
S214033E30736572766963655F6465766963655F69F2
S214033E406E666F726D6174696F6E2E6300413033F8
S214033E5000342E342E3500736C5F676174745F73A1
S214033E606572766963655F6465766963655F696EC7
S214033E70666F726D6174696F6E5F6F6E5F65766590
S214033E806E740000A43E03002100210026410300B7
S214033E900E000E00F6400300030003000200FFFFBF
S214033EA0FFFF0000010000000108FFFF0000000004
S214033EB0B4400300020002000108FFFF05000000F3
S214033EC020000A0003000A000008FFFF01000000AC
S214033ED0580C002004000D000308FFFF0300000039
S214033EE002000000050002000108FFFF05000000B5
S214033EF002000B0006000B000108FFFF0100000094
S214033F00620C0020070002000108FFFF0500000006
S214033F100A000C0008000C000308FFFF0100000065
S214033F20780C0020090000000108FFFF00000000D5
S214033F30B84003000A0002000108FFFF0500000066
S214033F400A0003000B0003000308FFFF0100000044
S214033F50800C00200C0002000108FFFF0500000093
S214033F60020004000D0004000108FFFF000000002B
S214033F70BC4003000E0000000108FFFF0000000025
S214033F80C04003000F0002000108FFFF0500000009
S214033F9002000500100005000108FFFF00000000F6
S214033FA0C4400300110002000108FFFF05000000E3
S214033FB002000600120006000108FFFF01000000D1
S214033FC0940C0020130002000108FFFF0500000008
S214033FD002000700140007000108FFFF01000000AD
S214033FE0A20C0020150002000108FFFF05000000D8
S214033FF002000800160008000108FFFF0100000089
S214034000AC0C0020170002000108FFFF05000000AB
S21403401002000900180009000108FFFF0100000064
S214034020B80C0020190000000108FFFF0000000084
S214034030D24003001A0002000108FFFF050000003B
S2140340400A0000801B0000800308FFFF0100000039
S214034050C60C00201C0002000108FFFF050000003C
S214034060120001801D0001800108FFFF010000000F
S214034070CE0C00201E000D000308FFFF0300000007
S214034080010100001F0000000108FFFF0000000000
S214034090E4400300200002000108FFFF05000000C3
S2140340A008000280210002800208FFFF07000000CC
S2140340B000000000020001180200001802000000C1
S2140340C002000A180C0053696C69636F6E204C611A
S2140340D0627310002412B5CBD460800C15C39BA961
S2140340E0AC5A8ADE1000F01921B4478FA4BFA14F43
S2140340F063FDEED6141D7A086A736CBED84697C263
S21403410088401065025B9CD2702A656D539AD06016
S214034110C341A485A861636032E0375EA488534E2A
S2140341206DFB6435BFF7002801280328002A012AFF
S214034130292A242A272A262A232A052A2A2B292B10
S21403414002290000050000000000000000C2010074
S2140341500005000000100000000000000000000042
S214034160D60C00206135010093B40200EDB40200C2
S214034170FFB402008DB40200F30C00206FB50200FA
S214034180093701003137010091B50200ADB50200D1
S2140341902E2E2F6765636B6F5F73646B5F342E34ED
S2140341A02E352F6170702F626C7565746F6F74682F
S2140341B02F636F6D6D6F6E2F696E5F706C616365D5
S2140341C05F6F74615F6466752F736C5F62745F699B
S2140341D06E5F706C6163655F6F74615F6466752E96
S2140341E0630064656C61795F74696D65725F6362B1
S2140341F000736C5F62745F696E5F706C6163655FAA
S2140342006F74615F6466755F6F6E5F6576656E7407
S214034210003F00280029200013B779FAC925DDB727
S214034220ADF3CFE0F1B614B80102000000000000C1
S214034230FFFFFFFF20000000010000000000000059
S2140342400000000000000000000000000000000066
S2140342500000000000000000000000000000000056
S21403426000000000000000001E00000331B602003C
S2140342702DB602000BB6020009B60200ED3D0100A2
S2140342803BB60200B13D01002C0000000200020113
S2140342900009007FC84203000100000FA842030084
S2140342A00000000000000000E1FE59FF8FFFADFF95
S2140342B0C1FFD0FFDCFFE4FFEBFFF2FFF6FFFAFFE0
S2140342C0FDFF0000030005005500EDFEFF0064003F
S2140342D01E0000007F001B0DD063FDFF3600B703F2
S2140342E04DDAFFFF1C005901EC3600001100BD003B
S2140342F0C83B00000B00710014350000070049009E
S214034300352C0000050037000526000003001400C6
S214034310FF14000000000000000000000000004042
S21403432034430300C000000000000000000010003B
S21403433020000000FFFFFFFF000000010000000058
S2140343400000000000000000FFFFFFFFFFFFFFFF6D
S214034350FFFFFFFFFFFFFFFF00000000FFFFFFFF61
S214034360FFFFFFFFBCE6FAADA7179E84F3B9CAC2E8
S214034370FC6325516B17D1F2E12C4247F8BCE6E506
S21403438063A440F277037D812DEB33A0F4A1394576
S214034390D898C2964FE342E2FE1A7F9B8EE7EB4A1B
S2140343A07C0F9E162BCE33576B315ECECBB6406852
S2140343B037BF51F5FFFFFFFF0000000100000000BC
S2140343C00000000000000000FFFFFFFFFFFFFFFFED
S2140343D0FFFFFFFC5AC635D8AA3A93E7B3EBBD55A1
S2140343E0769886BC651D06B0CC53B0F63BCE3C3EF5
S2140343F027D2604B6BC0BCE12A459991E134741A0D
S2140344007F9E1925AE2D8A571E03AC9C9EB76FACB4
S21403441045AF8E5130C81C46A35CE411E5FBC119B9
S2140344201A0A52EFF69F2445DF4F9B17AD2B417BAD
S214034430E66C37103FF1CAA1681FAC09120ECA30EA
S2140344407586E1A72B7E151628AED2A6ABF7158880
S21403445009CF4F3C6C5C5854801024FFFFFFFFFFCE
S214034460FFFFFFFFFFFFFFFFFFFFFF00000000004F
S21403447001200000002000000040025C0000000055
S2140344800000001001030401010109030B000000F2
S2140344900B000000020000000000202000000000C7
S2140344A0030000008C8C3C000000000000000000AD
S2140344B000000000012600000400000000000000C9
S2140344C0000100000000000001041040010000008D
S2140344D00500020000030000944603004446030060
S2140344E064460300BC460300784603000000000051
S2140344F0A8460300000000005846030038450300A2
S214034500D04603003A450300000000000000000008
S214034510000000004E0C0000000000000000000039
S214034520843E0300000000000000000004000000BA
S21403453000000000E2FF500001000400FB0014141A
S21403454000001C2030401C2000001C20304050532C
S21403455041004B455900000101020102020301021A
S214034560070B0B0701160C000001080800000501E5
S21403457008FFFF02FFFF0808020204FF010022FFF4
S214034580FFFFFFFFFF030404FFFFFFFF2AFFFF14E5
S21403459019191B011C15120400480C14010204040B
S2140345A0F4010000FA00000096000000640000001A
S2140345B04B000000320000001E0000001400000044
S2140345C000000000010150004000080050002400D5
S2140345D004009001500240009001AE011000004913
S2140345E0725314497207FF000102030405FF1453B4
S2140345F000724907CDF60000990503008DEB010014
S2140346003103020097050300F5050300EF050300D9
S214034610BD050200A3040300AB050300F105030078
S214034620F30503009F050300ED050300F9E601000B
S214034630A10303004DE8010001020C000000040082
S2140346400000080004000000000000000000000056
S21403465000000000000000006D05030000000000DD
S214034660A001040156000000000000000000000046
S21403467000000000000000000A0000000000000028
S2140346800000000000000000000000000000000022
S2140346900000000001000000000000000000000011
S2140346A00000000000000000B9EC0100000000005C
S2140346B0A0010107A0000104020408000600000090
S2140346C00000000000000000D9ED0100A1ED01008C
S2140346D009EE010000000000A0030601A009060978
S2140346E0A0020608A0050607A0050606A0070605FD
S2140346F0A0020604A0010610A00A0602A00D0600EA
S214034700000004020503060107010108090A000068
S214034710A0015C02A0035C01A0025C00A0020F09DA
S214034720A0030F04A0030F03A0050F02A0010F01AF
S214034730A0050F00A0040108A0020105A0030106BE
S214034740A0120100200C04030DEB0100200004015D
S21403475039EB010020025602DDEB01002002560170
S214034760B1EB01002001060559F0010020030A11F0
S21403477095EC010020040A0461EC010020050A02FE
S21403478031EC010020040A00F9EB010020000115BA
S21403479065ED010062676170692062756666657221
S2140347A07300010002000000000000000300000088
S2140347B00D000300020001000500676174742063A6
S2140347C06F6E6E656374696F6E00000000FB349B4A
S2140347D05F80000080001000000000000000000062
S2140347E0F5190300930B030059040300DF1A0300B3
S2140347F0A0010A05A0030A04A0080A03A0070A02E8
S214034800A0060A01A0070A00A0030906A0060905D8
S214034810A0070904A0040903A0050902A0060901CC
S214034820A00309000202030000000000A12F0200FB
S214034830E92F0200952F0200F52F0200DD2F02005C
S214034840CF2603000B27030031270300532703005B
S21403485075270300D14302008943020095430200F3
S21403486069440200EB280300772403007B2403003B
S214034870872403007F240300832403000000000032
S21403488088010000B80F0020E1FE0000020000804F
S214034890FF7F00000080FF7F0E025241494C00005C
S2140348A0A00000002D3B020050000000A53A0200C5
S2140348B0000000010000010100010101DD3D0200CE
S2140348C0C13D0200F9720200A1750200D97402000C
S2140348D001010203000000011F150F15150F151F18
S2140348E0FFFFFFFFFFFFFFFFFFFFFFFFFFFFFFFFD0
S2140348F0FFFFFFFFFFFFFFFFFFFFFFFFFFFFFFFFC0
S21403490000A801A802A8000000B801B802B800B0C9
S214034910247C03003C7C0300547C03006C7C030073
S214034920847C03000304040808050000000000005C
S2140349300000000000000000B8320000F804000089
S214034940B037000004000000303E00000300000003
S21403495000000000B8320000343E000000000000F3
S214034960343E00004100000000000000303E00001E
S214034970853200009D3200009D3200009D3200000B
S2140349809D3200009D320000000000000000000081
S21403499000000000000000009D3200009D32000071
S2140349A09D320000112B00009D3200003B2C0000BE
S2140349B04B2C0000D12C0000192D00009B2D00006D
S2140349C0012F0000BB2D0000912F0000072E0000D2
S2140349D0452E0000B92E0000F1300000C53100005E
S2140349E00D2C000071280000212400008F280000F1
S2140349F0012900009D320000D92900009D290000EE
S214034A009D3200009D320000212A00009D320000E6
S214034A109D3200009D320000F90F0000E90F0000F0
S214034A20031000000D100000171000008C4880686B
S214034A30000200D4704780B580208002A849086031
S214034A40CF2000F04BFA01BDF8B586480068864CC7
S214034A50802292032260854E316809051DD5110B0D
S214034A60A023034001D0216017E002403FD18027F6
S214034A707F4A17607F4A1760084038D0784D287AF7
S214034A80400705D501207C49086000027B49086081
S214034A902878002801D0062801DB0020F2BD00F0AC
S214034AA057FB716889684E682978052907D1B905C7
S214034AB0A1606E60B668CC218901704A116000F06F
S214034AC050FB012E00DA0226BC20800585490860CB
S214034AD0942080058449086065480021C943016421
S214034AE07142416481490F6040210160D5E7B148B6
S214034AF00160FFF79BFF0120F2BD5A480168890554
S214034B0004D5C06E0004000F022801D000207047B1
S214034B100120704738B580245548046000F018FB20
S214034B2005007348006800F065F9280000F019FBDB
S214034B30FFF77CFF4A48007A000705D5A0004A49DC
S214034B40086000F0E6FB31BD60039A490860B04890
S214034B50046031BDFEB50500CC208001964948604F
S214034B60012696480660FFF7C8FF002877D03C4C1E
S214034B702078002873D031020195052802D02A46F2
S214034B800A406CD1CC27BF018B4A1760A14A126832
S214034B9053075B0F022805D1022B5ED30801374962
S214034BA00860F7BD4D01032804D1022B55D93348BD
S214034BB00560F7BD042802D111404ED0F7BD052885
S214034BC04BD10198002848D0C005C10F68464170F4
S214034BD00198C004C10F6846017000F0B9FA02904C
S214034BE0606869464978002903D006688021214A0F
S214034BF011602C0488496A461278002A0CD0C268D1
S214034C000B68D21AA74B1B68234001D0066800E046
S214034C104668964200DD1600684640786A46127873
S214034C20024308D008684242B01E824202DA70424B
S214034C30886000E00026029800F093FA0198800549
S214034C4001D5994804600198054001D0974804604F
S214034C50002E02D009480760F7BDFFF75BFFF7BDDC
S214034C60343E0000400002A8402002A8C43E0000D4
S214034C700CC001A890E001A894D000A8505201A847
S214034C8038B580248A48046001204C490860894D61
S214034C902878052802D0600087490860FFF72DFFB3
S214034CA0002812D012480068000A80214140A868F4
S214034CB0000EC9B2814208D2564800684007400F2A
S214034CC0022802D2FFF726FF31BD7C480168C022C6
S214034CD00A4002D1C06F204001D00448046031BDB1
S214034CE01C1002A808E001A808D001A894D001A8C7
S214034CF018C000A8F1B582B00F008026B600A02029
S214034D00384002D06E48066052E000F021FA009068
S214034D106C480468F80202D5A0680069029000F0A7
S214034D2045FBB102606800F06FF92278200000218D
S214034D30521C4378934200D2002218235343C518CB
S214034D400C352B78082BF3DA14000270856028786C
S214034D50584A10703E400CD000F0FAF959490968D9
S214034D608968CE6800F0FDF9F80201D40320864373
S214034D7031005048816001260846304003D100F0D8
S214034D80D2FB00F07BFFF104686900F03DF93C209C
S214034D9000F0A4F8E0B200F0A1F8009800F0E1F902
S214034DA030054749086048480660300202490860F3
S214034DB00298FEBD401002A84C6201A894E000A829
S214034DC010B542480068800501D4FE2010BDC020FF
S214034DD080033F49086000F0BBF93A4909688A78BE
S214034DE0D20702D589688C7800E00C7800F0B9F910
S214034DF0200010BD334909688A688B78DB0704D521
S214034E00927818235A438A180C3290607047000031
S214034E10100002A8084001A848C001A8F1B582B056
S214034E202C4F3C680026200F000702D1E0010290B9
S214034E302AE000F023FF00F08BF90190802109039C
S214034E40606800F0E1F825786D1C6078A84200D20F
S214034E500025E80020180C3000900068029080219E
S214034E6009030098406800F0CFF83D2000F036F8BC
S214034E70E8B200F033F825700098A060019800F0BF
S214034E8070F902A800F05EFF13480068800407D597
S214034E90786901F026FC02990818029000D502965C
S214034EA00298FEBD480002A8481002A8482002A89F
S214034EB094E001A8343E0000506201A814C001A883
S214034EC0402002A8C83E000090E000A8400002A8C8
S214034ED0401002A8CC3E0000FC0302A84149096822
S214034EE0002901D5404908607047F3B581B03F4FAC
S214034EF0B9683F4C4A004CD50125090100D5212548
S214034F0001003C4A1068566822689206920E944640
S214034F103A6893008022134062461343802252006D
S214034F201A4300920A0023D0890601D5012008E01F
S214034F30F021014007D16946097A0C220A4002D0C3
S214034F40022000F03FF82C49096809040AD539689D
S214034F50090701D5022605E03968490301D500266D
S214034F6000E003264835009A24490968890003E0CF
S214034F70009A2249C96909094023194011439A0036
S214034F80002E02D0164326660835216602432266A3
S214034F902566E06D4407640F00F0C4F8A0070BD045
S214034FA0052C09D0B868000406D400F0D1F8022115
S214034FB0134A116000F0D5F800F0BDF8002000F0A9
S214034FC001F8F7BD0B490A68F0239A430001104322
S214034FD00860C0B270478020C0020A490860704764
S214034FE0000000004C0002A8884000A8440002A865
S214034FF0284000A8683F0000384101A8084001A8DF
S2140350007CD40350485000A880B55E4A116001F076
S21403501093FBFFF7E0FF01BDFEB500F099F80290A1
S2140350201020594908600023584803600220584955
S21403503008605848C0684005C20DD52A01D2D5225B
S21403504004E0D1204000824200D902001000010093
S214035050514C0194883C246864011DD54F4C009440
S214035060251D4F4E367806277E43AA530024019DFE
S2140350702D7CE540ED070CD5009D06266643AD194D
S214035080AD888FB2BD4200D2290086B2AE4200D2AE
S2140350902800641C022CEAD389B246310904414C29
S2140350A00C404638C005C00D20433A490860C0206E
S2140350B000063D4908603848017D00290CD03B496D
S2140350C0D52A02D98024E4050C60D1246400A242C8
S2140350D002D2802424060C601021354C2160354909
S2140350E00B604188002900D10280029800F039F84D
S2140350F0F7BD80B53048314908603148C1680902B8
S214035100090A19225143416005210160FFF784FF14
S21403511001BD2B480068C00300D4704780B5FFF775
S2140351207BFF01BD8020C002164908602548006841
S2140351304007FBD470478020C002234908607047AD
S21403514001E022490860224909680140F9D1704705
S214035150204800682021204A116010211F4A116050
S21403516070473021014002D110201B490860704768
S2140351701848006830210140102901D101207047EA
S21403518000207047401002A8F41302A8048002A867
S214035190409002A87C400050743F0000603E000030
S2140351A05C3E00000000FF01A0600050A4500050C9
S2140351B0F42302A818E000E07F1A0601500002A8B4
S2140351C010E000E0400002A8402002A8282002A821
S2140351D0280002A85C0002A85C2002A85C1002A8B3
S2140351E0FEB54E4880214902816102214C4A516036
S2140351F000214C4A11604C4A11800321484A116031
S214035200022101604948046820204949086080203B
S21403521048490860CC208001474908600120474977
S21403522008604048806F01900F26000B30400090C6
S21403523043480068C505ED0D103DC0202843C0B2A5
S214035240FFF74CFEE00506D50098092803D001F0C9
S214035250ABFB01F0C7F8019806403A480468032EF2
S21403526004D0022E06D10098032833D000F0EAF9C2
S214035270032E04D0009806282CD1062D2AD03248B7
S21403528000680127C00B384001D001F07FFD2F488E
S2140352900068000108D5052D06D101252C480760B6
S2140352A06805FFF74DFF00E000252100009800F099
S2140352B0CBF90400274E002D05D000F067FB3760BE
S2140352C0022025490860780570658009234908602F
S2140352D001F04AFB124880214902C1610099002966
S2140352E008D10221416000200E490861C020C00099
S2140352F01B4908602000FEBD80B5FFF713FF194861
S2140353000078800602D4022017490860FFF713FFCF
S21403531001BD022015490860704700002C1002A842
S214035320282002A8340002A8703E0000B40002A899
S21403533094E001A80CC001A8506201A894E000A85C
S21403534004ED00E0B44000A800E200E0EC3E0000FC
S214035350645000A8646000A82C4000A880E200E027
S2140353602C6001A8C43E0000081002A8082002A86A
S2140353707F480068800700D4704730B57D48042115
S2140353808C4A0123E024E4008568254002D013609C
S214035390D160D3600068044002D01360516053604C
S2140353A030BD8548012181600160704710B501203A
S2140353B071498A680240FCD1804A0423D3600C6892
S2140353C00440FCD15360106010BD7D49086801227B
S2140353D0104200D1704710B5E023DB000340FF24E2
S2140353E0A41CA34204D3774B1B689B0600D54868CE
S2140353F0024001D000F0ABF810BDFEB50700C82090
S214035400714908600620714908608020400370498E
S214035410086070480168704A0A40802109011143F8
S21403542001606E4CC020C00020600225A5616803A1
S2140354306B4908606B4E6C48F0664C206B49C86637
S21403544038686B498968814201D2019100E0019076
S2140354500199401A38600121380000F040FB694684
S21403546008703868019940183860FFF781FF5F4875
S21403547000685F4908605F480168490601D55E49D0
S21403548000E05E49316769460978002908D103219F
S214035490E16100683068054002D080208002206108
S2140354A068460078FEBDF8B50400554D8020C0015F
S2140354B02860544801218162534A11601F23036008
S2140354C05623436606230366504B1B68002B02D401
S2140354D00823036643664E4B0365C023DB004D4E2D
S2140354E03668F827FF01374001D1836700E0536130
S2140354F0E86B014008D0286BC00705D446480078FF
S214035500800701D401F0E0FC444845490860FFF7F2
S2140355102FFF200001F084FD286B8001FCD4286A4D
S214035520C8490860F1BD3F4801214161C1603E4A58
S2140355303E4B5366364B13650323036000203C4BF8
S214035540186011609162C8032D4908607047F02106
S2140355500901384A11600140374801602020374965
S2140355600860374909680840B74908607047000073
S2140355704C0002A86C0102A8700102A880B5B348CB
S2140355800821B34A13680B4001D0016141611178C9
S214035590C90602D5862109010160FFF716FF14200C
S2140355A0AC490860AC480168490701D0FF21416156
S2140355B001BD0000681102A86C2102A8682102A898
S2140355C0783F0000400002A8548001A80C9001A870
S2140355D0942002A8680102A8FFF1FFFF441102A865
S2140355E0A01002A8E40002A8294E0600300002A874
S2140355F0A03F0000FC0302A8CC3F0000C43F00000D
S214035600100002A8E01002A8442102A828C000A89F
S2140356100C1E0000A88001A83C3E0000FFFF7F7F11
S214035620B46000A8602102A8E02002A85E0600007D
S214035630400102A82C6001A82C5001A8442002A80F
S214035640084001A870470000F8B586B005000C00B6
S2140356508248866AFFF77CFD0590B00503D580482F
S2140356600068FFF7C7FB0020029001227306DB0FDA
S2140356707C498E688860B82040007B4F3860670896
S214035680B82038400978F0270F40402F02D1010098
S214035690402008430D2D02D1310004260E43710726
S2140356A004D501001420084310218C43AC49096833
S2140356B06D462A700493019605006C4FC80506D5FF
S2140356C080204000A249086028000125054304986D
S2140356D0002811D10C20284008280DD028005F4947
S2140356E0496BCA0601D410229043890601D42021AF
S2140356F08843B12101405AD068460078002859D023
S214035700B86DC004C00C792809D3802506205349F8
S21403571008606802A1490860002069460870812075
S214035720284049D008200499002900D138620199FD
S21403573008430190102084430420039000059849F1
S2140357400860400897490860012097490860684642
S214035750007800282ED00398062833D39348806B0E
S214035760C0062FD592480068000E02908F48066840
S214035770B6B28F48006A000603D030008026760152
S214035780064301F060F8002809D0FB20800100786A
S214035790C00604D030008026F6010643B6B23E614A
S2140357A0301238616E480168C80587D40AE00820BD
S2140357B039460862009531E08FA06906C90E405C41
S2140357C00390C4E7009503982449CB6A784A126885
S2140357D03D686E46B58128251D400543980CC001DB
S2140357E028431D001B0E2B4010252B40034390001F
S2140357F040221040184303AA9070086B000A03A9BE
S214035800C870FFF7DDFA03A9087102984871694862
S2140358100068C8800398F8660498F8660598FFF74A
S214035820A0FC0820610601D55D49886062490860CE
S2140358300198C1B20098C0B2FFF757FB200007B02B
S214035840F0BD00009C3F0000441002A8301102A8DF
S214035850F84F0000703F00000C4000A8180002A894
S2140358601CC000A8683F0000B46000A8540000AA4B
S214035870F8B5524F524C0F2501265249606BC006AD
S21403588021D5012008705048006850490A688242B2
S21403589004D289695118491C081A00E0101A4C49A9
S2140358A009684018012852DB01F05EFE4949096881
S2140358B0090B0D40022D48D17105474A116010218E
S2140358C0F963266041E0E06BC00026D543480068D4
S2140358D0E021890501403AD03E4C41480068C005A6
S2140358E004D42068000B28400228F5D03D480668FB
S2140358F0FFF72EFC3C49F2B20A603204120E0A602D
S2140359003202120E0A60320E0A60FFF72AFC206883
S214035910000B28400228DFD0F1BD344C2068002855
S21403592015D00E7001F07CFB002810D101F01CFE90
S21403593028490968090B0D40022D06D13104264A71
S2140359401160022139600021216001F011FEF1BDD2
S2140359501C2100AA802080042549086070470000A7
S2140359601C0100AA8020400421490860704780205B
S214035970C0041F4908607047802000051C49086062
S2140359807047802040051A49086070471948016827
S214035990490701D0FF21416170470000141100AA96
S2140359A0401002A8205001A8006101A81C4000A8CE
S2140359B0084001A8448001A8845000A8082002A833
S2140359C0100002A8733E00001CC101A820C001A855
S2140359D0DC3E0000AC0002A81C1002A8204001A870
S2140359E0084000A8904000A8640000AA483E0000B3
S2140359F0382002A80C4000A8030107060301070687
S214035A000501060605010606030207060302070646
S214035A100502060605020606FF2807D0032805D258
S214035A20AC490978C140C807C00F704700207047CB
S214035A30F8B58020000200908E48038808208E491F
S214035A4008600A2201200124944000990C43A249CD
S214035A50B6A5AD5C25438D60F025A04E3560864D1A
S214035A60B5A6B65C022737432F6004262E60814D09
S214035A709B4E3668064008D12E88F61AB6B2012E1B
S214035A8003D88E6C3603F3D401E00220F2BD8D6C8E
S214035A90CE6C6D036D0BAE4200D20094521ED2D56F
S214035AA008228E4B1A60009A8A608E4A1268520148
S214035AB013D58D4B5A78541C012525405D70140070
S214035AC006256C431C190968A1800099E1801A70A9
S214035AD080490B789040184308700020F2BDF1B55A
S214035AE082B0FFF75EFC00247E480068400102D4C3
S214035AF0012001901DE07D48826B00207A49C3B2E5
S214035B0006256B43CB189B8895B2AB4204D0401C4A
S214035B10C3B2022BF3D3FF20087001200190714813
S214035B200068400105D50878FFF776FF002800D007
S214035B3001946F4800686F4988616F4D029800684A
S214035B40296D4618002E15DD00F07FFD2860C00184
S214035B50301A00280EDDFFF729FC00F08FF80298B4
S214035B600068296D401801F05BFA010002D0029923
S214035B700C60FEBD614F8020800038605D4A10686F
S214035B800226072829D005210840052805D01160DC
S214035B900C2001F057FA01006AD1594D5948286282
S214035BA0FFF704FC2E60E020C0025749086000029D
S214035BB056494860300678603E60012001F042FA9C
S214035BC0F0012862022001F03DFA9020400128628D
S214035BD0022001F037FA700228624D4DE0204000A3
S214035BE02860042001F02EFA07003BD147480660E0
S214035BF0B002A862C001A86210203C4908600126D2
S214035C00EE6540254348006828401BD135480068A8
S214035C10400113D534480078694608706846007812
S214035C20FFF7FAFE002809D02F48694609780622AE
S214035C3051434018C0882D49086403E0FFF7F8FE77
S214035C4007000FD129480660C467022001F0FAF95D
S214035C50314C2560A8002060022001F0F3F9812072
S214035C60C002A0620198002801D0FFF752FA38005C
S214035C70FEBD0000703E0000889001A870B5FFF7D7
S214035C8090FBFFF793FB022618480660234DF002AD
S214035C902862C4082C62012001F0D4F96008286247
S214035CA02E601F482862E02040001B490860174DFD
S214035CB02E60FFF737FA1B4E3078002800D00520F9
S214035CC00C490860FFF737FA2C60174800687063C2
S214035CD070BD0000843F0000448001A888A001A88E
S214035CE0140002A8EC3E00005C3E00000C8001A8F5
S214035CF0F80302A83C0102A88C3F0000941002A8F7
S214035D003C1102A8BD080000142102A8942002A892
S214035D102C9001A84C0002A82CA001A83C2102A8A4
S214035D20FD680000603F0000300002A8000000018C
S214035D3001020408102020005050504040404030DC
S214035D4020202000F8B50400FFF730FB2948C021C7
S214035D50C900294A1268F823DB01134002D1274AF7
S214035D60116000E0016000942549AC2252008A6469
S214035D700A220A602349802252030A60224C626A7E
S214035D80224B13408022D2001A4362628022226092
S214035D90022242605003C8601D48E0601D4E4C203E
S214035DA0F0661D4D68699621C9014718009800687A
S214035DB0874200D30700C01B0099086000210098A3
S214035DC0FFF78DFE00990968C919009A11603168BA
S214035DD0296012490968490601D5114900E01149AD
S214035DE02161F2BD802000010F49086000010F49C0
S214035DF008607047582102A8AC8001A8581102A871
S214035E000C8001A8941002A8440102A8FFF1FFFF2A
S214035E10286E0600300002A8903F0000FC0302A88C
S214035E20CC3F0000C43F0000401002A8685000A802
S214035E30F1B584B0BD4800680290BD48006B96215A
S214035E40C90140180499884205D2081A01F0E8F8F7
S214035E50002800D027E2B74C6068C00700D522E2CE
S214035E600420B54988628003B4494862B448006890
S214035E700090606B8607B60F1025032E02D0AE483F
S214035E80856222E0084669034162A26B920601D549
S214035E90012065E0009A12060FD5A36B0222134079
S214035EA00BD1A84B05271F60A76B2F403A431A60F8
S214035EB000221A60626B120A1A6004228262A06BC6
S214035EC0002802D59C4841620026606B400704D533
S214035ED0606BC0002901084003E095488068C1074D
S214035EE001D5FFF734FBC149009805220240052A75
S214035EF007D1BF48B2018018006AC004C00C401E18
S214035F0008600020BB4AD26E12041AD5BA4A126839
S214035F10002A16D4012201204969002911D0B74965
S214035F200A700021B64A1160B6498D62C106B64AA8
S214035F3091670722B44B1A600022B24B1A601A46C6
S214035F40D167B249C02292000A603302002801D00A
S214035F50100000E01800AE4D28604A606B60002019
S214035F60E16B942292050A40150000D00125802695
S214035F7036022843000637D071482821405CC021EA
S214035F80014040290DD1FFF7B7F96948C06D00906D
S214035F906846FFF732FA002876D10098FFF783FAAF
S214035FA001E0FFF7B6F9202020602D0600D17AE144
S214035FB0944D606B400708D570086049486202201C
S214035FC0E86200F05DFA002806D004205A49886289
S214035FD040025A494862EE6259480078000600D4E7
S214035FE061E130015449FFE00125606828404BD148
S214035FF0AE480068C005400F022803D0032801D02E
S214036000062802D169464D7005E0002069464870AF
S214036010A748A8494860680448498862FFF782F899
S214036020E06B064006D1FFF793F80221A24A1160FF
S214036030FFF797F8FFF77FF8280320609F4EC020EE
S2140360400006706028049B490860606B4007C10F18
S21403605068460170E027FF023020029949072FD5D2
S2140360604021A54A11624901924A11660321A24AB8
S21403607091640021116030608E4845658020706011
S214036080062000F0DFFF002800D00CE1894D8020B9
S2140360904000E866022000F0D5FF802040009749C4
S2140360A0886618207060082000F0CCFF0028EBD12B
S2140360B0242070609148C765A020C002286672E05D
S2140360C0E16BC90249D5C04949680902090E019125
S2140360D04909022901DB8A4901E0B3218900019AB3
S2140360E0302A3AD3124A1288E72A36D395235B001E
S2140360F09A4205D89A1A12095143890A4B4204E078
S214036100804BD218120951438B0A5BB20199C91806
S214036110074A126B9446064AD26B53436246D2181A
S214036120034B1A639F290FD39F2110E0FC0302A899
S214036130743F0000100002A81C2002A81C1002A82E
S214036140C43E0000E40000AA202900D821210A0248
S2140361500A4309041143274A11606749AA020A62DF
S2140361609A4A8A6414220A60306052484565634836
S214036170C765A8034F49886640027060062000F092
S21403618061FF002831D12D064A48C566022000F07B
S21403619059FF5A48856668097060082000F052FF68
S2140361A0002822D17560032000F04CFF884816496A
S2140361B0886700F04AFA874D401DC001296B4718CF
S2140361C08548406F8021C9010840019008468349ED
S2140361D00860049887421ED2296B401A00F020FFFD
S2140361E0002817D001987E4908605CE0204000A88C
S2140361F00C0000AACC4001A8784201A8723E000019
S2140362006C3E00003C5000A83C6000A8046100A857
S214036210045100A8049F206AE8620298400701D54B
S214036220402003E0802080047060C0087060012076
S21403623000F008FF802040001E490860380000F088
S214036240EFFE8B4E68460078002806D16248006849
S214036250F0618020C00387490860019860490860A0
S21403626085488649086025488021090141666946B4
S2140362704978002901D104210160206A68626846D2
S2140362800078002809D0012000F0DCFE30780006F4
S21403629003D58020000391490860E06BC00202D555
S2140362A049480068286305B0F0BD0000204001A8F7
S2140362B0040000FFB41002A87CE40350441102A8B3
S2140362C010B5FEF745FF864900240C600A22CA6112
S2140362D0FEF747FF8348C021890201608249416077
S2140362E0824810210160C905416540208049086045
S2140362F08048047010BD0000400102A8B82002A820
S21403630033070000D6FEFFFF7B48406B800300D4B4
S2140363107047F8B5794804680027002000257849B7
S214036320E20706D5C02080028025ED03EA0A0A604C
S21403633003E0A20701D4032040252843C8620120B6
S21403634000F080FE802040006E49086708206E49F2
S21403635008606E490968090203D46D49096801405B
S214036360FBD0012000F06EFE6A4EE00702D58020C7
S214036370800430643564042000F064FE600702D5B0
S214036380E020C002F06064483064012000F05AFE4A
S21403639062483064C320000630645A4880214902AC
S2140363A001671021B163890271615D490F600122A3
S2140363B032603022F2638F62802189014E4A116077
S2140363C009010160F1BD0000F83F0000F30700007B
S2140363D0FFFF7F7F743F000020C001A894E001A860
S2140363E094D001A8F8B54F4800680D270740042449
S2140363F0002F00D104274C481025660308214B4A7A
S2140364004B4B1B682340126814D04260394004D0BB
S2140364100220FEF7D7FD474806603C4007D04648B3
S2140364200068054344480560B008424908600220F6
S214036430424915E00260394005D00220FEF7C2FD4E
S214036440A0023C4908603C4006D03B4801680D4327
S21403645005607009374908603848066030032949E3
S2140364600860FFF751FF00210020FEF73EFDF1BD57
S214036470C43E00001C1002A803000300482102A823
S21403648010B580202E490A6802400AD02D4B1A68A0
S2140364900624144005D15C6E2B4A22401B6D9C01DA
S2140364A001D5002010BD096808400DD02748824258
S2140364B003D1180501D5012010BD25480068C10782
S2140364C0C90F481E8041C00F10BD22480321C16377
S2140364D0A821816310210160704700001C2002A8D8
S2140364E0D80000AA402002A804000080646000A828
S2140364F02C4000A8723E0000100002A8FC0302A86D
S2140365001C1102A8442002A84C6201A8C44001A89A
S2140365104C4201A8082102A8240000019800880024
S214036520600102A8B44000A8E43E00001CC101A814
S214036530440002A8401002A8683F0000685000A864
S214036540400002A814C001A81F1F0000010C000091
S21403655030C101A8082002A86C480068012108423F
S21403656009D16B4A12686B4B000C1840F03291400D
S2140365700B40984201D00220704700207047F8B5C0
S21403658007000F386A461080604CA0680A0004D1E2
S2140365906B461B8882B29A423AD200226B461A8016
S2140365A0012502263A0013D02268324007D000297C
S2140365B02ED059480088401C5749088000203900CF
S2140365C0E16056490E6080B2B84201D369460D8039
S2140365D05348456000E030BF2068304003D1FFF7E2
S2140365E0BBFF0028F7D04D484560390010D021681E
S2140365F0314005D048490A886B461B88D2180A8062
S21403660006600020E060A068B84201D244480660F5
S214036610FFF7A2FFF2BD38B5050000F0A5FF0400A2
S214036620012199204543A8093E4A1268801812386A
S21403663080B2FFF7A4FF05008020C0013A49086036
S214036640200000F095FF280032BD33480388354903
S214036650096802889342F9D1100408187047FEB5FA
S2140366601238070C6946088000F07EFF0190274C1D
S214036670294D2888B8421ADA01202C490860274E8B
S21403668030BF02202168014006D03060400326490F
S21403669008602888401C2880FFF75EFF010002D1AF
S2140366A02988B942ECDB0121716000280DD12888C6
S2140366B0B8420AD1A06869460988884205D20021F3
S2140366C068460088FFF75BFF01E0FFF745FF04001D
S2140366D08020C00114490860019800F049FF20009B
S2140366E0FEBD10B512490A680E4B1B680C6894422F
S2140366F0FAD0DB014033141A02D288692418641CCA
S2140367000C4800684443181B10BD0000280002A86C
S21403671004ED00E0FF3F0000703E0000282002A8C2
S214036720281002A8300002A880E200E02C1002A87D
S21403673020C001A8B43F0000F0B502E00A601C6068
S2140367402E607EC84F1C07D05F1C04D06F1CF5D18B
S2140367500A601C60F0BD0A60F0BD00000006800FF2
S21403676070479D4909684143880B70478A4800680B
S2140367700104C80F704788480168090407D587498C
S2140367800A68964B1A604A6842618868C860704710
S21403679080B5FEF7DDFC012081490870814800685A
S2140367A0022808D28E480068F02109050140C0205F
S2140367B080048142F2D08B480068C01C8A4901439A
S2140367C08A48016001BD8A488849086000208949D3
S2140367D0086080218902884A1160714908707047F1
S2140367E0F1B582B00F001400C006000E00901038FA
S2140367F0912827D2FFF7BAFF002823D000250126C9
S2140368000298FFF7ABFF002802D0022804D004E06A
S2140368107A480068304000D001252600784C3800BE
S2140368200C30FFF79EFF8019206000983818FFF79A
S21403683098FF80196060C0208001724908602803B1
S21403684071490860F7BD6D4800780621014001D103
S21403685000207047B848006802288041C00F704780
S214036860F8B56A4C634A0421C0239B04F0252D0522
S2140368705B4E2069084204D0107C8006C10F490095
S21403688020E0800720D5D068042803D2306828404B
S2140368909842F8D0107C0007000F072814D1507CCC
S2140368A0022811DD907C8006800E02280CDBD07C4B
S2140368B0009007460F4207D0C00700D50A21B80745
S2140368C000D5891D002904D1FFF77DFF0020A061B4
S2140368D0F1BD481CD768874203D237682F409F42D2
S2140368E0F8D09648405CA061C300F821194002D056
S2140368F08023DB04136049005160A168002932D16C
S2140369000102F82252010A406168914200D20A004D
S21403691023681D1F8A498B61AA184A61864A136831
S214036920002B01D1BF2600E09326304B1D68676914
S214036930BF00BF0BF6193603AD05AD0D35431D601D
S21403694080235B010B60810908D11168002901D1FE
S214036950282200E019220021FFF742FF207C0007CF
S21403696001D40120A060F1BD80B5FFF76CFF0028BD
S21403697011D01A484168002903D0724A11600021D9
S214036980416007480078002805D0FFF71CFF1C4825
S2140369906D490160416001BD584201A8983E000060
S2140369A0743E0000D04000A880B5FFF74CFF0028D7
S2140369B011D0062065490860002065490860F0206C
S2140369C000016449086080204000634908600C4861
S2140369D05D490160416001BDBC3E0000403E0000D1
S2140369E00C0002A8204000A800F0FF3F544201A874
S2140369F0FFF3FF3FC44000A84C6201A8B83E000066
S214036A005C4201A8586201A8585201A8A83E00009B
S214036A10F0B581B00400A0031CD5474800680028E1
S214036A2000D081E0474801684C4A5160CAB2FF2350
S214036A309943D30702D5EC23DB02C91852080A434D
S214036A4002600E2000F0FEFA082045490860C003E5
S214036A504449086044480168444D09043FD56969C0
S214036A604161FEF775FB3D490A68531C6A68934209
S214036A7000D32B681E78B706BF0E5B1C934200D369
S214036A802B68BC461E78B701FC2636013E40674697
S214036A903E435B1C934200D32B68B4461E783603F2
S214036AA0FC27BF023740664637435B1C934200D33E
S214036AB02B68BC461E78B704FC2636043E40674661
S214036AC03E435B1C934200D32B681A781706FC22BE
S214036AD092053A4032430B606A61FEF742FBA00719
S214036AE027D58020C0021F490860FFF7ACFE0028A8
S214036AF01FD0686AC0B2002802D006211C4A116063
S214036B00810916D01B490A68012AFBD94968090579
S214036B10090D091DC900084A1268012A00D149084F
S214036B20002A03D1282202E00C208BE71922FFF764
S214036B3057FE01B0F0BD00006C3F0000D44000A833
S214036B402C4000A8EC4001A8FFFF0300846201A8C4
S214036B50504000A80C6000A80C5000A8403E00005F
S214036B60846000A84C6201A8584201A8903E000029
S214036B70845201A81C4000A880B5FEF723FA012022
S214036B807E49086001BD80B5EB2000F001F801BD29
S214036B9030B57B490B6818401022134210D0794B4E
S214036BA0794C2468224008D0A94A14682402FF2599
S214036BB02D022540DD6200241460802252031A60F1
S214036BC0086030BDF3B5010016001C0000250095D3
S214036BD0A048019A330000270BE0BC464F5D4743AD
S214036BE0AE009E597E40575D47433740664637435F
S214036BF06D1CA542F1D3390939438A080A43510863
S214036C0011430840C10901430F208A0B0A4302407F
S214036C105040F6BDF1B582B00E0000208C490860E6
S214036C208D4DEF7AA87A01900F21394000910ED04E
S214036C300B468A4A8A490298FFF7C4FF0199014026
S214036C4083480160874841438748084001D10124AF
S214036C5000E04401380915D032003B0929000298A8
S214036C60009E6D7A75194019FFF7ACFF019909115B
S214036C700140774802680B0113430360002901D0E3
S214036C804800444379480068204001D10420FEBDF3
S214036C900020FEBD80B50A00002111807449528889
S214036CA08018FFF7B7FF02BD70B50F22714B5C79F2
S214036CB005780F202040C540200928409C79C44011
S214036CC0E40701D4032070BD2F4C2468A50705D51F
S214036CD09D684600AD5B6D1E674E3560DD78DE79D8
S214036CE0C640F00711D5E0060FD5002D0DD063483A
S214036CF048600888488008881C7800192A4080184D
S214036D005A7880182A09801800E00020088000209E
S214036D1070BD80B55A4801685A4A0820014201D01E
S214036D2050611061C90602D58621090111605649D2
S214036D30564A126812040CD5554A1268530401D5F4
S214036D40C00305E0C0239B0113404202934200D0D8
S214036D5008600D480078C022024002D1802040051A
S214036D6008604C4800682022104008604A480068C3
S214036D70C00101D4FFF707FF01BD00002C4000A8A7
S214036D80703F00001C1002A8C43E0000F8B5434F35
S214036D9038687E680640424830404249086080248E
S214036DA0A403414DF00228D540480168080606D5DD
S214036DB03F480068A86001202870022015E00120E3
S214036DC0014202D03B49A9600FE00020C9060CD55A
S214036DD02A49A960384A91780B071B0F12789A182C
S214036DE009095118A980E880A888A880A8880028DF
S214036DF001D0264301E0FFF7C6FE264026D0294EE3
S214036E0074603460A88800280ED0F96981420BD3D9
S214036E10291D2A48AA6890470100F3D0FEF7D2F846
S214036E20012027490860F1BD01000CD0FC2189022E
S214036E30B161244902038A6134604C60FA69824274
S214036E4004D30C60F1BDEB20FFF7A2FEF1BD0000FA
S214036E504C3E0000010101013C3F0000F43E0000EF
S214036E60343F00001111000021840000F03E0000B2
S214036E70143F0000443F0000204000A829230000E0
S214036E80F84F0000302102A8441002A8384101A898
S214036E90204201A8084001A8CC4000A8B44000A89E
S214036EA0FFFFDFFFB46000A8503E0000C43E0000B2
S214036EB0B03700003D230000453F0000D44000A843
S214036EC02C4000A8B45000A8FEB5C020C004364924
S214036ED0086036483649C8651024364804601020D2
S214036EE000F0B0F801005ED1FF20000532490860CB
S214036EF032483349086033482D49086025042E4834
S214036F00056031480768082000F09CF801004AD164
S214036F1008262E480660012000F094F82A48806868
S214036F2002902B4806602B482149086022480560DA
S214036F30082000F087F8010035D1244806600120B8
S214036F4000F080F8204DA868019021480660184E8E
S214036F50214830600299019800F046F80104FC20AD
S214036F608003084000900298C10B0198C00B00F004
S214036F703BF80006FC2189050140009801431748A9
S214036F800A0C4240FF239B1CD21810400843306073
S214036F902F60E003084908602868286010480460EA
S214036FA0104981640020FEBD20E000A8F71700000A
S214036FB02C0102A8401102A8B02002A80000380E37
S214036FC0B01002A810103030E04001A8E05001A82D
S214036FD0E06001A830301010202020203F3F000042
S214036FE0402102A8F7FFF00010B54904CA10400478
S214036FF0C310991A00209A18D30F9A1852105218D1
S2140370008B115B0E5B18DB11D2182023541A01D4A4
S21403701022001843CC0F611849105B08F6D110BD47
S21403702010B5C409FFF711FB201A312806DAC00091
S214037030183801D4C01EFDD5002010BD2000FFF770
S2140370400EFB10BDC32148436F3801D41E38FDD54F
S2140370500020704710B5C20018231340FF249C403D
S214037060E2438907090E9940030004D476489B0837
S2140370709B00C01806E0B04B0007000F08388008D6
S2140370808000181803681A401143016010BD80B5CC
S2140370907B225421002000F021FA01BD10B500F038
S2140370A063FA0121694A1160694B6A4A13606A4AA6
S2140370B013600323694C2360694C2360694B196092
S2140370C0694B196080239D4C2360D16000F050FA11
S2140370D010BD00F049FA05000024012160B2FFF755
S2140370E0B9FF641C0E2CF8D301210F20FFF7B2FF63
S2140370F001211120FFF7AEFF01211320FFF7AAFF9E
S21403710001211720FFF7A6FF03210120C043FFF745
S214037110A1FF01211B20FFF79DFF01211C20FFF784
S21403712099FF01211D20FFF795FF01211E20FFF780
S21403713091FF01211F20FFF78DFF6E486E490860FF
S2140371406E48C16AC1620168016002206C4908602A
S21403715001208549086047046A4C20683840FCD003
S214037160FDF7C7FF280000F003FA754D0AE0002874
S2140371701BD0FDF7EDFF18E020683840FCD0300048
S21403718000F0F6F9206D0004000F022801D1FEF787
S2140371906FFB00F0E9F90600FDF7EAFF0028A87880
S2140371A0E5D0002801D1FDF7DCFF0120697800292E
S2140371B009D12978002905D16C490968890601D4C3
S2140371C04F49086030BF0021697029780029D6D15D
S2140371D002214B4A116064490860CDE764480168A0
S2140371E042680A40634810401A490860800703D57E
S2140371F0A0480188491C0180704770B55E48016845
S21403720040680840000E00065C49802212051042C2
S21403721018D05B4B1C68641C1C605A4C5A4D2D6876
S2140372202D0407D5A568002D04D007250D6001257C
S214037230A74E3560402525601B68012B02D9102315
S2140372408B62CA67886770BD00E400E0040002A88A
S2140372500000FF3F282002A82C1002A840E002A846
S21403726044C002A804C001A8044001A8F8B5824C93
S214037270206B616B01400091964D0846286000988C
S2140372809549014001D0FFF7C3FB802000990140D8
S2140372901CD0F821C90123680B4017D0C022120165
S2140372A0934213D880231B06EB6226680E40944F46
S2140372B03F683F043F0F022F01D0032F03D1002E58
S2140372C001D09642F1D38F490B6028608E48007830
S2140372D006280DDA0098CC218901014008D000F079
S2140372E043F904000098FDF735FC200000F040F950
S2140372F0F1BD0000FFFF9BF800E100E0E04001A8BD
S2140373005C2002A85C0002A810B5804801684468A7
S2140373100C407F48046080210C4205D041607D48C4
S21403732001600020FDF716FC600403D580204005AD
S2140373307949086010BD00001CED00E0505201A81A
S214037340723E000038B57548016844680C40E00793
S21403735007D500F009F90500FDF792FC280000F0B8
S21403736007F96F48046031BD5C1002A8F40302A855
S214037370280002A8FFFF00C0B44000A83C6000A895
S2140373806C3E00002C4000A8384101A8FEB5654CB1
S214037390206C666C064001273E4216D03D066248C6
S2140373A00560206861490F60002802D00021FDF7C0
S2140373B02BFE5F480068A021C90188428041C04374
S2140373C0C00F5C4988705C480560FDF7C1FE0290FB
S2140373D002210E4049D06068C2B20192000A0090B2
S2140373E008224B4B4C03554D0020019E012E27D0FF
S2140373F0022E38D1009E012E24D1EE790096504EEF
S2140374002F780C2047430020F0512878400590271A
S2140374107F04C719032038434A4F38601C604A4824
S2140374200460301D2B780C246343484C2468009F6B
S214037430E419C45028780C2358433150444811E0CB
S2140374400091DCE7002E0ED1424E37603C4E361DCF
S2140374502D780C277D4370515C601C60C8043E4B3E
S21403746018603E480260314801600298FDF779FED5
S214037470F7BD0000703E00001C4201A870B5FDF782
S21403748067FE040000F070F82E490A68D20718D584
S2140374902B4A121DFA239B015D790C267543565918
S2140374A02A4D2D681E60CE689E604968D98080216B
S2140374B0C9041D4E3160197B69185B790C256B4333
S2140374C0D15000F055F82000FDF74BFE70BD0000CC
S2140374D03C5000A84C6201A802000600002800D019
S2140374E0704710B50C00FDF733FE1D490C600122F2
S2140374F01C4B1A600B6C1340FCD1FDF732FE10BD1B
S214037500AC0002A8785201A8343E000090C001A83F
S21403751090E001A80CC001A804ED00E090C000A80C
S21403752090E000A800C002A8401002A840E002A80D
S214037530404000A8723E0000402002A8853E00009E
S214037540300000A860C101A894D001A8200000A8BC
S214037550F42302A860E101A880E200E0F41302A885
S214037560008002A8409002A8EFF3108072B670471E
S214037570002800D162B6704780B5FDF731FEB348E8
S214037580006800030AD4FEF75DF8FEF7BDFEFDF7BC
S214037590CAFF0120FEF794FEFEF770FB80208005ED
S2140375A0FDF7CEFD01BD80B5FDF71AFE8020400233
S2140375B0FDF7C6FD01BDF8B5FDF7B4FD05209849F6
S2140375C00860FDF7B8FDFDF7ECFEFDF709FEA048E1
S2140375D0016800919F4B406818609F4801688A05C0
S2140375E0D00F0022012421420FD000929B4D6E68DB
S2140375F01E602E689A4B1F68BD1BBE4202D39F694E
S214037600ED196D1C974FBD42F5D3974D2A600028A0
S21403761003D00098FDF76EFB00902868204004D145
S2140376206846FDF7EAFE002802D10098FDF73BFF07
S214037630AA4804606004FDF783FDF1BD38B5A84C85
S214037640E06BC00506D580200006206000BF00BFA3
S21403765040082060FDF792FFFDF7C2FDFDF7F4F941
S2140376600500A048A0490860FFF785F88020C002FF
S214037670FDF766FD002D01D08020206001209B4988
S214037680087031BDF8B5FDF7ABFDFDF74BFD0224E1
S2140376909348C06B000405D4FDF75AFD94490C606B
S2140376A0FDF75FFDFDF747FD1020C04391490860D5
S2140376B000258B48856390480560FFF7C4F80700EC
S2140376C0FB26B601002F02D0FFF762F800E0356014
S2140376D02C20305C0521014002D0FDF70DFE01E0B1
S2140376E0FDF717FEF06A044002D001207C490860CB
S2140376F0FFF70FFB002F01D0FFF7B2F8802000033F
S214037700FDF71EFDF1BD80B5FDF76AFD4F48006825
S214037710000303D4FDF707FFFEF7B0FA802040030B
S214037720FDF70EFD01BD38B5FDF75AFD6C4C20255F
S214037730FEF7A6FE002806D0206B000704D5FEF74A
S214037740C4FEFEF74FFB2560FDF7EDFEFEF796FA47
S214037750BD4800780C210140042902D1FDF7CCFD79
S21403776001E0FDF7D6FD6804FDF7EAFC4020206043
S21403777031BD1CB5FDF7D6FC052029490860FDF789
S214037780DAFCFDF72DFDFEF7A0FEB048006800907A
S2140377906846FEF7D7FA0400FEF7EDFF002C02D189
S2140377A00098FEF745FB80204004FDF7C9FC13BD97
S2140377B0F8B5FDF715FDA64C256A5020284002D0E3
S2140377C0FDF79AFD01E0FDF7A4FD454FFEF758FED1
S2140377D000281BD1786B40071DD4386BE021490184
S2140377E0014018D1A80611D4FDF79CFC256A994ED2
S2140377F0354207D0FF20C0432D18256280200005A0
S21403780095490860FDF797FC2E4002D001203860AA
S21403781001E00020206080208004FDF791FCF1BD8C
S2140378203C1102A880B5FDF7DBFCBC4800684006A7
S21403783001D5FDF778FE0120FEF742FDFEF71EFA9E
S2140378408020C004FDF77CFC01BD00000C0002A8EC
S214037850B83F0000483E0000400002A8D03E0000AB
S21403786020C001A801FF00003C3E000010B576488A
S2140378700468FDF7B5FCAA490968090328D403215F
S214037880C00601D5214001E0A0080140012902D12C
S214037890FDF732FD0BE0200107D50E20FFF76CF94C
S2140378A0A0480421016008210160FDF732FD9E4CCB
S2140378B020699E490860FEF75EFF2068002807D00F
S2140378C04000122802D2FFF7BDFB01E0FEF7A3FE3D
S2140378D080208003FDF734FC10BD0000402002A882
S2140378E0100002A870012000B46000A8733E0000D8
S2140378F07CE40350442002A84C3E0000F8B584B054
S21403790001266846067000270297FDF769FC039078
S214037910834C2068000300D58FE00320A449C86386
S214037920A4480068A44D0F210F220240032A03D067
S214037930000B014006294DD1A0480068A0498E6D72
S214037940E16B890701D59E49CE6DFEF7CAFE8619FF
S214037950FEF779FF00280ED02879C1060BD02868D9
S214037960090D4143890B761895490968002902D108
S2140379700002400C3618002E01D5019700E0019650
S214037980606B0107C80F03212A6B0A40022A1BD12A
S214037990039AD20618D5AA68D30513D5A66B894BC6
S2140379A01E409E4203D11021814AD1630CE092050A
S2140379B00AD4E26B2823134006D16B461F70264A6F
S2140379C0116001E06A461770029068460678002E3A
S2140379D003D10FE07A48406D0190FEF751FD002871
S2140379E008D0FEF772FD0298002802D0FEF7FAF9D7
S2140379F000E0002602206E490860002E10D03020DA
S214037A00285C0C210140042902D0A06BC00602D5D5
S214037A10FDF772FC01E0FDF77CFC202060600CE0C3
S214037A20FDF781FD01A8FEF78DF90400FEF7A3FE1E
S214037A30002C02D10198FEF7FBF980200004FDF725
S214037A407FFB05B0F0BD0000EC3E0000CC3F00001D
S214037A50CC3E000000FFFF00441002A8FEB5002441
S214037A600194FDF7BDFBFEF786FE574EF06E574DAD
S214037A700007000F072807D17068002804D40020E9
S214037A80FEF71EFC286841E001210320504A736874
S214037A905B070BD44F4B1B680B4007D01368DF05FF
S214037AA00BD55B0502D43368DB0503D40191916AD9
S214037AB0890904E01021484B1960916A09090840B6
S214037AC000900020FEF7FCFB0098002805D17068A4
S214037AD0C00602D4FDF71DFC01E0FDF70DFC0020F7
S214037AE00199002903D13D480068FEF7FAFD69694C
S214037AF0401801D5009400E000906846FDF77DFC31
S214037B00002805D10098FDF7CEFCA8690749086050
S214037B1080200005FDF714FBF7BD0000440102A812
S214037B200C0002A880E200E0AC3F0000483E0000E4
S214037B30F8B5FDF755FB002400252948066B80277A
S214037B407F05300606D5300709D5FEF7BEFCFEF7DF
S214037B5049F929E001251F480068284019D000206C
S214037B60FEF7AEFB0220064002D01E490C60C86139
S214037B701D480468002D03D02000FDF74FF90400CC
S214037B80FEF7A3FC2000FEF753F93800FDF7D8FAFA
S214037B90F1BD16480078C0210140402902D1FDF707
S214037BA0ABFB01E0FDF7B5FB20200D490860ECE7D1
S214037BB0082002A8AC0002A8BC3E00000CC101A825
S214037BC06C3F000010000010400002A8BC3F0000FD
S214037BD0C43E0000B44000A8441002A81CC101A87B
S214037BE0100002A8180000AAD83F0000EC3E0000D0
S214037BF0FFF754FA024803494860FFF76AFA00BFE2
S214037C00672700000000000080B5EFF305800B280F
S214037C1001D23A2100E029218C2252000020FFF7EE
S214037C205DFCFEE7E4840300000000009C7C030088
S214037C30010000000000000000F04902E484030095
S214037C4000000000C07C03000100000000000000EC
S214037C5000F04902E484030000000000E47C030013
S214037C60010000000000000000F04902E484030065
S214037C7000000000087D030006000000000000006E
S214037C8000F04902E484030000000000E07D0300E6
S214037C90010000000000000000F04902047E03001B
S214037CA0809C2B8F80841E00000000002700FF7F2F
S214037CB0F40B002000000000908803000000000082
S214037CC0647F0300809C2B8F80841E0000000000CE
S214037CD02700FF7FF40B00200000000090880300BD
S214037CE000000000C4800300809C2B8F80841E004D
S214037CF0000000002700FF7FF40B002000000000B8
S214037D00908803000000000024820300809C2B8FD1
S214037D1080841E000000000022002C01F40B0020CB
S214037D200000000090880300000000002482030087
S214037D30809C2B8F80841E00000023002300B60047
S214037D40F40B0020000000009088030000000000F1
S214037D5024820300809C2B8F80841E000000240056
S214037D6024009D00F40B0020000000009088030010
S214037D700000000024820300809C2B8F80841E005A
S214037D800000250025007D00F40B00200000000005
S214037D90908803000000000024820300809C2B8F41
S214037DA080841E000000260026003A00F40B002004
S214037DB000000000908803000000000024820300F7
S214037DC0809C2B8F80841E000000270027002C0138
S214037DD0F40B002000000000908803000000000061
S214037DE084830300809C2B8F80841E000000000089
S214037DF02700FF7FF40B002000000000908803009C
S214037E0000000000FC4F0103008703001040010040
S214037E10004100003C400100000000004840010013
S214037E202007040050400100000000005C400100F1
S214037E300D0F000004410100FF4C00002040030129
S214037E40000000861FC0010000200000384001012A
S214037E500000000058400401180005004008000018
S214037E60090000009200040080400F018C002C02E1
S214037E70000000001200120000808C1900000000B1
S214037E800002050E1C2F4353626968615543320492
S214037E9016100E0E0D0C0A0807060504030302024D
S214037EA00201010101010100EC40010180B0B18C27
S214037EB0FC4003019C200B00055B60804737414A6A
S214037EC00C410301B85512002A19492909084040F4
S214037ED028410101FFDD0000384107014CD4E83B8F
S214037EE004196F10080E141A20262C32383E10324E
S214037EF05476980A1D00000070410101C00300007B
S214037F00344201010008000E4842010158AA1EC06F
S214037F1078420101000000803880010111491000F9
S214037F209C800301EB40020070380300D000000081
S214037F30A8800111F0010000A8800131055AFD0157
S214037F40AC800111F0010000AC800131053EFD005C
S214037F50E40001026C2C511154010102C43F0000DD
S214037F60FFFFFFFFFC4F0103508703001040010093
S214037F70004100003C4001001000000048400100A2
S214037F802017040050400100010400005C4001007B
S214037F900D0F00000441010003C00100204003014F
S214037FA0300000461FC801000020001038400101C1
S214037FB000000000584004011800050040080000B7
S214037FC00900000092000A0080400F018C002C027A
S214037FD000000000120012005B808C1B00000000F3
S214037FE00002050E1C2F4353626968615543320431
S214037FF016100E0E0D0C0A080706050403030202EC
S2140380000201010101010100EC40010180B0B18CC5
S214038010FC4003019C200A0001612080B7563512FC
S2140380200C410301B8551200A01B042908884040E0
S2140380302841010100000000384107014CD4E83B09
S21403804004196F300A10161C22282E343A401032B8
S2140380505476980A1D5F80A4704101010000000059
S214038060344201010008000E48420101F4811F005A
S2140380707842010100000000388001011149100018
S2140380809C800301EB40020070380300D000000020
S214038090A8800111F0010000A8800131055AFD01F6
S2140380A0AC800111F0010000AC800131053EFD00FB
S2140380B0E40001026C2C511154010102C43F00007C
S2140380C0FFFFFFFFFC4F0103A087030010400100E2
S2140380D0004100003C400100100000004840010041
S2140380E02007040050400100000400005C4001002B
S2140380F00D0F00000441010003C0010020400301EE
S214038100300000461FC8010000200010384001015F
S2140381100000000058400401180005004008000055
S2140381200900000092000A0080400F018C002C0218
S21403813000000000120012005B808C1B0000000091
S2140381400002050E1C2F43536269686155433204CF
S21403815016100E0E0D0C0A0807060504030302028A
S2140381600201010101010100EC40010180B0B18C64
S214038170FC4003019C200A0001612080B75635129B
S2140381800C410301B8551200A01B0429088840407F
S2140381902841010100000000384107014CD4E83BA8
S2140381A004196F30080E141A20262C32383E10326B
S2140381B05476980A1D5F000070410101000000001C
S2140381C0344201010008000E48420101F4811F00F9
S2140381D078420101000000003880010111491000B7
S2140381E09C800301EB40020070380300D0000000BF
S2140381F0A8800111F0010000A8800131055AFD0195
S214038200AC800111F0010000AC800131053EFD0099
S214038210E40001026C2C511154010102C43F00001A
S214038220FFFFFFFFFC4F0103F08703001040010030
S214038230014100003C4001000000000048400100EE
S214038240A007040050400100000000005C4001004D
S2140382500000000004410100FF4C00002040030121
S214038260000000861FC001000060000038400101C6
S21403827000000040584004016402FF00400800006C
S214038280010000009200080080400F018C000C02E1
S21403829000000000D70322000000000000000000DA
S2140382A00002050D1A2D3F50606869635746352551
S2140382B0150D090807060505040404030303030252
S2140382C00202020201010101EC40010190382C8CEC
S2140382D0FC4003019C200A00055B58804737414A4F
S2140382E00C410301B85552002A194929893B4040DD
S2140382F028410101FFDD000038410701E853FA0079
S2140383000000000000000000000000000000000065
S214038310000000000000000070410101C1030000DE
S214038320344201010000000E4842010158AA1EC053
S2140383307842010100000000388001011149100055
S2140383409C8003010000000070780300FFC0020059
S214038350A8800111F0010000A88001310542CB017D
S214038360AC800111F0010000AC800131050A0D005C
S214038370E40001026C2C511154010102C43F0000B9
S214038380FFFFFFFFFC4F010340880300104001007E
S214038390014100003C40010000000000484001008D
S2140383A0A007040050400100000000005C400100EC
S2140383B00000000004410100FF4C000020400301C0
S2140383C0000000861FC00100006000003840010165
S2140383D00000004058400401C804FF0040080000A5
S2140383E0010000009200040080400F018C000C0284
S2140383F000000000B603220000000000000000009A
S2140384000002050E1C2F435362696861554332040C
S21403841016100E0E0D0C0A080706050403030202C7
S2140384200201010101010100EC40010190E82B8CDF
S214038430FC40030190200A00055B58804737414AF9
S2140384400C410301F56252002A194929893B404031
S21403845028410101FFDD000038410701E853FA0017
S2140384600000000000000000000000000000000004
S214038470000000000000000070410101C10300007D
S214038480344201010000000E4842010158AA1EC0F2
S21403849078420101000000003880010155251000D4
S2140384A09C8003010000000070780300D0000000E9
S2140384B0A8800111F0010000A88001310542CB011C
S2140384C0AC800111F0010000AC800131053EFD00D7
S2140384D0E40001026E2C511354010102C43F020052
S2140384E0FFFFFFFF0C400100018101002040020056
S2140384F00000000001000000304003000000000000
S21403850000000000000000004040020000000000E1
S214038510004000006040010001010000A840010087
S21403852007000000BC40040000000000000000003C
S214038530000000000000000008410300FF4C00009C
S214038540FF4D0000FF4D000020C0011000F807009B
S21403855020C00130F502080024C008000013000004
S214038560EC80B38343754051A00F004830400000B1
S21403857000000000000000002E02000050C00400AF
S214038580511130040E2D09E654060708D1B6020031
S21403859064C00A000430001C403018090D647920BA
S2140385A0EBFCFB017FF6E803BD4B721511A3180520
S2140385B010325476980A00000000000008000101FB
S2140385C00807000018000101AAAAAA00200001015A
S2140385D00060DA001C400101100000002C4003017B
S2140385E00080000000000003000000006840020155
S2140385F02941767100000000BC4002010000000023
S21403860000000000E040020133000000000000000C
S214038610F4400201640483078813C83A2441010125
S21403862000000000304102016406660C0C010000E5
S21403863054410101010100006841020164048307FB
S2140386408813820030420101000000003842020114
S214038650000000000000000044420101000000008A
S214038660544209010000000000003C000000000026
S2140386700000000055555555170000000000000087
S21403868000000000AAAA06007C42020100000000C7
S2140386900000000010800101030000003C8001017F
S2140386A001000000B0800201000300023700000151
S2140386B098000202000C00044C000000A400010213
S2140386C000040000D0000202050040AA8801000052
S2140386D0F4000202000000003D210811FC00011214
S2140386E03F000000FC000132005404003001010288
S2140386F0600051026801010200040000FFFFFFFF53
S2140387001000000000008000000000002489030021
S214038710E888030000000000802596000048E80172
S21403872040420F000108F500114950020000000006
S2140387309288030000000000000000000000000014
S2140387403D420F0000000000000000000000000093
S21403875010000000000080000000000024890300D1
S214038760F488030000000000802596000048E80116
S21403877040420F000102F5001149500200000000BC
S21403878092880300000000000000000000000000C4
S2140387903D420F0000000000000000000000000043
S2140387A01000000000008000000000002489030081
S2140387B00089030000000000802596000048E801B9
S2140387C040420F000108F500114950020000000066
S2140387D09288030000000000000000000000000074
S2140387E03D420F00000000000000000000000000F3
S2140387F01000000000008000000000002489030031
S2140388000C89030000000000004786000048E801CA
S21403881080841E000101F50011495002000000008B
S2140388209288030000000000000000000000000023
S21403883054841E000000000000000000000000003A
S21403884010000000000080000000000024890300E0
S2140388501889030000000000841743000024F40076
S21403886040420F000101F5005525500300000000AB
S21403887092880300000000000000000000000000D3
S21403888038420F0000000000000000000000000057
S21403889003000200000000F049020614000000E096
S2140388A0930405380000A0080000000058090104DE
S2140388B00706100A01040707C80A00040807800B06
S2140388C000040808380C00040908610800000000CA
S2140388D0680800000000C709010404032C0B010408
S2140388E00404920C0104050450C30000E62D0000A6
S2140388F0D0070000E5BF000010270000C2010000FB
S214038900F5DA0200102700002C01000050C3000017
S21403891050140000FA00000050C30000FC210000C1
S214038920B3010000193F010604100100000101060F
S21403893000102700000C0000000000000000232D9C
S214038940302B2000686C4C00656667454647003050
S214038950313233343536373839414243444546009D
S214038960303132333435363738396162636465669D
S2140389700062675F6D657373616765207265636523
S21403898069766572730062676275660061636C0080
S2140389906C6C5F636F6E6E656374696F6E006C6C90
S2140389A05F6164765F736574006761705F636F6EA3
S2140389B074657874006C6C5F76616C696461746F5F
S2140389C072006D6573685F70726F765F64620062D3
S2140389D0675F6D65737361676500736F66745F7455
S2140389E0696D65725F6D65737361676500666F7544
S2140389F06E646174696F6E5F636D64006C6C5F6157
S214038A0064765F73796E63006C6C5F7363616E5F2D
S214038A1073796E63006761705F706572696F64690E
S214038A20635F616476006761705F706572696F6427
S214038A3069635F73796E63006C326361705F636F43
S214038A40635F6368616E6E656C006D6573685F7007
S214038A50726F765F64625F6170706B6579006D62DA
S214038A606564746C735F636F6E746578740000007E
S214038A70868903008C890300908903009E8903007E
S214038A80A9890300B5890300C2890300CF890300BF
S214038A90DA890300ED890300FC890300088A0300D2
S214038AA0158A0300268A0300388A03004A8A0300CD
S214038AB05E8A030062676275665F696E006267625C
S214038AC075665F6F75740062676275665F6E6F6664
S214038AD06C6F770062675F6D616C6C6F630000009C
S20C038AE01898FD7F0100000059
S210038AE8F48A0300C00A00200D01000001
S214038AF434120020F2000000352D0100604103000B
S214038B0478410300E8030000C0EA2101C0EA21011A
S214038B140080000000F04902382B0020F00A0020F1
S214038B240040070000A0000024160020C800000030
S214038B34FE000000000000006C420300F80E002054
S214038B449D2F03002000000000000000000000002A
S214038B54000000000000000000000000F1F0010027
S214038B64000000000000000000000000C9D9010056
S214038B74000000000000000000000000C5DB010048
S214038B8400000000000000000000000065EA010089
S214038B940000000000000000000000009B05030026
S214038BA40000000045ED0100000000000000000086
S214038BB400000000F5EC01000000000000000000C7
S214038BC40000000041EE0100000000000000000069
S214038BD44DF701000000000000FFFFFFFF00000048
S214038BE4FFFFFFFFB72403007C480300FFFFFFFFDC
S214038BF488480300AD280300A9280300FFFFFFFFEE
S214038C04B9280300FFFFFFFF6B2C0300C12C0300EE
S214038C14FFFFFFFFFFFFFFFFFFFFFFFFFFFFFFFF58
S214038C2423270000FFFFFFFF00000000000C0020C6
S214038C34000000001C28002084280020EC280020C4
S214038C440000000000000000000000000000000018
S214038C540000000000000000000000000000000008
S214038C6400000000000000000000000000000000F8
S214038C7400000000000000000000000000000000E8
S214038C84030000001C28002020000400000000004D
S214038C9400000200100000000000000000000000B6
S214038CA400000000000000000A00010000000000AD
S214038CB40A000E000000426C696E6B7920457861E9
S214038CC46D706C65020008000000303030303030C0
S214038CD4303002000300000030303000020005008C
S214038CE40000302E302E3000020008000000000082
S214038CF40000000000000A0001000000000012004B
S214038D040100000000000000000002070200FFFF4D
S214038D14FFFF0400080702001700FFFF0E00000011
S214038D240000FF0004011F04010101BF8FAF7F870A
S214038D3400370F10100004040F05140A0301FF0E76
S214038D44FF0F7F0082B030BF074BD3F8F030DB074A
S214038D5404D500230193019B052B01DD02B0704764
S214038D64019B0133F6E700BF00ED00E0F0B5114ABE
S214038D74114C124E00F00105E3695F0713D40DB9D5
S214038D84334213D103EA00078F4207D10B4A1A4032
S214038D94002A0CBF00206FF00100F0BD013AEBD1AE
S214038DA46FF00200F9E74FF0FF30F6E76FF00100CB
S214038DB4F3E700BF8096980000000350020001000A
S214038DC40B4B70B5D96911F480310DD101244FF4DE
S214038DD48072084E084DF46020462C641A61FFF72F
S214038DE4C5FF3464EC6070BD6FF00100FBE700BFA1
S214038DF40000035000100350002003504FF40032C9
S214038E0438B50F4B0F4C9A6641F671330122E56968
S214038E14E3630D4B0021DA600223606121202361A2
S214038E2405F48035FFF7A2FF10B92120FFF79EFF54
S214038E340122064BDA600DB10023E36338BD00BF9D
S214038E44009000500000035000100350002003500D
S214038E5470B5134C6061E3695B071ED40E4656F87F
S214038E64043B8D18A361AE420BD1042300212120B9
S214038E742361FFF77BFF58B9BDE870402120FFF755
S214038E8475BF08210846FFF771FF10B10423236159
S214038E9470BD56F8043BA361E5E74FF0FF30F7E7F0
S214038EA4000003502DE9F84315464FF40032184BDF
S214038EB489469A6641F6713203F51C33DF69DA6331
S214038EC40122064603F58053DFF84C8007F4803707
S214038ED4DA6055B9284601220E4BDA601FB1002228
S214038EE4A3F50053DA63BDE8F88306F5005404EAF1
S214038EF40804A41BAC4228BF2C46494622463046E7
S214038F04FFF7A6FF0028E6D12644A1442D1BE0E77D
S214038F14009000500020035000E0FFFFD52201001C
S208038F24AD22010071
S80401335D6A
